ISO-10303-21;
HEADER;
FILE_DESCRIPTION(('KiCad electronic assembly'),'2;1');
FILE_NAME('Optical_Tracetry_Sensor.step','2026-09-27T14:20:54',('Pcbnew'
    ),('Kicad'),'Open CASCADE STEP processor 7.6',
  'KiCad to STEP converter','Unknown');
FILE_SCHEMA(('AUTOMOTIVE_DESIGN { 1 0 10303 214 1 1 1 1 }'));
ENDSEC;
DATA;
#1 = APPLICATION_PROTOCOL_DEFINITION('international standard',
  'automotive_design',2000,#2);
#2 = APPLICATION_CONTEXT(
  'core data for automotive mechanical design processes');
#3 = SHAPE_DEFINITION_REPRESENTATION(#4,#10);
#4 = PRODUCT_DEFINITION_SHAPE('','',#5);
#5 = PRODUCT_DEFINITION('design','',#6,#9);
#6 = PRODUCT_DEFINITION_FORMATION('','',#7);
#7 = PRODUCT('Optical_Tracetry_Sensor 1','Optical_Tracetry_Sensor 1','',
  (#8));
#8 = PRODUCT_CONTEXT('',#2,'mechanical');
#9 = PRODUCT_DEFINITION_CONTEXT('part definition',#2,'design');
#10 = SHAPE_REPRESENTATION('',(#11,#15,#19,#23,#27,#31,#35,#39,#43,#47,
    #51,#55,#59,#63,#67,#71,#75,#79,#83,#87,#91,#95,#99,#103,#107,#111,
    #115,#119,#123,#127,#131,#135),#139);
#11 = AXIS2_PLACEMENT_3D('',#12,#13,#14);
#12 = CARTESIAN_POINT('',(0.,0.,0.));
#13 = DIRECTION('',(0.,0.,1.));
#14 = DIRECTION('',(1.,0.,-0.));
#15 = AXIS2_PLACEMENT_3D('',#16,#17,#18);
#16 = CARTESIAN_POINT('',(4.4461,10.7914,1.595));
#17 = DIRECTION('',(0.,0.,1.));
#18 = DIRECTION('',(-1.,1.224646799147E-16,0.));
#19 = AXIS2_PLACEMENT_3D('',#20,#21,#22);
#20 = CARTESIAN_POINT('',(-5.5869,-5.4646,1.595));
#21 = DIRECTION('',(0.,0.,1.));
#22 = DIRECTION('',(1.,0.,0.));
#23 = AXIS2_PLACEMENT_3D('',#24,#25,#26);
#24 = CARTESIAN_POINT('',(7.2401,5.7114,1.595));
#25 = DIRECTION('',(0.,0.,1.));
#26 = DIRECTION('',(1.,0.,0.));
#27 = AXIS2_PLACEMENT_3D('',#28,#29,#30);
#28 = CARTESIAN_POINT('',(1.1E-03,-3.6E-03,1.595));
#29 = DIRECTION('',(-0.,0.,1.));
#30 = DIRECTION('',(1.110223024625E-16,-1.,0.));
#31 = AXIS2_PLACEMENT_3D('',#32,#33,#34);
#32 = CARTESIAN_POINT('',(1.1E-03,-2.5436,1.595));
#33 = DIRECTION('',(0.,0.,1.));
#34 = DIRECTION('',(1.,0.,0.));
#35 = AXIS2_PLACEMENT_3D('',#36,#37,#38);
#36 = CARTESIAN_POINT('',(-5.8409,1.1394,1.595));
#37 = DIRECTION('',(0.,-0.,1.));
#38 = DIRECTION('',(1.110223024625E-16,1.,0.));
#39 = AXIS2_PLACEMENT_3D('',#40,#41,#42);
#40 = CARTESIAN_POINT('',(-2.6,-4.5756,1.595));
#41 = DIRECTION('',(0.,-0.,1.));
#42 = DIRECTION('',(1.144237745222E-17,1.,0.));
#43 = AXIS2_PLACEMENT_3D('',#44,#45,#46);
#44 = CARTESIAN_POINT('',(-5.8409,3.8064,1.595));
#45 = DIRECTION('',(0.,0.,1.));
#46 = DIRECTION('',(1.,0.,0.));
#47 = AXIS2_PLACEMENT_3D('',#48,#49,#50);
#48 = CARTESIAN_POINT('',(-2.6659,2.0284,1.595));
#49 = DIRECTION('',(-0.,0.,1.));
#50 = DIRECTION('',(1.110223024625E-16,-1.,0.));
#51 = AXIS2_PLACEMENT_3D('',#52,#53,#54);
#52 = CARTESIAN_POINT('',(-3.3009,5.3304,1.595));
#53 = DIRECTION('',(-0.,0.,1.));
#54 = DIRECTION('',(1.110223024625E-16,-1.,0.));
#55 = AXIS2_PLACEMENT_3D('',#56,#57,#58);
#56 = CARTESIAN_POINT('',(-4.4439,10.7914,1.595));
#57 = DIRECTION('',(0.,0.,1.));
#58 = DIRECTION('',(-1.,1.224646799147E-16,0.));
#59 = AXIS2_PLACEMENT_3D('',#60,#61,#62);
#60 = CARTESIAN_POINT('',(1.1E-03,5.0764,1.595));
#61 = DIRECTION('',(0.,0.,1.));
#62 = DIRECTION('',(1.,0.,0.));
#63 = AXIS2_PLACEMENT_3D('',#64,#65,#66);
#64 = CARTESIAN_POINT('',(-10.1589,5.7114,1.595));
#65 = DIRECTION('',(0.,0.,1.));
#66 = DIRECTION('',(1.,0.,0.));
#67 = AXIS2_PLACEMENT_3D('',#68,#69,#70);
#68 = CARTESIAN_POINT('',(-5.8409,5.8,1.595));
#69 = DIRECTION('',(0.,0.,1.));
#70 = DIRECTION('',(1.,0.,0.));
#71 = AXIS2_PLACEMENT_3D('',#72,#73,#74);
#72 = CARTESIAN_POINT('',(1.1E-03,-4.0676,1.595));
#73 = DIRECTION('',(0.,0.,1.));
#74 = DIRECTION('',(-1.,1.224646799147E-16,0.));
#75 = AXIS2_PLACEMENT_3D('',#76,#77,#78);
#76 = CARTESIAN_POINT('',(-2.6659,-1.2736,1.595));
#77 = DIRECTION('',(-0.,0.,1.));
#78 = DIRECTION('',(1.110223024625E-16,-1.,0.));
#79 = AXIS2_PLACEMENT_3D('',#80,#81,#82);
#80 = CARTESIAN_POINT('',(-5.0789,-2.6,1.595));
#81 = DIRECTION('',(0.,-0.,1.));
#82 = DIRECTION('',(1.110223024625E-16,1.,0.));
#83 = AXIS2_PLACEMENT_3D('',#84,#85,#86);
#84 = CARTESIAN_POINT('',(8.2561,5.2034,-8.5E-02));
#85 = DIRECTION('',(0.,-1.224646799147E-16,-1.));
#86 = DIRECTION('',(1.,0.,0.));
#87 = AXIS2_PLACEMENT_3D('',#88,#89,#90);
#88 = CARTESIAN_POINT('',(-6.4,-6.9,-8.5E-02));
#89 = DIRECTION('',(1.499759782662E-32,1.224646799147E-16,-1.));
#90 = DIRECTION('',(-1.,1.224646799147E-16,0.));
#91 = AXIS2_PLACEMENT_3D('',#92,#93,#94);
#92 = CARTESIAN_POINT('',(-6.3489,-2.2896,-8.5E-02));
#93 = DIRECTION('',(1.499759782662E-32,1.224646799147E-16,-1.));
#94 = DIRECTION('',(-1.,1.224646799147E-16,0.));
#95 = AXIS2_PLACEMENT_3D('',#96,#97,#98);
#96 = CARTESIAN_POINT('',(-6.3489,0.7584,-8.5E-02));
#97 = DIRECTION('',(1.499759782662E-32,1.224646799147E-16,-1.));
#98 = DIRECTION('',(-1.,1.224646799147E-16,0.));
#99 = AXIS2_PLACEMENT_3D('',#100,#101,#102);
#100 = CARTESIAN_POINT('',(-10.1589,5.7114,-8.5E-02));
#101 = DIRECTION('',(0.,-1.224646799147E-16,-1.));
#102 = DIRECTION('',(1.,0.,0.));
#103 = AXIS2_PLACEMENT_3D('',#104,#105,#106);
#104 = CARTESIAN_POINT('',(8.2561,2.1554,-8.5E-02));
#105 = DIRECTION('',(1.499759782662E-32,1.224646799147E-16,-1.));
#106 = DIRECTION('',(-1.,1.224646799147E-16,0.));
#107 = AXIS2_PLACEMENT_3D('',#108,#109,#110);
#108 = CARTESIAN_POINT('',(-6.3489,-3.8136,-8.5E-02));
#109 = DIRECTION('',(1.499759782662E-32,1.224646799147E-16,-1.));
#110 = DIRECTION('',(-1.,1.224646799147E-16,0.));
#111 = AXIS2_PLACEMENT_3D('',#112,#113,#114);
#112 = CARTESIAN_POINT('',(8.2561,0.6314,-8.5E-02));
#113 = DIRECTION('',(1.499759782662E-32,1.224646799147E-16,-1.));
#114 = DIRECTION('',(-1.,1.224646799147E-16,0.));
#115 = AXIS2_PLACEMENT_3D('',#116,#117,#118);
#116 = CARTESIAN_POINT('',(8.2561,3.6794,-8.5E-02));
#117 = DIRECTION('',(0.,-1.224646799147E-16,-1.));
#118 = DIRECTION('',(1.,0.,0.));
#119 = AXIS2_PLACEMENT_3D('',#120,#121,#122);
#120 = CARTESIAN_POINT('',(1.1E-03,4.4414,-8.5E-02));
#121 = DIRECTION('',(1.499759782662E-32,1.224646799147E-16,-1.));
#122 = DIRECTION('',(-1.,1.224646799147E-16,0.));
#123 = AXIS2_PLACEMENT_3D('',#124,#125,#126);
#124 = CARTESIAN_POINT('',(-6.3489,3.8064,-8.5E-02));
#125 = DIRECTION('',(1.499759782662E-32,1.224646799147E-16,-1.));
#126 = DIRECTION('',(-1.,1.224646799147E-16,0.));
#127 = AXIS2_PLACEMENT_3D('',#128,#129,#130);
#128 = CARTESIAN_POINT('',(-6.3489,-0.7656,-8.5E-02));
#129 = DIRECTION('',(1.499759782662E-32,1.224646799147E-16,-1.));
#130 = DIRECTION('',(-1.,1.224646799147E-16,0.));
#131 = AXIS2_PLACEMENT_3D('',#132,#133,#134);
#132 = CARTESIAN_POINT('',(-6.3489,2.2824,-8.5E-02));
#133 = DIRECTION('',(1.499759782662E-32,1.224646799147E-16,-1.));
#134 = DIRECTION('',(-1.,1.224646799147E-16,0.));
#135 = AXIS2_PLACEMENT_3D('',#136,#137,#138);
#136 = CARTESIAN_POINT('',(0.,0.,0.));
#137 = DIRECTION('',(0.,0.,1.));
#138 = DIRECTION('',(1.,0.,-0.));
#139 = ( GEOMETRIC_REPRESENTATION_CONTEXT(3) 
GLOBAL_UNCERTAINTY_ASSIGNED_CONTEXT((#143)) GLOBAL_UNIT_ASSIGNED_CONTEXT
((#140,#141,#142)) REPRESENTATION_CONTEXT('Context #1',
  '3D Context with UNIT and UNCERTAINTY') );
#140 = ( LENGTH_UNIT() NAMED_UNIT(*) SI_UNIT(.MILLI.,.METRE.) );
#141 = ( NAMED_UNIT(*) PLANE_ANGLE_UNIT() SI_UNIT($,.RADIAN.) );
#142 = ( NAMED_UNIT(*) SI_UNIT($,.STERADIAN.) SOLID_ANGLE_UNIT() );
#143 = UNCERTAINTY_MEASURE_WITH_UNIT(LENGTH_MEASURE(2.E-07),#140,
  'distance_accuracy_value','confusion accuracy');
#144 = PRODUCT_RELATED_PRODUCT_CATEGORY('part',$,(#7));
#145 = SHAPE_DEFINITION_REPRESENTATION(#146,#152);
#146 = PRODUCT_DEFINITION_SHAPE('','',#147);
#147 = PRODUCT_DEFINITION('design','',#148,#151);
#148 = PRODUCT_DEFINITION_FORMATION('','',#149);
#149 = PRODUCT('R_0603_1608Metric','R_0603_1608Metric','',(#150));
#150 = PRODUCT_CONTEXT('',#2,'mechanical');
#151 = PRODUCT_DEFINITION_CONTEXT('part definition',#2,'design');
#152 = ADVANCED_BREP_SHAPE_REPRESENTATION('',(#11,#153),#943);
#153 = MANIFOLD_SOLID_BREP('',#154);
#154 = CLOSED_SHELL('',(#155,#195,#278,#303,#328,#395,#412,#429,#478,
    #495,#512,#561,#578,#647,#678,#702,#771,#795,#812,#829,#846,#863,
    #880,#897,#914,#931));
#155 = ADVANCED_FACE('',(#156),#190,.F.);
#156 = FACE_BOUND('',#157,.F.);
#157 = EDGE_LOOP('',(#158,#168,#176,#184));
#158 = ORIENTED_EDGE('',*,*,#159,.F.);
#159 = EDGE_CURVE('',#160,#162,#164,.T.);
#160 = VERTEX_POINT('',#161);
#161 = CARTESIAN_POINT('',(-0.8,-0.4,4.5E-02));
#162 = VERTEX_POINT('',#163);
#163 = CARTESIAN_POINT('',(-0.8,-0.4,0.405));
#164 = LINE('',#165,#166);
#165 = CARTESIAN_POINT('',(-0.8,-0.4,0.));
#166 = VECTOR('',#167,1.);
#167 = DIRECTION('',(0.,0.,1.));
#168 = ORIENTED_EDGE('',*,*,#169,.T.);
#169 = EDGE_CURVE('',#160,#170,#172,.T.);
#170 = VERTEX_POINT('',#171);
#171 = CARTESIAN_POINT('',(-0.8,0.4,4.5E-02));
#172 = LINE('',#173,#174);
#173 = CARTESIAN_POINT('',(-0.8,-0.4,4.5E-02));
#174 = VECTOR('',#175,1.);
#175 = DIRECTION('',(0.,1.,0.));
#176 = ORIENTED_EDGE('',*,*,#177,.T.);
#177 = EDGE_CURVE('',#170,#178,#180,.T.);
#178 = VERTEX_POINT('',#179);
#179 = CARTESIAN_POINT('',(-0.8,0.4,0.405));
#180 = LINE('',#181,#182);
#181 = CARTESIAN_POINT('',(-0.8,0.4,0.));
#182 = VECTOR('',#183,1.);
#183 = DIRECTION('',(0.,0.,1.));
#184 = ORIENTED_EDGE('',*,*,#185,.F.);
#185 = EDGE_CURVE('',#162,#178,#186,.T.);
#186 = LINE('',#187,#188);
#187 = CARTESIAN_POINT('',(-0.8,-0.4,0.405));
#188 = VECTOR('',#189,1.);
#189 = DIRECTION('',(0.,1.,0.));
#190 = PLANE('',#191);
#191 = AXIS2_PLACEMENT_3D('',#192,#193,#194);
#192 = CARTESIAN_POINT('',(-0.8,-0.4,0.));
#193 = DIRECTION('',(1.,0.,0.));
#194 = DIRECTION('',(0.,0.,1.));
#195 = ADVANCED_FACE('',(#196),#273,.F.);
#196 = FACE_BOUND('',#197,.F.);
#197 = EDGE_LOOP('',(#198,#208,#215,#216,#225,#233,#242,#250,#258,#266)
  );
#198 = ORIENTED_EDGE('',*,*,#199,.F.);
#199 = EDGE_CURVE('',#200,#202,#204,.T.);
#200 = VERTEX_POINT('',#201);
#201 = CARTESIAN_POINT('',(-0.755,-0.4,-2.775557561563E-17));
#202 = VERTEX_POINT('',#203);
#203 = CARTESIAN_POINT('',(-0.545,-0.4,-2.775557561563E-17));
#204 = LINE('',#205,#206);
#205 = CARTESIAN_POINT('',(-0.8,-0.4,0.));
#206 = VECTOR('',#207,1.);
#207 = DIRECTION('',(1.,0.,0.));
#208 = ORIENTED_EDGE('',*,*,#209,.F.);
#209 = EDGE_CURVE('',#160,#200,#210,.T.);
#210 = CIRCLE('',#211,4.5E-02);
#211 = AXIS2_PLACEMENT_3D('',#212,#213,#214);
#212 = CARTESIAN_POINT('',(-0.755,-0.4,4.5E-02));
#213 = DIRECTION('',(0.,-1.,0.));
#214 = DIRECTION('',(0.,0.,1.));
#215 = ORIENTED_EDGE('',*,*,#159,.T.);
#216 = ORIENTED_EDGE('',*,*,#217,.T.);
#217 = EDGE_CURVE('',#162,#218,#220,.T.);
#218 = VERTEX_POINT('',#219);
#219 = CARTESIAN_POINT('',(-0.755,-0.4,0.45));
#220 = CIRCLE('',#221,4.5E-02);
#221 = AXIS2_PLACEMENT_3D('',#222,#223,#224);
#222 = CARTESIAN_POINT('',(-0.755,-0.4,0.405));
#223 = DIRECTION('',(0.,1.,0.));
#224 = DIRECTION('',(0.,-0.,1.));
#225 = ORIENTED_EDGE('',*,*,#226,.T.);
#226 = EDGE_CURVE('',#218,#227,#229,.T.);
#227 = VERTEX_POINT('',#228);
#228 = CARTESIAN_POINT('',(-0.545,-0.4,0.45));
#229 = LINE('',#230,#231);
#230 = CARTESIAN_POINT('',(-0.8,-0.4,0.45));
#231 = VECTOR('',#232,1.);
#232 = DIRECTION('',(1.,0.,0.));
#233 = ORIENTED_EDGE('',*,*,#234,.F.);
#234 = EDGE_CURVE('',#235,#227,#237,.T.);
#235 = VERTEX_POINT('',#236);
#236 = CARTESIAN_POINT('',(-0.5,-0.4,0.405));
#237 = CIRCLE('',#238,4.5E-02);
#238 = AXIS2_PLACEMENT_3D('',#239,#240,#241);
#239 = CARTESIAN_POINT('',(-0.545,-0.4,0.405));
#240 = DIRECTION('',(0.,-1.,0.));
#241 = DIRECTION('',(0.,0.,1.));
#242 = ORIENTED_EDGE('',*,*,#243,.F.);
#243 = EDGE_CURVE('',#244,#235,#246,.T.);
#244 = VERTEX_POINT('',#245);
#245 = CARTESIAN_POINT('',(-0.755,-0.4,0.405));
#246 = LINE('',#247,#248);
#247 = CARTESIAN_POINT('',(-0.755,-0.4,0.405));
#248 = VECTOR('',#249,1.);
#249 = DIRECTION('',(1.,0.,0.));
#250 = ORIENTED_EDGE('',*,*,#251,.F.);
#251 = EDGE_CURVE('',#252,#244,#254,.T.);
#252 = VERTEX_POINT('',#253);
#253 = CARTESIAN_POINT('',(-0.755,-0.4,4.5E-02));
#254 = LINE('',#255,#256);
#255 = CARTESIAN_POINT('',(-0.755,-0.4,4.5E-02));
#256 = VECTOR('',#257,1.);
#257 = DIRECTION('',(0.,0.,1.));
#258 = ORIENTED_EDGE('',*,*,#259,.T.);
#259 = EDGE_CURVE('',#252,#260,#262,.T.);
#260 = VERTEX_POINT('',#261);
#261 = CARTESIAN_POINT('',(-0.5,-0.4,4.5E-02));
#262 = LINE('',#263,#264);
#263 = CARTESIAN_POINT('',(-0.755,-0.4,4.5E-02));
#264 = VECTOR('',#265,1.);
#265 = DIRECTION('',(1.,0.,0.));
#266 = ORIENTED_EDGE('',*,*,#267,.T.);
#267 = EDGE_CURVE('',#260,#202,#268,.T.);
#268 = CIRCLE('',#269,4.5E-02);
#269 = AXIS2_PLACEMENT_3D('',#270,#271,#272);
#270 = CARTESIAN_POINT('',(-0.545,-0.4,4.5E-02));
#271 = DIRECTION('',(0.,1.,0.));
#272 = DIRECTION('',(0.,-0.,1.));
#273 = PLANE('',#274);
#274 = AXIS2_PLACEMENT_3D('',#275,#276,#277);
#275 = CARTESIAN_POINT('',(-0.8,-0.4,0.));
#276 = DIRECTION('',(0.,1.,0.));
#277 = DIRECTION('',(0.,-0.,1.));
#278 = ADVANCED_FACE('',(#279),#298,.T.);
#279 = FACE_BOUND('',#280,.T.);
#280 = EDGE_LOOP('',(#281,#282,#291,#297));
#281 = ORIENTED_EDGE('',*,*,#169,.T.);
#282 = ORIENTED_EDGE('',*,*,#283,.T.);
#283 = EDGE_CURVE('',#170,#284,#286,.T.);
#284 = VERTEX_POINT('',#285);
#285 = CARTESIAN_POINT('',(-0.755,0.4,-2.775557561563E-17));
#286 = CIRCLE('',#287,4.5E-02);
#287 = AXIS2_PLACEMENT_3D('',#288,#289,#290);
#288 = CARTESIAN_POINT('',(-0.755,0.4,4.5E-02));
#289 = DIRECTION('',(0.,-1.,0.));
#290 = DIRECTION('',(0.,0.,1.));
#291 = ORIENTED_EDGE('',*,*,#292,.F.);
#292 = EDGE_CURVE('',#200,#284,#293,.T.);
#293 = LINE('',#294,#295);
#294 = CARTESIAN_POINT('',(-0.755,-0.4,-2.775557561563E-17));
#295 = VECTOR('',#296,1.);
#296 = DIRECTION('',(0.,1.,0.));
#297 = ORIENTED_EDGE('',*,*,#209,.F.);
#298 = CYLINDRICAL_SURFACE('',#299,4.5E-02);
#299 = AXIS2_PLACEMENT_3D('',#300,#301,#302);
#300 = CARTESIAN_POINT('',(-0.755,-0.4,4.5E-02));
#301 = DIRECTION('',(0.,1.,0.));
#302 = DIRECTION('',(-1.,0.,0.));
#303 = ADVANCED_FACE('',(#304),#323,.T.);
#304 = FACE_BOUND('',#305,.T.);
#305 = EDGE_LOOP('',(#306,#307,#315,#322));
#306 = ORIENTED_EDGE('',*,*,#217,.T.);
#307 = ORIENTED_EDGE('',*,*,#308,.T.);
#308 = EDGE_CURVE('',#218,#309,#311,.T.);
#309 = VERTEX_POINT('',#310);
#310 = CARTESIAN_POINT('',(-0.755,0.4,0.45));
#311 = LINE('',#312,#313);
#312 = CARTESIAN_POINT('',(-0.755,-0.4,0.45));
#313 = VECTOR('',#314,1.);
#314 = DIRECTION('',(0.,1.,0.));
#315 = ORIENTED_EDGE('',*,*,#316,.F.);
#316 = EDGE_CURVE('',#178,#309,#317,.T.);
#317 = CIRCLE('',#318,4.5E-02);
#318 = AXIS2_PLACEMENT_3D('',#319,#320,#321);
#319 = CARTESIAN_POINT('',(-0.755,0.4,0.405));
#320 = DIRECTION('',(0.,1.,0.));
#321 = DIRECTION('',(0.,-0.,1.));
#322 = ORIENTED_EDGE('',*,*,#185,.F.);
#323 = CYLINDRICAL_SURFACE('',#324,4.5E-02);
#324 = AXIS2_PLACEMENT_3D('',#325,#326,#327);
#325 = CARTESIAN_POINT('',(-0.755,-0.4,0.405));
#326 = DIRECTION('',(0.,1.,0.));
#327 = DIRECTION('',(-1.,0.,0.));
#328 = ADVANCED_FACE('',(#329),#390,.T.);
#329 = FACE_BOUND('',#330,.T.);
#330 = EDGE_LOOP('',(#331,#339,#340,#341,#342,#350,#359,#367,#375,#383)
  );
#331 = ORIENTED_EDGE('',*,*,#332,.F.);
#332 = EDGE_CURVE('',#284,#333,#335,.T.);
#333 = VERTEX_POINT('',#334);
#334 = CARTESIAN_POINT('',(-0.545,0.4,-2.775557561563E-17));
#335 = LINE('',#336,#337);
#336 = CARTESIAN_POINT('',(-0.8,0.4,0.));
#337 = VECTOR('',#338,1.);
#338 = DIRECTION('',(1.,0.,0.));
#339 = ORIENTED_EDGE('',*,*,#283,.F.);
#340 = ORIENTED_EDGE('',*,*,#177,.T.);
#341 = ORIENTED_EDGE('',*,*,#316,.T.);
#342 = ORIENTED_EDGE('',*,*,#343,.T.);
#343 = EDGE_CURVE('',#309,#344,#346,.T.);
#344 = VERTEX_POINT('',#345);
#345 = CARTESIAN_POINT('',(-0.545,0.4,0.45));
#346 = LINE('',#347,#348);
#347 = CARTESIAN_POINT('',(-0.8,0.4,0.45));
#348 = VECTOR('',#349,1.);
#349 = DIRECTION('',(1.,0.,0.));
#350 = ORIENTED_EDGE('',*,*,#351,.F.);
#351 = EDGE_CURVE('',#352,#344,#354,.T.);
#352 = VERTEX_POINT('',#353);
#353 = CARTESIAN_POINT('',(-0.5,0.4,0.405));
#354 = CIRCLE('',#355,4.5E-02);
#355 = AXIS2_PLACEMENT_3D('',#356,#357,#358);
#356 = CARTESIAN_POINT('',(-0.545,0.4,0.405));
#357 = DIRECTION('',(0.,-1.,0.));
#358 = DIRECTION('',(0.,0.,1.));
#359 = ORIENTED_EDGE('',*,*,#360,.F.);
#360 = EDGE_CURVE('',#361,#352,#363,.T.);
#361 = VERTEX_POINT('',#362);
#362 = CARTESIAN_POINT('',(-0.755,0.4,0.405));
#363 = LINE('',#364,#365);
#364 = CARTESIAN_POINT('',(-0.755,0.4,0.405));
#365 = VECTOR('',#366,1.);
#366 = DIRECTION('',(1.,0.,0.));
#367 = ORIENTED_EDGE('',*,*,#368,.F.);
#368 = EDGE_CURVE('',#369,#361,#371,.T.);
#369 = VERTEX_POINT('',#370);
#370 = CARTESIAN_POINT('',(-0.755,0.4,4.5E-02));
#371 = LINE('',#372,#373);
#372 = CARTESIAN_POINT('',(-0.755,0.4,4.5E-02));
#373 = VECTOR('',#374,1.);
#374 = DIRECTION('',(0.,0.,1.));
#375 = ORIENTED_EDGE('',*,*,#376,.T.);
#376 = EDGE_CURVE('',#369,#377,#379,.T.);
#377 = VERTEX_POINT('',#378);
#378 = CARTESIAN_POINT('',(-0.5,0.4,4.5E-02));
#379 = LINE('',#380,#381);
#380 = CARTESIAN_POINT('',(-0.755,0.4,4.5E-02));
#381 = VECTOR('',#382,1.);
#382 = DIRECTION('',(1.,0.,0.));
#383 = ORIENTED_EDGE('',*,*,#384,.T.);
#384 = EDGE_CURVE('',#377,#333,#385,.T.);
#385 = CIRCLE('',#386,4.5E-02);
#386 = AXIS2_PLACEMENT_3D('',#387,#388,#389);
#387 = CARTESIAN_POINT('',(-0.545,0.4,4.5E-02));
#388 = DIRECTION('',(0.,1.,0.));
#389 = DIRECTION('',(0.,-0.,1.));
#390 = PLANE('',#391);
#391 = AXIS2_PLACEMENT_3D('',#392,#393,#394);
#392 = CARTESIAN_POINT('',(-0.8,0.4,0.));
#393 = DIRECTION('',(0.,1.,0.));
#394 = DIRECTION('',(0.,-0.,1.));
#395 = ADVANCED_FACE('',(#396),#407,.F.);
#396 = FACE_BOUND('',#397,.F.);
#397 = EDGE_LOOP('',(#398,#399,#400,#401));
#398 = ORIENTED_EDGE('',*,*,#332,.F.);
#399 = ORIENTED_EDGE('',*,*,#292,.F.);
#400 = ORIENTED_EDGE('',*,*,#199,.T.);
#401 = ORIENTED_EDGE('',*,*,#402,.T.);
#402 = EDGE_CURVE('',#202,#333,#403,.T.);
#403 = LINE('',#404,#405);
#404 = CARTESIAN_POINT('',(-0.545,-0.4,-2.775557561563E-17));
#405 = VECTOR('',#406,1.);
#406 = DIRECTION('',(0.,1.,0.));
#407 = PLANE('',#408);
#408 = AXIS2_PLACEMENT_3D('',#409,#410,#411);
#409 = CARTESIAN_POINT('',(-0.8,-0.4,0.));
#410 = DIRECTION('',(0.,0.,1.));
#411 = DIRECTION('',(1.,0.,-0.));
#412 = ADVANCED_FACE('',(#413),#424,.T.);
#413 = FACE_BOUND('',#414,.T.);
#414 = EDGE_LOOP('',(#415,#416,#417,#418));
#415 = ORIENTED_EDGE('',*,*,#267,.T.);
#416 = ORIENTED_EDGE('',*,*,#402,.T.);
#417 = ORIENTED_EDGE('',*,*,#384,.F.);
#418 = ORIENTED_EDGE('',*,*,#419,.F.);
#419 = EDGE_CURVE('',#260,#377,#420,.T.);
#420 = LINE('',#421,#422);
#421 = CARTESIAN_POINT('',(-0.5,-0.4,4.5E-02));
#422 = VECTOR('',#423,1.);
#423 = DIRECTION('',(0.,1.,0.));
#424 = CYLINDRICAL_SURFACE('',#425,4.5E-02);
#425 = AXIS2_PLACEMENT_3D('',#426,#427,#428);
#426 = CARTESIAN_POINT('',(-0.545,-0.4,4.5E-02));
#427 = DIRECTION('',(0.,1.,0.));
#428 = DIRECTION('',(1.,0.,0.));
#429 = ADVANCED_FACE('',(#430),#473,.F.);
#430 = FACE_BOUND('',#431,.F.);
#431 = EDGE_LOOP('',(#432,#433,#434,#435,#443,#451,#459,#467));
#432 = ORIENTED_EDGE('',*,*,#259,.F.);
#433 = ORIENTED_EDGE('',*,*,#251,.T.);
#434 = ORIENTED_EDGE('',*,*,#243,.T.);
#435 = ORIENTED_EDGE('',*,*,#436,.T.);
#436 = EDGE_CURVE('',#235,#437,#439,.T.);
#437 = VERTEX_POINT('',#438);
#438 = CARTESIAN_POINT('',(0.5,-0.4,0.405));
#439 = LINE('',#440,#441);
#440 = CARTESIAN_POINT('',(-0.5,-0.4,0.405));
#441 = VECTOR('',#442,1.);
#442 = DIRECTION('',(1.,0.,0.));
#443 = ORIENTED_EDGE('',*,*,#444,.T.);
#444 = EDGE_CURVE('',#437,#445,#447,.T.);
#445 = VERTEX_POINT('',#446);
#446 = CARTESIAN_POINT('',(0.755,-0.4,0.405));
#447 = LINE('',#448,#449);
#448 = CARTESIAN_POINT('',(-0.755,-0.4,0.405));
#449 = VECTOR('',#450,1.);
#450 = DIRECTION('',(1.,0.,0.));
#451 = ORIENTED_EDGE('',*,*,#452,.F.);
#452 = EDGE_CURVE('',#453,#445,#455,.T.);
#453 = VERTEX_POINT('',#454);
#454 = CARTESIAN_POINT('',(0.755,-0.4,4.5E-02));
#455 = LINE('',#456,#457);
#456 = CARTESIAN_POINT('',(0.755,-0.4,4.5E-02));
#457 = VECTOR('',#458,1.);
#458 = DIRECTION('',(0.,0.,1.));
#459 = ORIENTED_EDGE('',*,*,#460,.F.);
#460 = EDGE_CURVE('',#461,#453,#463,.T.);
#461 = VERTEX_POINT('',#462);
#462 = CARTESIAN_POINT('',(0.5,-0.4,4.5E-02));
#463 = LINE('',#464,#465);
#464 = CARTESIAN_POINT('',(-0.755,-0.4,4.5E-02));
#465 = VECTOR('',#466,1.);
#466 = DIRECTION('',(1.,0.,0.));
#467 = ORIENTED_EDGE('',*,*,#468,.F.);
#468 = EDGE_CURVE('',#260,#461,#469,.T.);
#469 = LINE('',#470,#471);
#470 = CARTESIAN_POINT('',(-0.755,-0.4,4.5E-02));
#471 = VECTOR('',#472,1.);
#472 = DIRECTION('',(1.,0.,0.));
#473 = PLANE('',#474);
#474 = AXIS2_PLACEMENT_3D('',#475,#476,#477);
#475 = CARTESIAN_POINT('',(-0.755,-0.4,4.5E-02));
#476 = DIRECTION('',(0.,1.,0.));
#477 = DIRECTION('',(0.,-0.,1.));
#478 = ADVANCED_FACE('',(#479),#490,.T.);
#479 = FACE_BOUND('',#480,.T.);
#480 = EDGE_LOOP('',(#481,#482,#483,#484));
#481 = ORIENTED_EDGE('',*,*,#343,.F.);
#482 = ORIENTED_EDGE('',*,*,#308,.F.);
#483 = ORIENTED_EDGE('',*,*,#226,.T.);
#484 = ORIENTED_EDGE('',*,*,#485,.T.);
#485 = EDGE_CURVE('',#227,#344,#486,.T.);
#486 = LINE('',#487,#488);
#487 = CARTESIAN_POINT('',(-0.545,-0.4,0.45));
#488 = VECTOR('',#489,1.);
#489 = DIRECTION('',(0.,1.,0.));
#490 = PLANE('',#491);
#491 = AXIS2_PLACEMENT_3D('',#492,#493,#494);
#492 = CARTESIAN_POINT('',(-0.8,-0.4,0.45));
#493 = DIRECTION('',(0.,0.,1.));
#494 = DIRECTION('',(1.,0.,-0.));
#495 = ADVANCED_FACE('',(#496),#507,.T.);
#496 = FACE_BOUND('',#497,.T.);
#497 = EDGE_LOOP('',(#498,#504,#505,#506));
#498 = ORIENTED_EDGE('',*,*,#499,.T.);
#499 = EDGE_CURVE('',#235,#352,#500,.T.);
#500 = LINE('',#501,#502);
#501 = CARTESIAN_POINT('',(-0.5,-0.4,0.405));
#502 = VECTOR('',#503,1.);
#503 = DIRECTION('',(0.,1.,0.));
#504 = ORIENTED_EDGE('',*,*,#351,.T.);
#505 = ORIENTED_EDGE('',*,*,#485,.F.);
#506 = ORIENTED_EDGE('',*,*,#234,.F.);
#507 = CYLINDRICAL_SURFACE('',#508,4.5E-02);
#508 = AXIS2_PLACEMENT_3D('',#509,#510,#511);
#509 = CARTESIAN_POINT('',(-0.545,-0.4,0.405));
#510 = DIRECTION('',(0.,1.,0.));
#511 = DIRECTION('',(1.,0.,0.));
#512 = ADVANCED_FACE('',(#513),#556,.T.);
#513 = FACE_BOUND('',#514,.T.);
#514 = EDGE_LOOP('',(#515,#516,#517,#518,#526,#534,#542,#550));
#515 = ORIENTED_EDGE('',*,*,#376,.F.);
#516 = ORIENTED_EDGE('',*,*,#368,.T.);
#517 = ORIENTED_EDGE('',*,*,#360,.T.);
#518 = ORIENTED_EDGE('',*,*,#519,.T.);
#519 = EDGE_CURVE('',#352,#520,#522,.T.);
#520 = VERTEX_POINT('',#521);
#521 = CARTESIAN_POINT('',(0.5,0.4,0.405));
#522 = LINE('',#523,#524);
#523 = CARTESIAN_POINT('',(-0.5,0.4,0.405));
#524 = VECTOR('',#525,1.);
#525 = DIRECTION('',(1.,0.,0.));
#526 = ORIENTED_EDGE('',*,*,#527,.T.);
#527 = EDGE_CURVE('',#520,#528,#530,.T.);
#528 = VERTEX_POINT('',#529);
#529 = CARTESIAN_POINT('',(0.755,0.4,0.405));
#530 = LINE('',#531,#532);
#531 = CARTESIAN_POINT('',(-0.755,0.4,0.405));
#532 = VECTOR('',#533,1.);
#533 = DIRECTION('',(1.,0.,0.));
#534 = ORIENTED_EDGE('',*,*,#535,.F.);
#535 = EDGE_CURVE('',#536,#528,#538,.T.);
#536 = VERTEX_POINT('',#537);
#537 = CARTESIAN_POINT('',(0.755,0.4,4.5E-02));
#538 = LINE('',#539,#540);
#539 = CARTESIAN_POINT('',(0.755,0.4,4.5E-02));
#540 = VECTOR('',#541,1.);
#541 = DIRECTION('',(0.,0.,1.));
#542 = ORIENTED_EDGE('',*,*,#543,.F.);
#543 = EDGE_CURVE('',#544,#536,#546,.T.);
#544 = VERTEX_POINT('',#545);
#545 = CARTESIAN_POINT('',(0.5,0.4,4.5E-02));
#546 = LINE('',#547,#548);
#547 = CARTESIAN_POINT('',(-0.755,0.4,4.5E-02));
#548 = VECTOR('',#549,1.);
#549 = DIRECTION('',(1.,0.,0.));
#550 = ORIENTED_EDGE('',*,*,#551,.F.);
#551 = EDGE_CURVE('',#377,#544,#552,.T.);
#552 = LINE('',#553,#554);
#553 = CARTESIAN_POINT('',(-0.755,0.4,4.5E-02));
#554 = VECTOR('',#555,1.);
#555 = DIRECTION('',(1.,0.,0.));
#556 = PLANE('',#557);
#557 = AXIS2_PLACEMENT_3D('',#558,#559,#560);
#558 = CARTESIAN_POINT('',(-0.755,0.4,4.5E-02));
#559 = DIRECTION('',(0.,1.,0.));
#560 = DIRECTION('',(0.,-0.,1.));
#561 = ADVANCED_FACE('',(#562),#573,.F.);
#562 = FACE_BOUND('',#563,.F.);
#563 = EDGE_LOOP('',(#564,#565,#566,#572));
#564 = ORIENTED_EDGE('',*,*,#419,.F.);
#565 = ORIENTED_EDGE('',*,*,#468,.T.);
#566 = ORIENTED_EDGE('',*,*,#567,.T.);
#567 = EDGE_CURVE('',#461,#544,#568,.T.);
#568 = LINE('',#569,#570);
#569 = CARTESIAN_POINT('',(0.5,-0.4,4.5E-02));
#570 = VECTOR('',#571,1.);
#571 = DIRECTION('',(0.,1.,0.));
#572 = ORIENTED_EDGE('',*,*,#551,.F.);
#573 = PLANE('',#574);
#574 = AXIS2_PLACEMENT_3D('',#575,#576,#577);
#575 = CARTESIAN_POINT('',(-0.755,-0.4,4.5E-02));
#576 = DIRECTION('',(0.,0.,1.));
#577 = DIRECTION('',(1.,0.,-0.));
#578 = ADVANCED_FACE('',(#579),#642,.F.);
#579 = FACE_BOUND('',#580,.F.);
#580 = EDGE_LOOP('',(#581,#591,#598,#599,#600,#601,#610,#618,#627,#635)
  );
#581 = ORIENTED_EDGE('',*,*,#582,.F.);
#582 = EDGE_CURVE('',#583,#585,#587,.T.);
#583 = VERTEX_POINT('',#584);
#584 = CARTESIAN_POINT('',(0.545,-0.4,-2.775557561563E-17));
#585 = VERTEX_POINT('',#586);
#586 = CARTESIAN_POINT('',(0.755,-0.4,-2.775557561563E-17));
#587 = LINE('',#588,#589);
#588 = CARTESIAN_POINT('',(0.5,-0.4,0.));
#589 = VECTOR('',#590,1.);
#590 = DIRECTION('',(1.,0.,0.));
#591 = ORIENTED_EDGE('',*,*,#592,.F.);
#592 = EDGE_CURVE('',#461,#583,#593,.T.);
#593 = CIRCLE('',#594,4.5E-02);
#594 = AXIS2_PLACEMENT_3D('',#595,#596,#597);
#595 = CARTESIAN_POINT('',(0.545,-0.4,4.5E-02));
#596 = DIRECTION('',(0.,-1.,0.));
#597 = DIRECTION('',(0.,0.,1.));
#598 = ORIENTED_EDGE('',*,*,#460,.T.);
#599 = ORIENTED_EDGE('',*,*,#452,.T.);
#600 = ORIENTED_EDGE('',*,*,#444,.F.);
#601 = ORIENTED_EDGE('',*,*,#602,.T.);
#602 = EDGE_CURVE('',#437,#603,#605,.T.);
#603 = VERTEX_POINT('',#604);
#604 = CARTESIAN_POINT('',(0.545,-0.4,0.45));
#605 = CIRCLE('',#606,4.5E-02);
#606 = AXIS2_PLACEMENT_3D('',#607,#608,#609);
#607 = CARTESIAN_POINT('',(0.545,-0.4,0.405));
#608 = DIRECTION('',(0.,1.,0.));
#609 = DIRECTION('',(0.,-0.,1.));
#610 = ORIENTED_EDGE('',*,*,#611,.T.);
#611 = EDGE_CURVE('',#603,#612,#614,.T.);
#612 = VERTEX_POINT('',#613);
#613 = CARTESIAN_POINT('',(0.755,-0.4,0.45));
#614 = LINE('',#615,#616);
#615 = CARTESIAN_POINT('',(0.5,-0.4,0.45));
#616 = VECTOR('',#617,1.);
#617 = DIRECTION('',(1.,0.,0.));
#618 = ORIENTED_EDGE('',*,*,#619,.F.);
#619 = EDGE_CURVE('',#620,#612,#622,.T.);
#620 = VERTEX_POINT('',#621);
#621 = CARTESIAN_POINT('',(0.8,-0.4,0.405));
#622 = CIRCLE('',#623,4.5E-02);
#623 = AXIS2_PLACEMENT_3D('',#624,#625,#626);
#624 = CARTESIAN_POINT('',(0.755,-0.4,0.405));
#625 = DIRECTION('',(0.,-1.,0.));
#626 = DIRECTION('',(0.,0.,1.));
#627 = ORIENTED_EDGE('',*,*,#628,.F.);
#628 = EDGE_CURVE('',#629,#620,#631,.T.);
#629 = VERTEX_POINT('',#630);
#630 = CARTESIAN_POINT('',(0.8,-0.4,4.5E-02));
#631 = LINE('',#632,#633);
#632 = CARTESIAN_POINT('',(0.8,-0.4,0.));
#633 = VECTOR('',#634,1.);
#634 = DIRECTION('',(0.,0.,1.));
#635 = ORIENTED_EDGE('',*,*,#636,.T.);
#636 = EDGE_CURVE('',#629,#585,#637,.T.);
#637 = CIRCLE('',#638,4.5E-02);
#638 = AXIS2_PLACEMENT_3D('',#639,#640,#641);
#639 = CARTESIAN_POINT('',(0.755,-0.4,4.5E-02));
#640 = DIRECTION('',(0.,1.,0.));
#641 = DIRECTION('',(0.,-0.,1.));
#642 = PLANE('',#643);
#643 = AXIS2_PLACEMENT_3D('',#644,#645,#646);
#644 = CARTESIAN_POINT('',(0.5,-0.4,0.));
#645 = DIRECTION('',(0.,1.,0.));
#646 = DIRECTION('',(0.,-0.,1.));
#647 = ADVANCED_FACE('',(#648),#673,.F.);
#648 = FACE_BOUND('',#649,.F.);
#649 = EDGE_LOOP('',(#650,#651,#659,#667));
#650 = ORIENTED_EDGE('',*,*,#436,.F.);
#651 = ORIENTED_EDGE('',*,*,#652,.T.);
#652 = EDGE_CURVE('',#235,#653,#655,.T.);
#653 = VERTEX_POINT('',#654);
#654 = CARTESIAN_POINT('',(-0.5,-0.4,0.45));
#655 = LINE('',#656,#657);
#656 = CARTESIAN_POINT('',(-0.5,-0.4,0.405));
#657 = VECTOR('',#658,1.);
#658 = DIRECTION('',(0.,0.,1.));
#659 = ORIENTED_EDGE('',*,*,#660,.T.);
#660 = EDGE_CURVE('',#653,#661,#663,.T.);
#661 = VERTEX_POINT('',#662);
#662 = CARTESIAN_POINT('',(0.5,-0.4,0.45));
#663 = LINE('',#664,#665);
#664 = CARTESIAN_POINT('',(-0.5,-0.4,0.45));
#665 = VECTOR('',#666,1.);
#666 = DIRECTION('',(1.,0.,0.));
#667 = ORIENTED_EDGE('',*,*,#668,.F.);
#668 = EDGE_CURVE('',#437,#661,#669,.T.);
#669 = LINE('',#670,#671);
#670 = CARTESIAN_POINT('',(0.5,-0.4,0.405));
#671 = VECTOR('',#672,1.);
#672 = DIRECTION('',(0.,0.,1.));
#673 = PLANE('',#674);
#674 = AXIS2_PLACEMENT_3D('',#675,#676,#677);
#675 = CARTESIAN_POINT('',(-0.5,-0.4,0.405));
#676 = DIRECTION('',(0.,1.,0.));
#677 = DIRECTION('',(0.,-0.,1.));
#678 = ADVANCED_FACE('',(#679),#697,.F.);
#679 = FACE_BOUND('',#680,.F.);
#680 = EDGE_LOOP('',(#681,#682,#683,#691));
#681 = ORIENTED_EDGE('',*,*,#652,.F.);
#682 = ORIENTED_EDGE('',*,*,#499,.T.);
#683 = ORIENTED_EDGE('',*,*,#684,.T.);
#684 = EDGE_CURVE('',#352,#685,#687,.T.);
#685 = VERTEX_POINT('',#686);
#686 = CARTESIAN_POINT('',(-0.5,0.4,0.45));
#687 = LINE('',#688,#689);
#688 = CARTESIAN_POINT('',(-0.5,0.4,0.405));
#689 = VECTOR('',#690,1.);
#690 = DIRECTION('',(0.,0.,1.));
#691 = ORIENTED_EDGE('',*,*,#692,.F.);
#692 = EDGE_CURVE('',#653,#685,#693,.T.);
#693 = LINE('',#694,#695);
#694 = CARTESIAN_POINT('',(-0.5,-0.4,0.45));
#695 = VECTOR('',#696,1.);
#696 = DIRECTION('',(0.,1.,0.));
#697 = PLANE('',#698);
#698 = AXIS2_PLACEMENT_3D('',#699,#700,#701);
#699 = CARTESIAN_POINT('',(-0.5,-0.4,0.405));
#700 = DIRECTION('',(1.,0.,0.));
#701 = DIRECTION('',(0.,0.,1.));
#702 = ADVANCED_FACE('',(#703),#766,.T.);
#703 = FACE_BOUND('',#704,.T.);
#704 = EDGE_LOOP('',(#705,#715,#722,#723,#724,#725,#734,#742,#751,#759)
  );
#705 = ORIENTED_EDGE('',*,*,#706,.F.);
#706 = EDGE_CURVE('',#707,#709,#711,.T.);
#707 = VERTEX_POINT('',#708);
#708 = CARTESIAN_POINT('',(0.545,0.4,-2.775557561563E-17));
#709 = VERTEX_POINT('',#710);
#710 = CARTESIAN_POINT('',(0.755,0.4,-2.775557561563E-17));
#711 = LINE('',#712,#713);
#712 = CARTESIAN_POINT('',(0.5,0.4,0.));
#713 = VECTOR('',#714,1.);
#714 = DIRECTION('',(1.,0.,0.));
#715 = ORIENTED_EDGE('',*,*,#716,.F.);
#716 = EDGE_CURVE('',#544,#707,#717,.T.);
#717 = CIRCLE('',#718,4.5E-02);
#718 = AXIS2_PLACEMENT_3D('',#719,#720,#721);
#719 = CARTESIAN_POINT('',(0.545,0.4,4.5E-02));
#720 = DIRECTION('',(0.,-1.,0.));
#721 = DIRECTION('',(0.,0.,1.));
#722 = ORIENTED_EDGE('',*,*,#543,.T.);
#723 = ORIENTED_EDGE('',*,*,#535,.T.);
#724 = ORIENTED_EDGE('',*,*,#527,.F.);
#725 = ORIENTED_EDGE('',*,*,#726,.T.);
#726 = EDGE_CURVE('',#520,#727,#729,.T.);
#727 = VERTEX_POINT('',#728);
#728 = CARTESIAN_POINT('',(0.545,0.4,0.45));
#729 = CIRCLE('',#730,4.5E-02);
#730 = AXIS2_PLACEMENT_3D('',#731,#732,#733);
#731 = CARTESIAN_POINT('',(0.545,0.4,0.405));
#732 = DIRECTION('',(0.,1.,0.));
#733 = DIRECTION('',(0.,-0.,1.));
#734 = ORIENTED_EDGE('',*,*,#735,.T.);
#735 = EDGE_CURVE('',#727,#736,#738,.T.);
#736 = VERTEX_POINT('',#737);
#737 = CARTESIAN_POINT('',(0.755,0.4,0.45));
#738 = LINE('',#739,#740);
#739 = CARTESIAN_POINT('',(0.5,0.4,0.45));
#740 = VECTOR('',#741,1.);
#741 = DIRECTION('',(1.,0.,0.));
#742 = ORIENTED_EDGE('',*,*,#743,.F.);
#743 = EDGE_CURVE('',#744,#736,#746,.T.);
#744 = VERTEX_POINT('',#745);
#745 = CARTESIAN_POINT('',(0.8,0.4,0.405));
#746 = CIRCLE('',#747,4.5E-02);
#747 = AXIS2_PLACEMENT_3D('',#748,#749,#750);
#748 = CARTESIAN_POINT('',(0.755,0.4,0.405));
#749 = DIRECTION('',(0.,-1.,0.));
#750 = DIRECTION('',(0.,0.,1.));
#751 = ORIENTED_EDGE('',*,*,#752,.F.);
#752 = EDGE_CURVE('',#753,#744,#755,.T.);
#753 = VERTEX_POINT('',#754);
#754 = CARTESIAN_POINT('',(0.8,0.4,4.5E-02));
#755 = LINE('',#756,#757);
#756 = CARTESIAN_POINT('',(0.8,0.4,0.));
#757 = VECTOR('',#758,1.);
#758 = DIRECTION('',(0.,0.,1.));
#759 = ORIENTED_EDGE('',*,*,#760,.T.);
#760 = EDGE_CURVE('',#753,#709,#761,.T.);
#761 = CIRCLE('',#762,4.5E-02);
#762 = AXIS2_PLACEMENT_3D('',#763,#764,#765);
#763 = CARTESIAN_POINT('',(0.755,0.4,4.5E-02));
#764 = DIRECTION('',(0.,1.,0.));
#765 = DIRECTION('',(0.,-0.,1.));
#766 = PLANE('',#767);
#767 = AXIS2_PLACEMENT_3D('',#768,#769,#770);
#768 = CARTESIAN_POINT('',(0.5,0.4,0.));
#769 = DIRECTION('',(0.,1.,0.));
#770 = DIRECTION('',(0.,-0.,1.));
#771 = ADVANCED_FACE('',(#772),#790,.T.);
#772 = FACE_BOUND('',#773,.T.);
#773 = EDGE_LOOP('',(#774,#775,#776,#784));
#774 = ORIENTED_EDGE('',*,*,#519,.F.);
#775 = ORIENTED_EDGE('',*,*,#684,.T.);
#776 = ORIENTED_EDGE('',*,*,#777,.T.);
#777 = EDGE_CURVE('',#685,#778,#780,.T.);
#778 = VERTEX_POINT('',#779);
#779 = CARTESIAN_POINT('',(0.5,0.4,0.45));
#780 = LINE('',#781,#782);
#781 = CARTESIAN_POINT('',(-0.5,0.4,0.45));
#782 = VECTOR('',#783,1.);
#783 = DIRECTION('',(1.,0.,0.));
#784 = ORIENTED_EDGE('',*,*,#785,.F.);
#785 = EDGE_CURVE('',#520,#778,#786,.T.);
#786 = LINE('',#787,#788);
#787 = CARTESIAN_POINT('',(0.5,0.4,0.405));
#788 = VECTOR('',#789,1.);
#789 = DIRECTION('',(0.,0.,1.));
#790 = PLANE('',#791);
#791 = AXIS2_PLACEMENT_3D('',#792,#793,#794);
#792 = CARTESIAN_POINT('',(-0.5,0.4,0.405));
#793 = DIRECTION('',(0.,1.,0.));
#794 = DIRECTION('',(0.,-0.,1.));
#795 = ADVANCED_FACE('',(#796),#807,.T.);
#796 = FACE_BOUND('',#797,.T.);
#797 = EDGE_LOOP('',(#798,#799,#800,#806));
#798 = ORIENTED_EDGE('',*,*,#567,.T.);
#799 = ORIENTED_EDGE('',*,*,#716,.T.);
#800 = ORIENTED_EDGE('',*,*,#801,.F.);
#801 = EDGE_CURVE('',#583,#707,#802,.T.);
#802 = LINE('',#803,#804);
#803 = CARTESIAN_POINT('',(0.545,-0.4,-2.775557561563E-17));
#804 = VECTOR('',#805,1.);
#805 = DIRECTION('',(0.,1.,0.));
#806 = ORIENTED_EDGE('',*,*,#592,.F.);
#807 = CYLINDRICAL_SURFACE('',#808,4.5E-02);
#808 = AXIS2_PLACEMENT_3D('',#809,#810,#811);
#809 = CARTESIAN_POINT('',(0.545,-0.4,4.5E-02));
#810 = DIRECTION('',(0.,1.,0.));
#811 = DIRECTION('',(-1.,0.,0.));
#812 = ADVANCED_FACE('',(#813),#824,.F.);
#813 = FACE_BOUND('',#814,.F.);
#814 = EDGE_LOOP('',(#815,#816,#817,#818));
#815 = ORIENTED_EDGE('',*,*,#706,.F.);
#816 = ORIENTED_EDGE('',*,*,#801,.F.);
#817 = ORIENTED_EDGE('',*,*,#582,.T.);
#818 = ORIENTED_EDGE('',*,*,#819,.T.);
#819 = EDGE_CURVE('',#585,#709,#820,.T.);
#820 = LINE('',#821,#822);
#821 = CARTESIAN_POINT('',(0.755,-0.4,-2.775557561563E-17));
#822 = VECTOR('',#823,1.);
#823 = DIRECTION('',(0.,1.,0.));
#824 = PLANE('',#825);
#825 = AXIS2_PLACEMENT_3D('',#826,#827,#828);
#826 = CARTESIAN_POINT('',(0.5,-0.4,0.));
#827 = DIRECTION('',(0.,0.,1.));
#828 = DIRECTION('',(1.,0.,-0.));
#829 = ADVANCED_FACE('',(#830),#841,.T.);
#830 = FACE_BOUND('',#831,.T.);
#831 = EDGE_LOOP('',(#832,#833,#834,#835));
#832 = ORIENTED_EDGE('',*,*,#636,.T.);
#833 = ORIENTED_EDGE('',*,*,#819,.T.);
#834 = ORIENTED_EDGE('',*,*,#760,.F.);
#835 = ORIENTED_EDGE('',*,*,#836,.F.);
#836 = EDGE_CURVE('',#629,#753,#837,.T.);
#837 = LINE('',#838,#839);
#838 = CARTESIAN_POINT('',(0.8,-0.4,4.5E-02));
#839 = VECTOR('',#840,1.);
#840 = DIRECTION('',(0.,1.,0.));
#841 = CYLINDRICAL_SURFACE('',#842,4.5E-02);
#842 = AXIS2_PLACEMENT_3D('',#843,#844,#845);
#843 = CARTESIAN_POINT('',(0.755,-0.4,4.5E-02));
#844 = DIRECTION('',(0.,1.,0.));
#845 = DIRECTION('',(1.,0.,0.));
#846 = ADVANCED_FACE('',(#847),#858,.T.);
#847 = FACE_BOUND('',#848,.T.);
#848 = EDGE_LOOP('',(#849,#850,#851,#852));
#849 = ORIENTED_EDGE('',*,*,#628,.F.);
#850 = ORIENTED_EDGE('',*,*,#836,.T.);
#851 = ORIENTED_EDGE('',*,*,#752,.T.);
#852 = ORIENTED_EDGE('',*,*,#853,.F.);
#853 = EDGE_CURVE('',#620,#744,#854,.T.);
#854 = LINE('',#855,#856);
#855 = CARTESIAN_POINT('',(0.8,-0.4,0.405));
#856 = VECTOR('',#857,1.);
#857 = DIRECTION('',(0.,1.,0.));
#858 = PLANE('',#859);
#859 = AXIS2_PLACEMENT_3D('',#860,#861,#862);
#860 = CARTESIAN_POINT('',(0.8,-0.4,0.));
#861 = DIRECTION('',(1.,0.,0.));
#862 = DIRECTION('',(0.,0.,1.));
#863 = ADVANCED_FACE('',(#864),#875,.T.);
#864 = FACE_BOUND('',#865,.T.);
#865 = EDGE_LOOP('',(#866,#867,#868,#874));
#866 = ORIENTED_EDGE('',*,*,#853,.T.);
#867 = ORIENTED_EDGE('',*,*,#743,.T.);
#868 = ORIENTED_EDGE('',*,*,#869,.F.);
#869 = EDGE_CURVE('',#612,#736,#870,.T.);
#870 = LINE('',#871,#872);
#871 = CARTESIAN_POINT('',(0.755,-0.4,0.45));
#872 = VECTOR('',#873,1.);
#873 = DIRECTION('',(0.,1.,0.));
#874 = ORIENTED_EDGE('',*,*,#619,.F.);
#875 = CYLINDRICAL_SURFACE('',#876,4.5E-02);
#876 = AXIS2_PLACEMENT_3D('',#877,#878,#879);
#877 = CARTESIAN_POINT('',(0.755,-0.4,0.405));
#878 = DIRECTION('',(0.,1.,0.));
#879 = DIRECTION('',(1.,0.,0.));
#880 = ADVANCED_FACE('',(#881),#892,.T.);
#881 = FACE_BOUND('',#882,.T.);
#882 = EDGE_LOOP('',(#883,#884,#890,#891));
#883 = ORIENTED_EDGE('',*,*,#735,.F.);
#884 = ORIENTED_EDGE('',*,*,#885,.F.);
#885 = EDGE_CURVE('',#603,#727,#886,.T.);
#886 = LINE('',#887,#888);
#887 = CARTESIAN_POINT('',(0.545,-0.4,0.45));
#888 = VECTOR('',#889,1.);
#889 = DIRECTION('',(0.,1.,0.));
#890 = ORIENTED_EDGE('',*,*,#611,.T.);
#891 = ORIENTED_EDGE('',*,*,#869,.T.);
#892 = PLANE('',#893);
#893 = AXIS2_PLACEMENT_3D('',#894,#895,#896);
#894 = CARTESIAN_POINT('',(0.5,-0.4,0.45));
#895 = DIRECTION('',(0.,0.,1.));
#896 = DIRECTION('',(1.,0.,-0.));
#897 = ADVANCED_FACE('',(#898),#909,.T.);
#898 = FACE_BOUND('',#899,.T.);
#899 = EDGE_LOOP('',(#900,#901,#902,#903));
#900 = ORIENTED_EDGE('',*,*,#602,.T.);
#901 = ORIENTED_EDGE('',*,*,#885,.T.);
#902 = ORIENTED_EDGE('',*,*,#726,.F.);
#903 = ORIENTED_EDGE('',*,*,#904,.F.);
#904 = EDGE_CURVE('',#437,#520,#905,.T.);
#905 = LINE('',#906,#907);
#906 = CARTESIAN_POINT('',(0.5,-0.4,0.405));
#907 = VECTOR('',#908,1.);
#908 = DIRECTION('',(0.,1.,0.));
#909 = CYLINDRICAL_SURFACE('',#910,4.5E-02);
#910 = AXIS2_PLACEMENT_3D('',#911,#912,#913);
#911 = CARTESIAN_POINT('',(0.545,-0.4,0.405));
#912 = DIRECTION('',(0.,1.,0.));
#913 = DIRECTION('',(-1.,0.,0.));
#914 = ADVANCED_FACE('',(#915),#926,.T.);
#915 = FACE_BOUND('',#916,.T.);
#916 = EDGE_LOOP('',(#917,#918,#919,#920));
#917 = ORIENTED_EDGE('',*,*,#668,.F.);
#918 = ORIENTED_EDGE('',*,*,#904,.T.);
#919 = ORIENTED_EDGE('',*,*,#785,.T.);
#920 = ORIENTED_EDGE('',*,*,#921,.F.);
#921 = EDGE_CURVE('',#661,#778,#922,.T.);
#922 = LINE('',#923,#924);
#923 = CARTESIAN_POINT('',(0.5,-0.4,0.45));
#924 = VECTOR('',#925,1.);
#925 = DIRECTION('',(0.,1.,0.));
#926 = PLANE('',#927);
#927 = AXIS2_PLACEMENT_3D('',#928,#929,#930);
#928 = CARTESIAN_POINT('',(0.5,-0.4,0.405));
#929 = DIRECTION('',(1.,0.,0.));
#930 = DIRECTION('',(0.,0.,1.));
#931 = ADVANCED_FACE('',(#932),#938,.T.);
#932 = FACE_BOUND('',#933,.T.);
#933 = EDGE_LOOP('',(#934,#935,#936,#937));
#934 = ORIENTED_EDGE('',*,*,#692,.F.);
#935 = ORIENTED_EDGE('',*,*,#660,.T.);
#936 = ORIENTED_EDGE('',*,*,#921,.T.);
#937 = ORIENTED_EDGE('',*,*,#777,.F.);
#938 = PLANE('',#939);
#939 = AXIS2_PLACEMENT_3D('',#940,#941,#942);
#940 = CARTESIAN_POINT('',(-0.5,-0.4,0.45));
#941 = DIRECTION('',(0.,0.,1.));
#942 = DIRECTION('',(1.,0.,-0.));
#943 = ( GEOMETRIC_REPRESENTATION_CONTEXT(3) 
GLOBAL_UNCERTAINTY_ASSIGNED_CONTEXT((#947)) GLOBAL_UNIT_ASSIGNED_CONTEXT
((#944,#945,#946)) REPRESENTATION_CONTEXT('Context #1',
  '3D Context with UNIT and UNCERTAINTY') );
#944 = ( LENGTH_UNIT() NAMED_UNIT(*) SI_UNIT(.MILLI.,.METRE.) );
#945 = ( NAMED_UNIT(*) PLANE_ANGLE_UNIT() SI_UNIT($,.RADIAN.) );
#946 = ( NAMED_UNIT(*) SI_UNIT($,.STERADIAN.) SOLID_ANGLE_UNIT() );
#947 = UNCERTAINTY_MEASURE_WITH_UNIT(LENGTH_MEASURE(1.E-07),#944,
  'distance_accuracy_value','confusion accuracy');
#948 = CONTEXT_DEPENDENT_SHAPE_REPRESENTATION(#949,#951);
#949 = ( REPRESENTATION_RELATIONSHIP('','',#152,#10) 
REPRESENTATION_RELATIONSHIP_WITH_TRANSFORMATION(#950) 
SHAPE_REPRESENTATION_RELATIONSHIP() );
#950 = ITEM_DEFINED_TRANSFORMATION('','',#11,#15);
#951 = PRODUCT_DEFINITION_SHAPE('Placement','Placement of an item',#952
  );
#952 = NEXT_ASSEMBLY_USAGE_OCCURRENCE('1','R7','',#5,#147,$);
#953 = PRODUCT_RELATED_PRODUCT_CATEGORY('part',$,(#149));
#954 = SHAPE_DEFINITION_REPRESENTATION(#955,#961);
#955 = PRODUCT_DEFINITION_SHAPE('','',#956);
#956 = PRODUCT_DEFINITION('design','',#957,#960);
#957 = PRODUCT_DEFINITION_FORMATION('','',#958);
#958 = PRODUCT('C_0603_1608Metric','C_0603_1608Metric','',(#959));
#959 = PRODUCT_CONTEXT('',#2,'mechanical');
#960 = PRODUCT_DEFINITION_CONTEXT('part definition',#2,'design');
#961 = ADVANCED_BREP_SHAPE_REPRESENTATION('',(#11,#962),#1816);
#962 = MANIFOLD_SOLID_BREP('',#963);
#963 = CLOSED_SHELL('',(#964,#1040,#1071,#1096,#1121,#1145,#1169,#1194,
    #1219,#1236,#1322,#1354,#1378,#1403,#1427,#1452,#1476,#1501,#1518,
    #1604,#1635,#1660,#1685,#1709,#1733,#1758,#1783,#1800));
#964 = ADVANCED_FACE('',(#965),#1035,.F.);
#965 = FACE_BOUND('',#966,.F.);
#966 = EDGE_LOOP('',(#967,#977,#986,#994,#1003,#1011,#1020,#1028));
#967 = ORIENTED_EDGE('',*,*,#968,.F.);
#968 = EDGE_CURVE('',#969,#971,#973,.T.);
#969 = VERTEX_POINT('',#970);
#970 = CARTESIAN_POINT('',(-0.8,-0.4,3.E-02));
#971 = VERTEX_POINT('',#972);
#972 = CARTESIAN_POINT('',(-0.8,-0.4,0.77));
#973 = LINE('',#974,#975);
#974 = CARTESIAN_POINT('',(-0.8,-0.4,0.));
#975 = VECTOR('',#976,1.);
#976 = DIRECTION('',(0.,0.,1.));
#977 = ORIENTED_EDGE('',*,*,#978,.T.);
#978 = EDGE_CURVE('',#969,#979,#981,.T.);
#979 = VERTEX_POINT('',#980);
#980 = CARTESIAN_POINT('',(-0.8,-0.37,0.));
#981 = CIRCLE('',#982,3.E-02);
#982 = AXIS2_PLACEMENT_3D('',#983,#984,#985);
#983 = CARTESIAN_POINT('',(-0.8,-0.37,3.E-02));
#984 = DIRECTION('',(1.,0.,-0.));
#985 = DIRECTION('',(0.,0.,1.));
#986 = ORIENTED_EDGE('',*,*,#987,.T.);
#987 = EDGE_CURVE('',#979,#988,#990,.T.);
#988 = VERTEX_POINT('',#989);
#989 = CARTESIAN_POINT('',(-0.8,0.37,0.));
#990 = LINE('',#991,#992);
#991 = CARTESIAN_POINT('',(-0.8,-0.4,0.));
#992 = VECTOR('',#993,1.);
#993 = DIRECTION('',(0.,1.,0.));
#994 = ORIENTED_EDGE('',*,*,#995,.F.);
#995 = EDGE_CURVE('',#996,#988,#998,.T.);
#996 = VERTEX_POINT('',#997);
#997 = CARTESIAN_POINT('',(-0.8,0.4,3.E-02));
#998 = CIRCLE('',#999,3.E-02);
#999 = AXIS2_PLACEMENT_3D('',#1000,#1001,#1002);
#1000 = CARTESIAN_POINT('',(-0.8,0.37,3.E-02));
#1001 = DIRECTION('',(-1.,0.,0.));
#1002 = DIRECTION('',(0.,0.,1.));
#1003 = ORIENTED_EDGE('',*,*,#1004,.T.);
#1004 = EDGE_CURVE('',#996,#1005,#1007,.T.);
#1005 = VERTEX_POINT('',#1006);
#1006 = CARTESIAN_POINT('',(-0.8,0.4,0.77));
#1007 = LINE('',#1008,#1009);
#1008 = CARTESIAN_POINT('',(-0.8,0.4,0.));
#1009 = VECTOR('',#1010,1.);
#1010 = DIRECTION('',(0.,0.,1.));
#1011 = ORIENTED_EDGE('',*,*,#1012,.T.);
#1012 = EDGE_CURVE('',#1005,#1013,#1015,.T.);
#1013 = VERTEX_POINT('',#1014);
#1014 = CARTESIAN_POINT('',(-0.8,0.37,0.8));
#1015 = CIRCLE('',#1016,3.E-02);
#1016 = AXIS2_PLACEMENT_3D('',#1017,#1018,#1019);
#1017 = CARTESIAN_POINT('',(-0.8,0.37,0.77));
#1018 = DIRECTION('',(1.,0.,-0.));
#1019 = DIRECTION('',(0.,0.,1.));
#1020 = ORIENTED_EDGE('',*,*,#1021,.F.);
#1021 = EDGE_CURVE('',#1022,#1013,#1024,.T.);
#1022 = VERTEX_POINT('',#1023);
#1023 = CARTESIAN_POINT('',(-0.8,-0.37,0.8));
#1024 = LINE('',#1025,#1026);
#1025 = CARTESIAN_POINT('',(-0.8,-0.4,0.8));
#1026 = VECTOR('',#1027,1.);
#1027 = DIRECTION('',(0.,1.,0.));
#1028 = ORIENTED_EDGE('',*,*,#1029,.F.);
#1029 = EDGE_CURVE('',#971,#1022,#1030,.T.);
#1030 = CIRCLE('',#1031,3.E-02);
#1031 = AXIS2_PLACEMENT_3D('',#1032,#1033,#1034);
#1032 = CARTESIAN_POINT('',(-0.8,-0.37,0.77));
#1033 = DIRECTION('',(-1.,0.,0.));
#1034 = DIRECTION('',(0.,0.,1.));
#1035 = PLANE('',#1036);
#1036 = AXIS2_PLACEMENT_3D('',#1037,#1038,#1039);
#1037 = CARTESIAN_POINT('',(-0.8,-0.4,0.));
#1038 = DIRECTION('',(1.,0.,0.));
#1039 = DIRECTION('',(0.,0.,1.));
#1040 = ADVANCED_FACE('',(#1041),#1066,.F.);
#1041 = FACE_BOUND('',#1042,.F.);
#1042 = EDGE_LOOP('',(#1043,#1053,#1059,#1060));
#1043 = ORIENTED_EDGE('',*,*,#1044,.F.);
#1044 = EDGE_CURVE('',#1045,#1047,#1049,.T.);
#1045 = VERTEX_POINT('',#1046);
#1046 = CARTESIAN_POINT('',(-0.5,-0.4,3.E-02));
#1047 = VERTEX_POINT('',#1048);
#1048 = CARTESIAN_POINT('',(-0.5,-0.4,0.77));
#1049 = LINE('',#1050,#1051);
#1050 = CARTESIAN_POINT('',(-0.5,-0.4,0.));
#1051 = VECTOR('',#1052,1.);
#1052 = DIRECTION('',(0.,0.,1.));
#1053 = ORIENTED_EDGE('',*,*,#1054,.F.);
#1054 = EDGE_CURVE('',#969,#1045,#1055,.T.);
#1055 = LINE('',#1056,#1057);
#1056 = CARTESIAN_POINT('',(-0.8,-0.4,3.E-02));
#1057 = VECTOR('',#1058,1.);
#1058 = DIRECTION('',(1.,0.,0.));
#1059 = ORIENTED_EDGE('',*,*,#968,.T.);
#1060 = ORIENTED_EDGE('',*,*,#1061,.T.);
#1061 = EDGE_CURVE('',#971,#1047,#1062,.T.);
#1062 = LINE('',#1063,#1064);
#1063 = CARTESIAN_POINT('',(-0.8,-0.4,0.77));
#1064 = VECTOR('',#1065,1.);
#1065 = DIRECTION('',(1.,0.,0.));
#1066 = PLANE('',#1067);
#1067 = AXIS2_PLACEMENT_3D('',#1068,#1069,#1070);
#1068 = CARTESIAN_POINT('',(-0.8,-0.4,0.));
#1069 = DIRECTION('',(0.,1.,0.));
#1070 = DIRECTION('',(0.,-0.,1.));
#1071 = ADVANCED_FACE('',(#1072),#1091,.T.);
#1072 = FACE_BOUND('',#1073,.T.);
#1073 = EDGE_LOOP('',(#1074,#1075,#1083,#1090));
#1074 = ORIENTED_EDGE('',*,*,#978,.T.);
#1075 = ORIENTED_EDGE('',*,*,#1076,.T.);
#1076 = EDGE_CURVE('',#979,#1077,#1079,.T.);
#1077 = VERTEX_POINT('',#1078);
#1078 = CARTESIAN_POINT('',(-0.5,-0.37,0.));
#1079 = LINE('',#1080,#1081);
#1080 = CARTESIAN_POINT('',(-0.8,-0.37,0.));
#1081 = VECTOR('',#1082,1.);
#1082 = DIRECTION('',(1.,0.,0.));
#1083 = ORIENTED_EDGE('',*,*,#1084,.F.);
#1084 = EDGE_CURVE('',#1045,#1077,#1085,.T.);
#1085 = CIRCLE('',#1086,3.E-02);
#1086 = AXIS2_PLACEMENT_3D('',#1087,#1088,#1089);
#1087 = CARTESIAN_POINT('',(-0.5,-0.37,3.E-02));
#1088 = DIRECTION('',(1.,0.,-0.));
#1089 = DIRECTION('',(0.,0.,1.));
#1090 = ORIENTED_EDGE('',*,*,#1054,.F.);
#1091 = CYLINDRICAL_SURFACE('',#1092,3.E-02);
#1092 = AXIS2_PLACEMENT_3D('',#1093,#1094,#1095);
#1093 = CARTESIAN_POINT('',(-0.8,-0.37,3.E-02));
#1094 = DIRECTION('',(1.,0.,0.));
#1095 = DIRECTION('',(0.,-1.,0.));
#1096 = ADVANCED_FACE('',(#1097),#1116,.T.);
#1097 = FACE_BOUND('',#1098,.T.);
#1098 = EDGE_LOOP('',(#1099,#1100,#1109,#1115));
#1099 = ORIENTED_EDGE('',*,*,#1061,.T.);
#1100 = ORIENTED_EDGE('',*,*,#1101,.T.);
#1101 = EDGE_CURVE('',#1047,#1102,#1104,.T.);
#1102 = VERTEX_POINT('',#1103);
#1103 = CARTESIAN_POINT('',(-0.5,-0.37,0.8));
#1104 = CIRCLE('',#1105,3.E-02);
#1105 = AXIS2_PLACEMENT_3D('',#1106,#1107,#1108);
#1106 = CARTESIAN_POINT('',(-0.5,-0.37,0.77));
#1107 = DIRECTION('',(-1.,0.,0.));
#1108 = DIRECTION('',(0.,0.,1.));
#1109 = ORIENTED_EDGE('',*,*,#1110,.F.);
#1110 = EDGE_CURVE('',#1022,#1102,#1111,.T.);
#1111 = LINE('',#1112,#1113);
#1112 = CARTESIAN_POINT('',(-0.8,-0.37,0.8));
#1113 = VECTOR('',#1114,1.);
#1114 = DIRECTION('',(1.,0.,0.));
#1115 = ORIENTED_EDGE('',*,*,#1029,.F.);
#1116 = CYLINDRICAL_SURFACE('',#1117,3.E-02);
#1117 = AXIS2_PLACEMENT_3D('',#1118,#1119,#1120);
#1118 = CARTESIAN_POINT('',(-0.8,-0.37,0.77));
#1119 = DIRECTION('',(1.,0.,0.));
#1120 = DIRECTION('',(0.,-1.,0.));
#1121 = ADVANCED_FACE('',(#1122),#1140,.F.);
#1122 = FACE_BOUND('',#1123,.F.);
#1123 = EDGE_LOOP('',(#1124,#1125,#1126,#1134));
#1124 = ORIENTED_EDGE('',*,*,#987,.F.);
#1125 = ORIENTED_EDGE('',*,*,#1076,.T.);
#1126 = ORIENTED_EDGE('',*,*,#1127,.T.);
#1127 = EDGE_CURVE('',#1077,#1128,#1130,.T.);
#1128 = VERTEX_POINT('',#1129);
#1129 = CARTESIAN_POINT('',(-0.5,0.37,0.));
#1130 = LINE('',#1131,#1132);
#1131 = CARTESIAN_POINT('',(-0.5,-0.4,0.));
#1132 = VECTOR('',#1133,1.);
#1133 = DIRECTION('',(0.,1.,0.));
#1134 = ORIENTED_EDGE('',*,*,#1135,.F.);
#1135 = EDGE_CURVE('',#988,#1128,#1136,.T.);
#1136 = LINE('',#1137,#1138);
#1137 = CARTESIAN_POINT('',(-0.8,0.37,0.));
#1138 = VECTOR('',#1139,1.);
#1139 = DIRECTION('',(1.,0.,0.));
#1140 = PLANE('',#1141);
#1141 = AXIS2_PLACEMENT_3D('',#1142,#1143,#1144);
#1142 = CARTESIAN_POINT('',(-0.8,-0.4,0.));
#1143 = DIRECTION('',(0.,0.,1.));
#1144 = DIRECTION('',(1.,0.,-0.));
#1145 = ADVANCED_FACE('',(#1146),#1164,.T.);
#1146 = FACE_BOUND('',#1147,.T.);
#1147 = EDGE_LOOP('',(#1148,#1149,#1150,#1158));
#1148 = ORIENTED_EDGE('',*,*,#1021,.F.);
#1149 = ORIENTED_EDGE('',*,*,#1110,.T.);
#1150 = ORIENTED_EDGE('',*,*,#1151,.T.);
#1151 = EDGE_CURVE('',#1102,#1152,#1154,.T.);
#1152 = VERTEX_POINT('',#1153);
#1153 = CARTESIAN_POINT('',(-0.5,0.37,0.8));
#1154 = LINE('',#1155,#1156);
#1155 = CARTESIAN_POINT('',(-0.5,-0.4,0.8));
#1156 = VECTOR('',#1157,1.);
#1157 = DIRECTION('',(0.,1.,0.));
#1158 = ORIENTED_EDGE('',*,*,#1159,.F.);
#1159 = EDGE_CURVE('',#1013,#1152,#1160,.T.);
#1160 = LINE('',#1161,#1162);
#1161 = CARTESIAN_POINT('',(-0.8,0.37,0.8));
#1162 = VECTOR('',#1163,1.);
#1163 = DIRECTION('',(1.,0.,0.));
#1164 = PLANE('',#1165);
#1165 = AXIS2_PLACEMENT_3D('',#1166,#1167,#1168);
#1166 = CARTESIAN_POINT('',(-0.8,-0.4,0.8));
#1167 = DIRECTION('',(0.,0.,1.));
#1168 = DIRECTION('',(1.,0.,-0.));
#1169 = ADVANCED_FACE('',(#1170),#1189,.T.);
#1170 = FACE_BOUND('',#1171,.T.);
#1171 = EDGE_LOOP('',(#1172,#1180,#1187,#1188));
#1172 = ORIENTED_EDGE('',*,*,#1173,.T.);
#1173 = EDGE_CURVE('',#996,#1174,#1176,.T.);
#1174 = VERTEX_POINT('',#1175);
#1175 = CARTESIAN_POINT('',(-0.5,0.4,3.E-02));
#1176 = LINE('',#1177,#1178);
#1177 = CARTESIAN_POINT('',(-0.8,0.4,3.E-02));
#1178 = VECTOR('',#1179,1.);
#1179 = DIRECTION('',(1.,0.,0.));
#1180 = ORIENTED_EDGE('',*,*,#1181,.T.);
#1181 = EDGE_CURVE('',#1174,#1128,#1182,.T.);
#1182 = CIRCLE('',#1183,3.E-02);
#1183 = AXIS2_PLACEMENT_3D('',#1184,#1185,#1186);
#1184 = CARTESIAN_POINT('',(-0.5,0.37,3.E-02));
#1185 = DIRECTION('',(-1.,0.,0.));
#1186 = DIRECTION('',(0.,0.,1.));
#1187 = ORIENTED_EDGE('',*,*,#1135,.F.);
#1188 = ORIENTED_EDGE('',*,*,#995,.F.);
#1189 = CYLINDRICAL_SURFACE('',#1190,3.E-02);
#1190 = AXIS2_PLACEMENT_3D('',#1191,#1192,#1193);
#1191 = CARTESIAN_POINT('',(-0.8,0.37,3.E-02));
#1192 = DIRECTION('',(1.,0.,0.));
#1193 = DIRECTION('',(-0.,1.,0.));
#1194 = ADVANCED_FACE('',(#1195),#1214,.T.);
#1195 = FACE_BOUND('',#1196,.T.);
#1196 = EDGE_LOOP('',(#1197,#1198,#1199,#1208));
#1197 = ORIENTED_EDGE('',*,*,#1012,.T.);
#1198 = ORIENTED_EDGE('',*,*,#1159,.T.);
#1199 = ORIENTED_EDGE('',*,*,#1200,.F.);
#1200 = EDGE_CURVE('',#1201,#1152,#1203,.T.);
#1201 = VERTEX_POINT('',#1202);
#1202 = CARTESIAN_POINT('',(-0.5,0.4,0.77));
#1203 = CIRCLE('',#1204,3.E-02);
#1204 = AXIS2_PLACEMENT_3D('',#1205,#1206,#1207);
#1205 = CARTESIAN_POINT('',(-0.5,0.37,0.77));
#1206 = DIRECTION('',(1.,0.,-0.));
#1207 = DIRECTION('',(0.,0.,1.));
#1208 = ORIENTED_EDGE('',*,*,#1209,.F.);
#1209 = EDGE_CURVE('',#1005,#1201,#1210,.T.);
#1210 = LINE('',#1211,#1212);
#1211 = CARTESIAN_POINT('',(-0.8,0.4,0.77));
#1212 = VECTOR('',#1213,1.);
#1213 = DIRECTION('',(1.,0.,0.));
#1214 = CYLINDRICAL_SURFACE('',#1215,3.E-02);
#1215 = AXIS2_PLACEMENT_3D('',#1216,#1217,#1218);
#1216 = CARTESIAN_POINT('',(-0.8,0.37,0.77));
#1217 = DIRECTION('',(1.,0.,0.));
#1218 = DIRECTION('',(-0.,1.,0.));
#1219 = ADVANCED_FACE('',(#1220),#1231,.T.);
#1220 = FACE_BOUND('',#1221,.T.);
#1221 = EDGE_LOOP('',(#1222,#1228,#1229,#1230));
#1222 = ORIENTED_EDGE('',*,*,#1223,.F.);
#1223 = EDGE_CURVE('',#1174,#1201,#1224,.T.);
#1224 = LINE('',#1225,#1226);
#1225 = CARTESIAN_POINT('',(-0.5,0.4,0.));
#1226 = VECTOR('',#1227,1.);
#1227 = DIRECTION('',(0.,0.,1.));
#1228 = ORIENTED_EDGE('',*,*,#1173,.F.);
#1229 = ORIENTED_EDGE('',*,*,#1004,.T.);
#1230 = ORIENTED_EDGE('',*,*,#1209,.T.);
#1231 = PLANE('',#1232);
#1232 = AXIS2_PLACEMENT_3D('',#1233,#1234,#1235);
#1233 = CARTESIAN_POINT('',(-0.8,0.4,0.));
#1234 = DIRECTION('',(0.,1.,0.));
#1235 = DIRECTION('',(0.,-0.,1.));
#1236 = ADVANCED_FACE('',(#1237,#1247),#1317,.T.);
#1237 = FACE_BOUND('',#1238,.T.);
#1238 = EDGE_LOOP('',(#1239,#1240,#1241,#1242,#1243,#1244,#1245,#1246));
#1239 = ORIENTED_EDGE('',*,*,#1044,.F.);
#1240 = ORIENTED_EDGE('',*,*,#1084,.T.);
#1241 = ORIENTED_EDGE('',*,*,#1127,.T.);
#1242 = ORIENTED_EDGE('',*,*,#1181,.F.);
#1243 = ORIENTED_EDGE('',*,*,#1223,.T.);
#1244 = ORIENTED_EDGE('',*,*,#1200,.T.);
#1245 = ORIENTED_EDGE('',*,*,#1151,.F.);
#1246 = ORIENTED_EDGE('',*,*,#1101,.F.);
#1247 = FACE_BOUND('',#1248,.T.);
#1248 = EDGE_LOOP('',(#1249,#1260,#1268,#1277,#1285,#1294,#1302,#1311));
#1249 = ORIENTED_EDGE('',*,*,#1250,.F.);
#1250 = EDGE_CURVE('',#1251,#1253,#1255,.T.);
#1251 = VERTEX_POINT('',#1252);
#1252 = CARTESIAN_POINT('',(-0.5,-0.37,6.E-02));
#1253 = VERTEX_POINT('',#1254);
#1254 = CARTESIAN_POINT('',(-0.5,-0.34,3.E-02));
#1255 = CIRCLE('',#1256,3.E-02);
#1256 = AXIS2_PLACEMENT_3D('',#1257,#1258,#1259);
#1257 = CARTESIAN_POINT('',(-0.5,-0.34,6.E-02));
#1258 = DIRECTION('',(1.,0.,-0.));
#1259 = DIRECTION('',(0.,0.,1.));
#1260 = ORIENTED_EDGE('',*,*,#1261,.T.);
#1261 = EDGE_CURVE('',#1251,#1262,#1264,.T.);
#1262 = VERTEX_POINT('',#1263);
#1263 = CARTESIAN_POINT('',(-0.5,-0.37,0.74));
#1264 = LINE('',#1265,#1266);
#1265 = CARTESIAN_POINT('',(-0.5,-0.37,3.E-02));
#1266 = VECTOR('',#1267,1.);
#1267 = DIRECTION('',(0.,0.,1.));
#1268 = ORIENTED_EDGE('',*,*,#1269,.T.);
#1269 = EDGE_CURVE('',#1262,#1270,#1272,.T.);
#1270 = VERTEX_POINT('',#1271);
#1271 = CARTESIAN_POINT('',(-0.5,-0.34,0.77));
#1272 = CIRCLE('',#1273,3.E-02);
#1273 = AXIS2_PLACEMENT_3D('',#1274,#1275,#1276);
#1274 = CARTESIAN_POINT('',(-0.5,-0.34,0.74));
#1275 = DIRECTION('',(-1.,0.,0.));
#1276 = DIRECTION('',(0.,0.,1.));
#1277 = ORIENTED_EDGE('',*,*,#1278,.T.);
#1278 = EDGE_CURVE('',#1270,#1279,#1281,.T.);
#1279 = VERTEX_POINT('',#1280);
#1280 = CARTESIAN_POINT('',(-0.5,0.34,0.77));
#1281 = LINE('',#1282,#1283);
#1282 = CARTESIAN_POINT('',(-0.5,-0.37,0.77));
#1283 = VECTOR('',#1284,1.);
#1284 = DIRECTION('',(0.,1.,0.));
#1285 = ORIENTED_EDGE('',*,*,#1286,.F.);
#1286 = EDGE_CURVE('',#1287,#1279,#1289,.T.);
#1287 = VERTEX_POINT('',#1288);
#1288 = CARTESIAN_POINT('',(-0.5,0.37,0.74));
#1289 = CIRCLE('',#1290,3.E-02);
#1290 = AXIS2_PLACEMENT_3D('',#1291,#1292,#1293);
#1291 = CARTESIAN_POINT('',(-0.5,0.34,0.74));
#1292 = DIRECTION('',(1.,0.,-0.));
#1293 = DIRECTION('',(0.,0.,1.));
#1294 = ORIENTED_EDGE('',*,*,#1295,.F.);
#1295 = EDGE_CURVE('',#1296,#1287,#1298,.T.);
#1296 = VERTEX_POINT('',#1297);
#1297 = CARTESIAN_POINT('',(-0.5,0.37,6.E-02));
#1298 = LINE('',#1299,#1300);
#1299 = CARTESIAN_POINT('',(-0.5,0.37,3.E-02));
#1300 = VECTOR('',#1301,1.);
#1301 = DIRECTION('',(0.,0.,1.));
#1302 = ORIENTED_EDGE('',*,*,#1303,.T.);
#1303 = EDGE_CURVE('',#1296,#1304,#1306,.T.);
#1304 = VERTEX_POINT('',#1305);
#1305 = CARTESIAN_POINT('',(-0.5,0.34,3.E-02));
#1306 = CIRCLE('',#1307,3.E-02);
#1307 = AXIS2_PLACEMENT_3D('',#1308,#1309,#1310);
#1308 = CARTESIAN_POINT('',(-0.5,0.34,6.E-02));
#1309 = DIRECTION('',(-1.,0.,0.));
#1310 = DIRECTION('',(0.,0.,1.));
#1311 = ORIENTED_EDGE('',*,*,#1312,.F.);
#1312 = EDGE_CURVE('',#1253,#1304,#1313,.T.);
#1313 = LINE('',#1314,#1315);
#1314 = CARTESIAN_POINT('',(-0.5,-0.37,3.E-02));
#1315 = VECTOR('',#1316,1.);
#1316 = DIRECTION('',(0.,1.,0.));
#1317 = PLANE('',#1318);
#1318 = AXIS2_PLACEMENT_3D('',#1319,#1320,#1321);
#1319 = CARTESIAN_POINT('',(-0.5,-0.4,0.));
#1320 = DIRECTION('',(1.,0.,0.));
#1321 = DIRECTION('',(0.,0.,1.));
#1322 = ADVANCED_FACE('',(#1323),#1349,.T.);
#1323 = FACE_BOUND('',#1324,.T.);
#1324 = EDGE_LOOP('',(#1325,#1326,#1334,#1343));
#1325 = ORIENTED_EDGE('',*,*,#1250,.T.);
#1326 = ORIENTED_EDGE('',*,*,#1327,.T.);
#1327 = EDGE_CURVE('',#1253,#1328,#1330,.T.);
#1328 = VERTEX_POINT('',#1329);
#1329 = CARTESIAN_POINT('',(0.5,-0.34,3.E-02));
#1330 = LINE('',#1331,#1332);
#1331 = CARTESIAN_POINT('',(-0.5,-0.34,3.E-02));
#1332 = VECTOR('',#1333,1.);
#1333 = DIRECTION('',(1.,0.,0.));
#1334 = ORIENTED_EDGE('',*,*,#1335,.F.);
#1335 = EDGE_CURVE('',#1336,#1328,#1338,.T.);
#1336 = VERTEX_POINT('',#1337);
#1337 = CARTESIAN_POINT('',(0.5,-0.37,6.E-02));
#1338 = CIRCLE('',#1339,3.E-02);
#1339 = AXIS2_PLACEMENT_3D('',#1340,#1341,#1342);
#1340 = CARTESIAN_POINT('',(0.5,-0.34,6.E-02));
#1341 = DIRECTION('',(1.,0.,-0.));
#1342 = DIRECTION('',(0.,0.,1.));
#1343 = ORIENTED_EDGE('',*,*,#1344,.F.);
#1344 = EDGE_CURVE('',#1251,#1336,#1345,.T.);
#1345 = LINE('',#1346,#1347);
#1346 = CARTESIAN_POINT('',(-0.5,-0.37,6.E-02));
#1347 = VECTOR('',#1348,1.);
#1348 = DIRECTION('',(1.,0.,0.));
#1349 = CYLINDRICAL_SURFACE('',#1350,3.E-02);
#1350 = AXIS2_PLACEMENT_3D('',#1351,#1352,#1353);
#1351 = CARTESIAN_POINT('',(-0.5,-0.34,6.E-02));
#1352 = DIRECTION('',(1.,0.,0.));
#1353 = DIRECTION('',(0.,-1.,0.));
#1354 = ADVANCED_FACE('',(#1355),#1373,.F.);
#1355 = FACE_BOUND('',#1356,.F.);
#1356 = EDGE_LOOP('',(#1357,#1358,#1359,#1367));
#1357 = ORIENTED_EDGE('',*,*,#1312,.F.);
#1358 = ORIENTED_EDGE('',*,*,#1327,.T.);
#1359 = ORIENTED_EDGE('',*,*,#1360,.T.);
#1360 = EDGE_CURVE('',#1328,#1361,#1363,.T.);
#1361 = VERTEX_POINT('',#1362);
#1362 = CARTESIAN_POINT('',(0.5,0.34,3.E-02));
#1363 = LINE('',#1364,#1365);
#1364 = CARTESIAN_POINT('',(0.5,-0.37,3.E-02));
#1365 = VECTOR('',#1366,1.);
#1366 = DIRECTION('',(0.,1.,0.));
#1367 = ORIENTED_EDGE('',*,*,#1368,.F.);
#1368 = EDGE_CURVE('',#1304,#1361,#1369,.T.);
#1369 = LINE('',#1370,#1371);
#1370 = CARTESIAN_POINT('',(-0.5,0.34,3.E-02));
#1371 = VECTOR('',#1372,1.);
#1372 = DIRECTION('',(1.,0.,0.));
#1373 = PLANE('',#1374);
#1374 = AXIS2_PLACEMENT_3D('',#1375,#1376,#1377);
#1375 = CARTESIAN_POINT('',(-0.5,-0.37,3.E-02));
#1376 = DIRECTION('',(0.,0.,1.));
#1377 = DIRECTION('',(1.,0.,-0.));
#1378 = ADVANCED_FACE('',(#1379),#1398,.T.);
#1379 = FACE_BOUND('',#1380,.T.);
#1380 = EDGE_LOOP('',(#1381,#1389,#1396,#1397));
#1381 = ORIENTED_EDGE('',*,*,#1382,.T.);
#1382 = EDGE_CURVE('',#1296,#1383,#1385,.T.);
#1383 = VERTEX_POINT('',#1384);
#1384 = CARTESIAN_POINT('',(0.5,0.37,6.E-02));
#1385 = LINE('',#1386,#1387);
#1386 = CARTESIAN_POINT('',(-0.5,0.37,6.E-02));
#1387 = VECTOR('',#1388,1.);
#1388 = DIRECTION('',(1.,0.,0.));
#1389 = ORIENTED_EDGE('',*,*,#1390,.T.);
#1390 = EDGE_CURVE('',#1383,#1361,#1391,.T.);
#1391 = CIRCLE('',#1392,3.E-02);
#1392 = AXIS2_PLACEMENT_3D('',#1393,#1394,#1395);
#1393 = CARTESIAN_POINT('',(0.5,0.34,6.E-02));
#1394 = DIRECTION('',(-1.,0.,0.));
#1395 = DIRECTION('',(0.,0.,1.));
#1396 = ORIENTED_EDGE('',*,*,#1368,.F.);
#1397 = ORIENTED_EDGE('',*,*,#1303,.F.);
#1398 = CYLINDRICAL_SURFACE('',#1399,3.E-02);
#1399 = AXIS2_PLACEMENT_3D('',#1400,#1401,#1402);
#1400 = CARTESIAN_POINT('',(-0.5,0.34,6.E-02));
#1401 = DIRECTION('',(1.,0.,0.));
#1402 = DIRECTION('',(-0.,1.,0.));
#1403 = ADVANCED_FACE('',(#1404),#1422,.T.);
#1404 = FACE_BOUND('',#1405,.T.);
#1405 = EDGE_LOOP('',(#1406,#1414,#1415,#1416));
#1406 = ORIENTED_EDGE('',*,*,#1407,.F.);
#1407 = EDGE_CURVE('',#1383,#1408,#1410,.T.);
#1408 = VERTEX_POINT('',#1409);
#1409 = CARTESIAN_POINT('',(0.5,0.37,0.74));
#1410 = LINE('',#1411,#1412);
#1411 = CARTESIAN_POINT('',(0.5,0.37,3.E-02));
#1412 = VECTOR('',#1413,1.);
#1413 = DIRECTION('',(0.,0.,1.));
#1414 = ORIENTED_EDGE('',*,*,#1382,.F.);
#1415 = ORIENTED_EDGE('',*,*,#1295,.T.);
#1416 = ORIENTED_EDGE('',*,*,#1417,.T.);
#1417 = EDGE_CURVE('',#1287,#1408,#1418,.T.);
#1418 = LINE('',#1419,#1420);
#1419 = CARTESIAN_POINT('',(-0.5,0.37,0.74));
#1420 = VECTOR('',#1421,1.);
#1421 = DIRECTION('',(1.,0.,0.));
#1422 = PLANE('',#1423);
#1423 = AXIS2_PLACEMENT_3D('',#1424,#1425,#1426);
#1424 = CARTESIAN_POINT('',(-0.5,0.37,3.E-02));
#1425 = DIRECTION('',(0.,1.,0.));
#1426 = DIRECTION('',(0.,-0.,1.));
#1427 = ADVANCED_FACE('',(#1428),#1447,.T.);
#1428 = FACE_BOUND('',#1429,.T.);
#1429 = EDGE_LOOP('',(#1430,#1431,#1439,#1446));
#1430 = ORIENTED_EDGE('',*,*,#1286,.T.);
#1431 = ORIENTED_EDGE('',*,*,#1432,.T.);
#1432 = EDGE_CURVE('',#1279,#1433,#1435,.T.);
#1433 = VERTEX_POINT('',#1434);
#1434 = CARTESIAN_POINT('',(0.5,0.34,0.77));
#1435 = LINE('',#1436,#1437);
#1436 = CARTESIAN_POINT('',(-0.5,0.34,0.77));
#1437 = VECTOR('',#1438,1.);
#1438 = DIRECTION('',(1.,0.,0.));
#1439 = ORIENTED_EDGE('',*,*,#1440,.F.);
#1440 = EDGE_CURVE('',#1408,#1433,#1441,.T.);
#1441 = CIRCLE('',#1442,3.E-02);
#1442 = AXIS2_PLACEMENT_3D('',#1443,#1444,#1445);
#1443 = CARTESIAN_POINT('',(0.5,0.34,0.74));
#1444 = DIRECTION('',(1.,0.,-0.));
#1445 = DIRECTION('',(0.,0.,1.));
#1446 = ORIENTED_EDGE('',*,*,#1417,.F.);
#1447 = CYLINDRICAL_SURFACE('',#1448,3.E-02);
#1448 = AXIS2_PLACEMENT_3D('',#1449,#1450,#1451);
#1449 = CARTESIAN_POINT('',(-0.5,0.34,0.74));
#1450 = DIRECTION('',(1.,0.,0.));
#1451 = DIRECTION('',(-0.,1.,0.));
#1452 = ADVANCED_FACE('',(#1453),#1471,.T.);
#1453 = FACE_BOUND('',#1454,.T.);
#1454 = EDGE_LOOP('',(#1455,#1456,#1464,#1470));
#1455 = ORIENTED_EDGE('',*,*,#1278,.F.);
#1456 = ORIENTED_EDGE('',*,*,#1457,.T.);
#1457 = EDGE_CURVE('',#1270,#1458,#1460,.T.);
#1458 = VERTEX_POINT('',#1459);
#1459 = CARTESIAN_POINT('',(0.5,-0.34,0.77));
#1460 = LINE('',#1461,#1462);
#1461 = CARTESIAN_POINT('',(-0.5,-0.34,0.77));
#1462 = VECTOR('',#1463,1.);
#1463 = DIRECTION('',(1.,0.,0.));
#1464 = ORIENTED_EDGE('',*,*,#1465,.T.);
#1465 = EDGE_CURVE('',#1458,#1433,#1466,.T.);
#1466 = LINE('',#1467,#1468);
#1467 = CARTESIAN_POINT('',(0.5,-0.37,0.77));
#1468 = VECTOR('',#1469,1.);
#1469 = DIRECTION('',(0.,1.,0.));
#1470 = ORIENTED_EDGE('',*,*,#1432,.F.);
#1471 = PLANE('',#1472);
#1472 = AXIS2_PLACEMENT_3D('',#1473,#1474,#1475);
#1473 = CARTESIAN_POINT('',(-0.5,-0.37,0.77));
#1474 = DIRECTION('',(0.,0.,1.));
#1475 = DIRECTION('',(1.,0.,-0.));
#1476 = ADVANCED_FACE('',(#1477),#1496,.T.);
#1477 = FACE_BOUND('',#1478,.T.);
#1478 = EDGE_LOOP('',(#1479,#1487,#1494,#1495));
#1479 = ORIENTED_EDGE('',*,*,#1480,.T.);
#1480 = EDGE_CURVE('',#1262,#1481,#1483,.T.);
#1481 = VERTEX_POINT('',#1482);
#1482 = CARTESIAN_POINT('',(0.5,-0.37,0.74));
#1483 = LINE('',#1484,#1485);
#1484 = CARTESIAN_POINT('',(-0.5,-0.37,0.74));
#1485 = VECTOR('',#1486,1.);
#1486 = DIRECTION('',(1.,0.,0.));
#1487 = ORIENTED_EDGE('',*,*,#1488,.T.);
#1488 = EDGE_CURVE('',#1481,#1458,#1489,.T.);
#1489 = CIRCLE('',#1490,3.E-02);
#1490 = AXIS2_PLACEMENT_3D('',#1491,#1492,#1493);
#1491 = CARTESIAN_POINT('',(0.5,-0.34,0.74));
#1492 = DIRECTION('',(-1.,0.,0.));
#1493 = DIRECTION('',(0.,0.,1.));
#1494 = ORIENTED_EDGE('',*,*,#1457,.F.);
#1495 = ORIENTED_EDGE('',*,*,#1269,.F.);
#1496 = CYLINDRICAL_SURFACE('',#1497,3.E-02);
#1497 = AXIS2_PLACEMENT_3D('',#1498,#1499,#1500);
#1498 = CARTESIAN_POINT('',(-0.5,-0.34,0.74));
#1499 = DIRECTION('',(1.,0.,0.));
#1500 = DIRECTION('',(0.,-1.,0.));
#1501 = ADVANCED_FACE('',(#1502),#1513,.F.);
#1502 = FACE_BOUND('',#1503,.F.);
#1503 = EDGE_LOOP('',(#1504,#1510,#1511,#1512));
#1504 = ORIENTED_EDGE('',*,*,#1505,.F.);
#1505 = EDGE_CURVE('',#1336,#1481,#1506,.T.);
#1506 = LINE('',#1507,#1508);
#1507 = CARTESIAN_POINT('',(0.5,-0.37,3.E-02));
#1508 = VECTOR('',#1509,1.);
#1509 = DIRECTION('',(0.,0.,1.));
#1510 = ORIENTED_EDGE('',*,*,#1344,.F.);
#1511 = ORIENTED_EDGE('',*,*,#1261,.T.);
#1512 = ORIENTED_EDGE('',*,*,#1480,.T.);
#1513 = PLANE('',#1514);
#1514 = AXIS2_PLACEMENT_3D('',#1515,#1516,#1517);
#1515 = CARTESIAN_POINT('',(-0.5,-0.37,3.E-02));
#1516 = DIRECTION('',(0.,1.,0.));
#1517 = DIRECTION('',(0.,-0.,1.));
#1518 = ADVANCED_FACE('',(#1519,#1589),#1599,.F.);
#1519 = FACE_BOUND('',#1520,.F.);
#1520 = EDGE_LOOP('',(#1521,#1531,#1540,#1548,#1557,#1565,#1574,#1582));
#1521 = ORIENTED_EDGE('',*,*,#1522,.F.);
#1522 = EDGE_CURVE('',#1523,#1525,#1527,.T.);
#1523 = VERTEX_POINT('',#1524);
#1524 = CARTESIAN_POINT('',(0.5,-0.4,3.E-02));
#1525 = VERTEX_POINT('',#1526);
#1526 = CARTESIAN_POINT('',(0.5,-0.4,0.77));
#1527 = LINE('',#1528,#1529);
#1528 = CARTESIAN_POINT('',(0.5,-0.4,0.));
#1529 = VECTOR('',#1530,1.);
#1530 = DIRECTION('',(0.,0.,1.));
#1531 = ORIENTED_EDGE('',*,*,#1532,.T.);
#1532 = EDGE_CURVE('',#1523,#1533,#1535,.T.);
#1533 = VERTEX_POINT('',#1534);
#1534 = CARTESIAN_POINT('',(0.5,-0.37,0.));
#1535 = CIRCLE('',#1536,3.E-02);
#1536 = AXIS2_PLACEMENT_3D('',#1537,#1538,#1539);
#1537 = CARTESIAN_POINT('',(0.5,-0.37,3.E-02));
#1538 = DIRECTION('',(1.,0.,-0.));
#1539 = DIRECTION('',(0.,0.,1.));
#1540 = ORIENTED_EDGE('',*,*,#1541,.T.);
#1541 = EDGE_CURVE('',#1533,#1542,#1544,.T.);
#1542 = VERTEX_POINT('',#1543);
#1543 = CARTESIAN_POINT('',(0.5,0.37,0.));
#1544 = LINE('',#1545,#1546);
#1545 = CARTESIAN_POINT('',(0.5,-0.4,0.));
#1546 = VECTOR('',#1547,1.);
#1547 = DIRECTION('',(0.,1.,0.));
#1548 = ORIENTED_EDGE('',*,*,#1549,.F.);
#1549 = EDGE_CURVE('',#1550,#1542,#1552,.T.);
#1550 = VERTEX_POINT('',#1551);
#1551 = CARTESIAN_POINT('',(0.5,0.4,3.E-02));
#1552 = CIRCLE('',#1553,3.E-02);
#1553 = AXIS2_PLACEMENT_3D('',#1554,#1555,#1556);
#1554 = CARTESIAN_POINT('',(0.5,0.37,3.E-02));
#1555 = DIRECTION('',(-1.,0.,0.));
#1556 = DIRECTION('',(0.,0.,1.));
#1557 = ORIENTED_EDGE('',*,*,#1558,.T.);
#1558 = EDGE_CURVE('',#1550,#1559,#1561,.T.);
#1559 = VERTEX_POINT('',#1560);
#1560 = CARTESIAN_POINT('',(0.5,0.4,0.77));
#1561 = LINE('',#1562,#1563);
#1562 = CARTESIAN_POINT('',(0.5,0.4,0.));
#1563 = VECTOR('',#1564,1.);
#1564 = DIRECTION('',(0.,0.,1.));
#1565 = ORIENTED_EDGE('',*,*,#1566,.T.);
#1566 = EDGE_CURVE('',#1559,#1567,#1569,.T.);
#1567 = VERTEX_POINT('',#1568);
#1568 = CARTESIAN_POINT('',(0.5,0.37,0.8));
#1569 = CIRCLE('',#1570,3.E-02);
#1570 = AXIS2_PLACEMENT_3D('',#1571,#1572,#1573);
#1571 = CARTESIAN_POINT('',(0.5,0.37,0.77));
#1572 = DIRECTION('',(1.,0.,-0.));
#1573 = DIRECTION('',(0.,0.,1.));
#1574 = ORIENTED_EDGE('',*,*,#1575,.F.);
#1575 = EDGE_CURVE('',#1576,#1567,#1578,.T.);
#1576 = VERTEX_POINT('',#1577);
#1577 = CARTESIAN_POINT('',(0.5,-0.37,0.8));
#1578 = LINE('',#1579,#1580);
#1579 = CARTESIAN_POINT('',(0.5,-0.4,0.8));
#1580 = VECTOR('',#1581,1.);
#1581 = DIRECTION('',(0.,1.,0.));
#1582 = ORIENTED_EDGE('',*,*,#1583,.F.);
#1583 = EDGE_CURVE('',#1525,#1576,#1584,.T.);
#1584 = CIRCLE('',#1585,3.E-02);
#1585 = AXIS2_PLACEMENT_3D('',#1586,#1587,#1588);
#1586 = CARTESIAN_POINT('',(0.5,-0.37,0.77));
#1587 = DIRECTION('',(-1.,0.,0.));
#1588 = DIRECTION('',(0.,0.,1.));
#1589 = FACE_BOUND('',#1590,.F.);
#1590 = EDGE_LOOP('',(#1591,#1592,#1593,#1594,#1595,#1596,#1597,#1598));
#1591 = ORIENTED_EDGE('',*,*,#1335,.F.);
#1592 = ORIENTED_EDGE('',*,*,#1505,.T.);
#1593 = ORIENTED_EDGE('',*,*,#1488,.T.);
#1594 = ORIENTED_EDGE('',*,*,#1465,.T.);
#1595 = ORIENTED_EDGE('',*,*,#1440,.F.);
#1596 = ORIENTED_EDGE('',*,*,#1407,.F.);
#1597 = ORIENTED_EDGE('',*,*,#1390,.T.);
#1598 = ORIENTED_EDGE('',*,*,#1360,.F.);
#1599 = PLANE('',#1600);
#1600 = AXIS2_PLACEMENT_3D('',#1601,#1602,#1603);
#1601 = CARTESIAN_POINT('',(0.5,-0.4,0.));
#1602 = DIRECTION('',(1.,0.,0.));
#1603 = DIRECTION('',(0.,0.,1.));
#1604 = ADVANCED_FACE('',(#1605),#1630,.F.);
#1605 = FACE_BOUND('',#1606,.F.);
#1606 = EDGE_LOOP('',(#1607,#1617,#1623,#1624));
#1607 = ORIENTED_EDGE('',*,*,#1608,.F.);
#1608 = EDGE_CURVE('',#1609,#1611,#1613,.T.);
#1609 = VERTEX_POINT('',#1610);
#1610 = CARTESIAN_POINT('',(0.8,-0.4,3.E-02));
#1611 = VERTEX_POINT('',#1612);
#1612 = CARTESIAN_POINT('',(0.8,-0.4,0.77));
#1613 = LINE('',#1614,#1615);
#1614 = CARTESIAN_POINT('',(0.8,-0.4,0.));
#1615 = VECTOR('',#1616,1.);
#1616 = DIRECTION('',(0.,0.,1.));
#1617 = ORIENTED_EDGE('',*,*,#1618,.F.);
#1618 = EDGE_CURVE('',#1523,#1609,#1619,.T.);
#1619 = LINE('',#1620,#1621);
#1620 = CARTESIAN_POINT('',(0.5,-0.4,3.E-02));
#1621 = VECTOR('',#1622,1.);
#1622 = DIRECTION('',(1.,0.,0.));
#1623 = ORIENTED_EDGE('',*,*,#1522,.T.);
#1624 = ORIENTED_EDGE('',*,*,#1625,.T.);
#1625 = EDGE_CURVE('',#1525,#1611,#1626,.T.);
#1626 = LINE('',#1627,#1628);
#1627 = CARTESIAN_POINT('',(0.5,-0.4,0.77));
#1628 = VECTOR('',#1629,1.);
#1629 = DIRECTION('',(1.,0.,0.));
#1630 = PLANE('',#1631);
#1631 = AXIS2_PLACEMENT_3D('',#1632,#1633,#1634);
#1632 = CARTESIAN_POINT('',(0.5,-0.4,0.));
#1633 = DIRECTION('',(0.,1.,0.));
#1634 = DIRECTION('',(0.,-0.,1.));
#1635 = ADVANCED_FACE('',(#1636),#1655,.T.);
#1636 = FACE_BOUND('',#1637,.T.);
#1637 = EDGE_LOOP('',(#1638,#1639,#1647,#1654));
#1638 = ORIENTED_EDGE('',*,*,#1532,.T.);
#1639 = ORIENTED_EDGE('',*,*,#1640,.T.);
#1640 = EDGE_CURVE('',#1533,#1641,#1643,.T.);
#1641 = VERTEX_POINT('',#1642);
#1642 = CARTESIAN_POINT('',(0.8,-0.37,0.));
#1643 = LINE('',#1644,#1645);
#1644 = CARTESIAN_POINT('',(0.5,-0.37,0.));
#1645 = VECTOR('',#1646,1.);
#1646 = DIRECTION('',(1.,0.,0.));
#1647 = ORIENTED_EDGE('',*,*,#1648,.F.);
#1648 = EDGE_CURVE('',#1609,#1641,#1649,.T.);
#1649 = CIRCLE('',#1650,3.E-02);
#1650 = AXIS2_PLACEMENT_3D('',#1651,#1652,#1653);
#1651 = CARTESIAN_POINT('',(0.8,-0.37,3.E-02));
#1652 = DIRECTION('',(1.,0.,-0.));
#1653 = DIRECTION('',(0.,0.,1.));
#1654 = ORIENTED_EDGE('',*,*,#1618,.F.);
#1655 = CYLINDRICAL_SURFACE('',#1656,3.E-02);
#1656 = AXIS2_PLACEMENT_3D('',#1657,#1658,#1659);
#1657 = CARTESIAN_POINT('',(0.5,-0.37,3.E-02));
#1658 = DIRECTION('',(1.,0.,0.));
#1659 = DIRECTION('',(0.,-1.,0.));
#1660 = ADVANCED_FACE('',(#1661),#1680,.T.);
#1661 = FACE_BOUND('',#1662,.T.);
#1662 = EDGE_LOOP('',(#1663,#1664,#1673,#1679));
#1663 = ORIENTED_EDGE('',*,*,#1625,.T.);
#1664 = ORIENTED_EDGE('',*,*,#1665,.T.);
#1665 = EDGE_CURVE('',#1611,#1666,#1668,.T.);
#1666 = VERTEX_POINT('',#1667);
#1667 = CARTESIAN_POINT('',(0.8,-0.37,0.8));
#1668 = CIRCLE('',#1669,3.E-02);
#1669 = AXIS2_PLACEMENT_3D('',#1670,#1671,#1672);
#1670 = CARTESIAN_POINT('',(0.8,-0.37,0.77));
#1671 = DIRECTION('',(-1.,0.,0.));
#1672 = DIRECTION('',(0.,0.,1.));
#1673 = ORIENTED_EDGE('',*,*,#1674,.F.);
#1674 = EDGE_CURVE('',#1576,#1666,#1675,.T.);
#1675 = LINE('',#1676,#1677);
#1676 = CARTESIAN_POINT('',(0.5,-0.37,0.8));
#1677 = VECTOR('',#1678,1.);
#1678 = DIRECTION('',(1.,0.,0.));
#1679 = ORIENTED_EDGE('',*,*,#1583,.F.);
#1680 = CYLINDRICAL_SURFACE('',#1681,3.E-02);
#1681 = AXIS2_PLACEMENT_3D('',#1682,#1683,#1684);
#1682 = CARTESIAN_POINT('',(0.5,-0.37,0.77));
#1683 = DIRECTION('',(1.,0.,0.));
#1684 = DIRECTION('',(0.,-1.,0.));
#1685 = ADVANCED_FACE('',(#1686),#1704,.F.);
#1686 = FACE_BOUND('',#1687,.F.);
#1687 = EDGE_LOOP('',(#1688,#1689,#1690,#1698));
#1688 = ORIENTED_EDGE('',*,*,#1541,.F.);
#1689 = ORIENTED_EDGE('',*,*,#1640,.T.);
#1690 = ORIENTED_EDGE('',*,*,#1691,.T.);
#1691 = EDGE_CURVE('',#1641,#1692,#1694,.T.);
#1692 = VERTEX_POINT('',#1693);
#1693 = CARTESIAN_POINT('',(0.8,0.37,0.));
#1694 = LINE('',#1695,#1696);
#1695 = CARTESIAN_POINT('',(0.8,-0.4,0.));
#1696 = VECTOR('',#1697,1.);
#1697 = DIRECTION('',(0.,1.,0.));
#1698 = ORIENTED_EDGE('',*,*,#1699,.F.);
#1699 = EDGE_CURVE('',#1542,#1692,#1700,.T.);
#1700 = LINE('',#1701,#1702);
#1701 = CARTESIAN_POINT('',(0.5,0.37,0.));
#1702 = VECTOR('',#1703,1.);
#1703 = DIRECTION('',(1.,0.,0.));
#1704 = PLANE('',#1705);
#1705 = AXIS2_PLACEMENT_3D('',#1706,#1707,#1708);
#1706 = CARTESIAN_POINT('',(0.5,-0.4,0.));
#1707 = DIRECTION('',(0.,0.,1.));
#1708 = DIRECTION('',(1.,0.,-0.));
#1709 = ADVANCED_FACE('',(#1710),#1728,.T.);
#1710 = FACE_BOUND('',#1711,.T.);
#1711 = EDGE_LOOP('',(#1712,#1713,#1714,#1722));
#1712 = ORIENTED_EDGE('',*,*,#1575,.F.);
#1713 = ORIENTED_EDGE('',*,*,#1674,.T.);
#1714 = ORIENTED_EDGE('',*,*,#1715,.T.);
#1715 = EDGE_CURVE('',#1666,#1716,#1718,.T.);
#1716 = VERTEX_POINT('',#1717);
#1717 = CARTESIAN_POINT('',(0.8,0.37,0.8));
#1718 = LINE('',#1719,#1720);
#1719 = CARTESIAN_POINT('',(0.8,-0.4,0.8));
#1720 = VECTOR('',#1721,1.);
#1721 = DIRECTION('',(0.,1.,0.));
#1722 = ORIENTED_EDGE('',*,*,#1723,.F.);
#1723 = EDGE_CURVE('',#1567,#1716,#1724,.T.);
#1724 = LINE('',#1725,#1726);
#1725 = CARTESIAN_POINT('',(0.5,0.37,0.8));
#1726 = VECTOR('',#1727,1.);
#1727 = DIRECTION('',(1.,0.,0.));
#1728 = PLANE('',#1729);
#1729 = AXIS2_PLACEMENT_3D('',#1730,#1731,#1732);
#1730 = CARTESIAN_POINT('',(0.5,-0.4,0.8));
#1731 = DIRECTION('',(0.,0.,1.));
#1732 = DIRECTION('',(1.,0.,-0.));
#1733 = ADVANCED_FACE('',(#1734),#1753,.T.);
#1734 = FACE_BOUND('',#1735,.T.);
#1735 = EDGE_LOOP('',(#1736,#1744,#1751,#1752));
#1736 = ORIENTED_EDGE('',*,*,#1737,.T.);
#1737 = EDGE_CURVE('',#1550,#1738,#1740,.T.);
#1738 = VERTEX_POINT('',#1739);
#1739 = CARTESIAN_POINT('',(0.8,0.4,3.E-02));
#1740 = LINE('',#1741,#1742);
#1741 = CARTESIAN_POINT('',(0.5,0.4,3.E-02));
#1742 = VECTOR('',#1743,1.);
#1743 = DIRECTION('',(1.,0.,0.));
#1744 = ORIENTED_EDGE('',*,*,#1745,.T.);
#1745 = EDGE_CURVE('',#1738,#1692,#1746,.T.);
#1746 = CIRCLE('',#1747,3.E-02);
#1747 = AXIS2_PLACEMENT_3D('',#1748,#1749,#1750);
#1748 = CARTESIAN_POINT('',(0.8,0.37,3.E-02));
#1749 = DIRECTION('',(-1.,0.,0.));
#1750 = DIRECTION('',(0.,0.,1.));
#1751 = ORIENTED_EDGE('',*,*,#1699,.F.);
#1752 = ORIENTED_EDGE('',*,*,#1549,.F.);
#1753 = CYLINDRICAL_SURFACE('',#1754,3.E-02);
#1754 = AXIS2_PLACEMENT_3D('',#1755,#1756,#1757);
#1755 = CARTESIAN_POINT('',(0.5,0.37,3.E-02));
#1756 = DIRECTION('',(1.,0.,0.));
#1757 = DIRECTION('',(-0.,1.,0.));
#1758 = ADVANCED_FACE('',(#1759),#1778,.T.);
#1759 = FACE_BOUND('',#1760,.T.);
#1760 = EDGE_LOOP('',(#1761,#1762,#1763,#1772));
#1761 = ORIENTED_EDGE('',*,*,#1566,.T.);
#1762 = ORIENTED_EDGE('',*,*,#1723,.T.);
#1763 = ORIENTED_EDGE('',*,*,#1764,.F.);
#1764 = EDGE_CURVE('',#1765,#1716,#1767,.T.);
#1765 = VERTEX_POINT('',#1766);
#1766 = CARTESIAN_POINT('',(0.8,0.4,0.77));
#1767 = CIRCLE('',#1768,3.E-02);
#1768 = AXIS2_PLACEMENT_3D('',#1769,#1770,#1771);
#1769 = CARTESIAN_POINT('',(0.8,0.37,0.77));
#1770 = DIRECTION('',(1.,0.,-0.));
#1771 = DIRECTION('',(0.,0.,1.));
#1772 = ORIENTED_EDGE('',*,*,#1773,.F.);
#1773 = EDGE_CURVE('',#1559,#1765,#1774,.T.);
#1774 = LINE('',#1775,#1776);
#1775 = CARTESIAN_POINT('',(0.5,0.4,0.77));
#1776 = VECTOR('',#1777,1.);
#1777 = DIRECTION('',(1.,0.,0.));
#1778 = CYLINDRICAL_SURFACE('',#1779,3.E-02);
#1779 = AXIS2_PLACEMENT_3D('',#1780,#1781,#1782);
#1780 = CARTESIAN_POINT('',(0.5,0.37,0.77));
#1781 = DIRECTION('',(1.,0.,0.));
#1782 = DIRECTION('',(-0.,1.,0.));
#1783 = ADVANCED_FACE('',(#1784),#1795,.T.);
#1784 = FACE_BOUND('',#1785,.T.);
#1785 = EDGE_LOOP('',(#1786,#1792,#1793,#1794));
#1786 = ORIENTED_EDGE('',*,*,#1787,.F.);
#1787 = EDGE_CURVE('',#1738,#1765,#1788,.T.);
#1788 = LINE('',#1789,#1790);
#1789 = CARTESIAN_POINT('',(0.8,0.4,0.));
#1790 = VECTOR('',#1791,1.);
#1791 = DIRECTION('',(0.,0.,1.));
#1792 = ORIENTED_EDGE('',*,*,#1737,.F.);
#1793 = ORIENTED_EDGE('',*,*,#1558,.T.);
#1794 = ORIENTED_EDGE('',*,*,#1773,.T.);
#1795 = PLANE('',#1796);
#1796 = AXIS2_PLACEMENT_3D('',#1797,#1798,#1799);
#1797 = CARTESIAN_POINT('',(0.5,0.4,0.));
#1798 = DIRECTION('',(0.,1.,0.));
#1799 = DIRECTION('',(0.,-0.,1.));
#1800 = ADVANCED_FACE('',(#1801),#1811,.T.);
#1801 = FACE_BOUND('',#1802,.T.);
#1802 = EDGE_LOOP('',(#1803,#1804,#1805,#1806,#1807,#1808,#1809,#1810));
#1803 = ORIENTED_EDGE('',*,*,#1608,.F.);
#1804 = ORIENTED_EDGE('',*,*,#1648,.T.);
#1805 = ORIENTED_EDGE('',*,*,#1691,.T.);
#1806 = ORIENTED_EDGE('',*,*,#1745,.F.);
#1807 = ORIENTED_EDGE('',*,*,#1787,.T.);
#1808 = ORIENTED_EDGE('',*,*,#1764,.T.);
#1809 = ORIENTED_EDGE('',*,*,#1715,.F.);
#1810 = ORIENTED_EDGE('',*,*,#1665,.F.);
#1811 = PLANE('',#1812);
#1812 = AXIS2_PLACEMENT_3D('',#1813,#1814,#1815);
#1813 = CARTESIAN_POINT('',(0.8,-0.4,0.));
#1814 = DIRECTION('',(1.,0.,0.));
#1815 = DIRECTION('',(0.,0.,1.));
#1816 = ( GEOMETRIC_REPRESENTATION_CONTEXT(3) 
GLOBAL_UNCERTAINTY_ASSIGNED_CONTEXT((#1820)) 
GLOBAL_UNIT_ASSIGNED_CONTEXT((#1817,#1818,#1819)) REPRESENTATION_CONTEXT
('Context #1','3D Context with UNIT and UNCERTAINTY') );
#1817 = ( LENGTH_UNIT() NAMED_UNIT(*) SI_UNIT(.MILLI.,.METRE.) );
#1818 = ( NAMED_UNIT(*) PLANE_ANGLE_UNIT() SI_UNIT($,.RADIAN.) );
#1819 = ( NAMED_UNIT(*) SI_UNIT($,.STERADIAN.) SOLID_ANGLE_UNIT() );
#1820 = UNCERTAINTY_MEASURE_WITH_UNIT(LENGTH_MEASURE(1.E-07),#1817,
  'distance_accuracy_value','confusion accuracy');
#1821 = CONTEXT_DEPENDENT_SHAPE_REPRESENTATION(#1822,#1824);
#1822 = ( REPRESENTATION_RELATIONSHIP('','',#961,#10) 
REPRESENTATION_RELATIONSHIP_WITH_TRANSFORMATION(#1823) 
SHAPE_REPRESENTATION_RELATIONSHIP() );
#1823 = ITEM_DEFINED_TRANSFORMATION('','',#11,#19);
#1824 = PRODUCT_DEFINITION_SHAPE('Placement','Placement of an item',
  #1825);
#1825 = NEXT_ASSEMBLY_USAGE_OCCURRENCE('2','C12','',#5,#956,$);
#1826 = PRODUCT_RELATED_PRODUCT_CATEGORY('part',$,(#958));
#1827 = CONTEXT_DEPENDENT_SHAPE_REPRESENTATION(#1828,#1830);
#1828 = ( REPRESENTATION_RELATIONSHIP('','',#961,#10) 
REPRESENTATION_RELATIONSHIP_WITH_TRANSFORMATION(#1829) 
SHAPE_REPRESENTATION_RELATIONSHIP() );
#1829 = ITEM_DEFINED_TRANSFORMATION('','',#11,#23);
#1830 = PRODUCT_DEFINITION_SHAPE('Placement','Placement of an item',
  #1831);
#1831 = NEXT_ASSEMBLY_USAGE_OCCURRENCE('3','C5','',#5,#956,$);
#1832 = SHAPE_DEFINITION_REPRESENTATION(#1833,#1839);
#1833 = PRODUCT_DEFINITION_SHAPE('','',#1834);
#1834 = PRODUCT_DEFINITION('design','',#1835,#1838);
#1835 = PRODUCT_DEFINITION_FORMATION('','',#1836);
#1836 = PRODUCT('LGA-14_3x2.5mm_P0.5mm_LayoutBorder3x4y',
  'LGA-14_3x2.5mm_P0.5mm_LayoutBorder3x4y','',(#1837));
#1837 = PRODUCT_CONTEXT('',#2,'mechanical');
#1838 = PRODUCT_DEFINITION_CONTEXT('part definition',#2,'design');
#1839 = ADVANCED_BREP_SHAPE_REPRESENTATION('',(#11,#1840),#4023);
#1840 = MANIFOLD_SOLID_BREP('',#1841);
#1841 = CLOSED_SHELL('',(#1842,#1882,#1913,#1937,#1961,#1978,#2466,#2497
    ,#2521,#2545,#2562,#2593,#2617,#2641,#2658,#2689,#2713,#2737,#2754,
    #2785,#2809,#2833,#2850,#2881,#2905,#2929,#2946,#2977,#3001,#3025,
    #3042,#3073,#3097,#3121,#3138,#3169,#3193,#3217,#3234,#3265,#3289,
    #3313,#3330,#3361,#3385,#3409,#3426,#3457,#3481,#3505,#3522,#3553,
    #3577,#3601,#3618,#3649,#3673,#3697,#3714,#3745,#3769,#3793,#3810,
    #3833,#3845,#3857,#3869,#3881,#3893,#3905,#3917,#3929,#3941,#3953,
    #3965,#3977,#3989,#4014));
#1842 = ADVANCED_FACE('',(#1843),#1877,.F.);
#1843 = FACE_BOUND('',#1844,.F.);
#1844 = EDGE_LOOP('',(#1845,#1855,#1863,#1871));
#1845 = ORIENTED_EDGE('',*,*,#1846,.T.);
#1846 = EDGE_CURVE('',#1847,#1849,#1851,.T.);
#1847 = VERTEX_POINT('',#1848);
#1848 = CARTESIAN_POINT('',(-0.6,1.15,0.));
#1849 = VERTEX_POINT('',#1850);
#1850 = CARTESIAN_POINT('',(-0.6,0.75,0.));
#1851 = LINE('',#1852,#1853);
#1852 = CARTESIAN_POINT('',(-0.6,1.15,0.));
#1853 = VECTOR('',#1854,1.);
#1854 = DIRECTION('',(-4.555315873023E-16,-1.,0.));
#1855 = ORIENTED_EDGE('',*,*,#1856,.T.);
#1856 = EDGE_CURVE('',#1849,#1857,#1859,.T.);
#1857 = VERTEX_POINT('',#1858);
#1858 = CARTESIAN_POINT('',(-0.4,0.75,0.));
#1859 = LINE('',#1860,#1861);
#1860 = CARTESIAN_POINT('',(-0.6,0.75,0.));
#1861 = VECTOR('',#1862,1.);
#1862 = DIRECTION('',(1.,-4.555315873023E-16,0.));
#1863 = ORIENTED_EDGE('',*,*,#1864,.T.);
#1864 = EDGE_CURVE('',#1857,#1865,#1867,.T.);
#1865 = VERTEX_POINT('',#1866);
#1866 = CARTESIAN_POINT('',(-0.4,1.15,0.));
#1867 = LINE('',#1868,#1869);
#1868 = CARTESIAN_POINT('',(-0.4,0.75,0.));
#1869 = VECTOR('',#1870,1.);
#1870 = DIRECTION('',(4.555315873023E-16,1.,0.));
#1871 = ORIENTED_EDGE('',*,*,#1872,.T.);
#1872 = EDGE_CURVE('',#1865,#1847,#1873,.T.);
#1873 = LINE('',#1874,#1875);
#1874 = CARTESIAN_POINT('',(-0.4,1.15,0.));
#1875 = VECTOR('',#1876,1.);
#1876 = DIRECTION('',(-1.,4.555315873023E-16,0.));
#1877 = PLANE('',#1878);
#1878 = AXIS2_PLACEMENT_3D('',#1879,#1880,#1881);
#1879 = CARTESIAN_POINT('',(-0.5,0.95,0.));
#1880 = DIRECTION('',(0.,0.,1.));
#1881 = DIRECTION('',(-1.,4.555315873023E-16,0.));
#1882 = ADVANCED_FACE('',(#1883),#1908,.F.);
#1883 = FACE_BOUND('',#1884,.F.);
#1884 = EDGE_LOOP('',(#1885,#1886,#1894,#1902));
#1885 = ORIENTED_EDGE('',*,*,#1846,.F.);
#1886 = ORIENTED_EDGE('',*,*,#1887,.T.);
#1887 = EDGE_CURVE('',#1847,#1888,#1890,.T.);
#1888 = VERTEX_POINT('',#1889);
#1889 = CARTESIAN_POINT('',(-0.6,1.15,3.E-02));
#1890 = LINE('',#1891,#1892);
#1891 = CARTESIAN_POINT('',(-0.6,1.15,0.));
#1892 = VECTOR('',#1893,1.);
#1893 = DIRECTION('',(0.,0.,1.));
#1894 = ORIENTED_EDGE('',*,*,#1895,.F.);
#1895 = EDGE_CURVE('',#1896,#1888,#1898,.T.);
#1896 = VERTEX_POINT('',#1897);
#1897 = CARTESIAN_POINT('',(-0.6,0.75,3.E-02));
#1898 = LINE('',#1899,#1900);
#1899 = CARTESIAN_POINT('',(-0.6,1.2,3.E-02));
#1900 = VECTOR('',#1901,1.);
#1901 = DIRECTION('',(4.555315873023E-16,1.,0.));
#1902 = ORIENTED_EDGE('',*,*,#1903,.F.);
#1903 = EDGE_CURVE('',#1849,#1896,#1904,.T.);
#1904 = LINE('',#1905,#1906);
#1905 = CARTESIAN_POINT('',(-0.6,0.75,0.));
#1906 = VECTOR('',#1907,1.);
#1907 = DIRECTION('',(0.,0.,1.));
#1908 = PLANE('',#1909);
#1909 = AXIS2_PLACEMENT_3D('',#1910,#1911,#1912);
#1910 = CARTESIAN_POINT('',(-0.6,1.15,0.));
#1911 = DIRECTION('',(1.,-4.555315873023E-16,0.));
#1912 = DIRECTION('',(-4.555315873023E-16,-1.,0.));
#1913 = ADVANCED_FACE('',(#1914),#1932,.F.);
#1914 = FACE_BOUND('',#1915,.F.);
#1915 = EDGE_LOOP('',(#1916,#1917,#1918,#1926));
#1916 = ORIENTED_EDGE('',*,*,#1856,.F.);
#1917 = ORIENTED_EDGE('',*,*,#1903,.T.);
#1918 = ORIENTED_EDGE('',*,*,#1919,.F.);
#1919 = EDGE_CURVE('',#1920,#1896,#1922,.T.);
#1920 = VERTEX_POINT('',#1921);
#1921 = CARTESIAN_POINT('',(-0.4,0.75,3.E-02));
#1922 = LINE('',#1923,#1924);
#1923 = CARTESIAN_POINT('',(-1.05,0.75,3.E-02));
#1924 = VECTOR('',#1925,1.);
#1925 = DIRECTION('',(-1.,4.555315873023E-16,0.));
#1926 = ORIENTED_EDGE('',*,*,#1927,.F.);
#1927 = EDGE_CURVE('',#1857,#1920,#1928,.T.);
#1928 = LINE('',#1929,#1930);
#1929 = CARTESIAN_POINT('',(-0.4,0.75,0.));
#1930 = VECTOR('',#1931,1.);
#1931 = DIRECTION('',(0.,0.,1.));
#1932 = PLANE('',#1933);
#1933 = AXIS2_PLACEMENT_3D('',#1934,#1935,#1936);
#1934 = CARTESIAN_POINT('',(-0.6,0.75,0.));
#1935 = DIRECTION('',(4.555315873023E-16,1.,0.));
#1936 = DIRECTION('',(1.,-4.555315873023E-16,0.));
#1937 = ADVANCED_FACE('',(#1938),#1956,.F.);
#1938 = FACE_BOUND('',#1939,.F.);
#1939 = EDGE_LOOP('',(#1940,#1941,#1942,#1950));
#1940 = ORIENTED_EDGE('',*,*,#1864,.F.);
#1941 = ORIENTED_EDGE('',*,*,#1927,.T.);
#1942 = ORIENTED_EDGE('',*,*,#1943,.F.);
#1943 = EDGE_CURVE('',#1944,#1920,#1946,.T.);
#1944 = VERTEX_POINT('',#1945);
#1945 = CARTESIAN_POINT('',(-0.4,1.15,3.E-02));
#1946 = LINE('',#1947,#1948);
#1947 = CARTESIAN_POINT('',(-0.4,1.,3.E-02));
#1948 = VECTOR('',#1949,1.);
#1949 = DIRECTION('',(-4.555315873023E-16,-1.,0.));
#1950 = ORIENTED_EDGE('',*,*,#1951,.F.);
#1951 = EDGE_CURVE('',#1865,#1944,#1952,.T.);
#1952 = LINE('',#1953,#1954);
#1953 = CARTESIAN_POINT('',(-0.4,1.15,0.));
#1954 = VECTOR('',#1955,1.);
#1955 = DIRECTION('',(0.,0.,1.));
#1956 = PLANE('',#1957);
#1957 = AXIS2_PLACEMENT_3D('',#1958,#1959,#1960);
#1958 = CARTESIAN_POINT('',(-0.4,0.75,0.));
#1959 = DIRECTION('',(-1.,4.555315873023E-16,0.));
#1960 = DIRECTION('',(4.555315873023E-16,1.,0.));
#1961 = ADVANCED_FACE('',(#1962),#1973,.F.);
#1962 = FACE_BOUND('',#1963,.F.);
#1963 = EDGE_LOOP('',(#1964,#1965,#1966,#1972));
#1964 = ORIENTED_EDGE('',*,*,#1872,.F.);
#1965 = ORIENTED_EDGE('',*,*,#1951,.T.);
#1966 = ORIENTED_EDGE('',*,*,#1967,.F.);
#1967 = EDGE_CURVE('',#1888,#1944,#1968,.T.);
#1968 = LINE('',#1969,#1970);
#1969 = CARTESIAN_POINT('',(-0.95,1.15,3.E-02));
#1970 = VECTOR('',#1971,1.);
#1971 = DIRECTION('',(1.,-4.555315873023E-16,0.));
#1972 = ORIENTED_EDGE('',*,*,#1887,.F.);
#1973 = PLANE('',#1974);
#1974 = AXIS2_PLACEMENT_3D('',#1975,#1976,#1977);
#1975 = CARTESIAN_POINT('',(-0.4,1.15,0.));
#1976 = DIRECTION('',(-4.555315873023E-16,-1.,0.));
#1977 = DIRECTION('',(-1.,4.555315873023E-16,0.));
#1978 = ADVANCED_FACE('',(#1979,#2013,#2047,#2081,#2115,#2149,#2183,
    #2217,#2251,#2285,#2319,#2353,#2359,#2393,#2427),#2461,.F.);
#1979 = FACE_BOUND('',#1980,.F.);
#1980 = EDGE_LOOP('',(#1981,#1991,#1999,#2007));
#1981 = ORIENTED_EDGE('',*,*,#1982,.F.);
#1982 = EDGE_CURVE('',#1983,#1985,#1987,.T.);
#1983 = VERTEX_POINT('',#1984);
#1984 = CARTESIAN_POINT('',(-1.5,1.25,3.E-02));
#1985 = VERTEX_POINT('',#1986);
#1986 = CARTESIAN_POINT('',(1.5,1.25,3.E-02));
#1987 = LINE('',#1988,#1989);
#1988 = CARTESIAN_POINT('',(-1.5,1.25,3.E-02));
#1989 = VECTOR('',#1990,1.);
#1990 = DIRECTION('',(1.,-2.22044604925E-16,0.));
#1991 = ORIENTED_EDGE('',*,*,#1992,.T.);
#1992 = EDGE_CURVE('',#1983,#1993,#1995,.T.);
#1993 = VERTEX_POINT('',#1994);
#1994 = CARTESIAN_POINT('',(-1.5,-1.25,3.E-02));
#1995 = LINE('',#1996,#1997);
#1996 = CARTESIAN_POINT('',(-1.5,1.25,3.E-02));
#1997 = VECTOR('',#1998,1.);
#1998 = DIRECTION('',(-2.22044604925E-16,-1.,0.));
#1999 = ORIENTED_EDGE('',*,*,#2000,.T.);
#2000 = EDGE_CURVE('',#1993,#2001,#2003,.T.);
#2001 = VERTEX_POINT('',#2002);
#2002 = CARTESIAN_POINT('',(1.5,-1.25,3.E-02));
#2003 = LINE('',#2004,#2005);
#2004 = CARTESIAN_POINT('',(-1.5,-1.25,3.E-02));
#2005 = VECTOR('',#2006,1.);
#2006 = DIRECTION('',(1.,-2.22044604925E-16,0.));
#2007 = ORIENTED_EDGE('',*,*,#2008,.F.);
#2008 = EDGE_CURVE('',#1985,#2001,#2009,.T.);
#2009 = LINE('',#2010,#2011);
#2010 = CARTESIAN_POINT('',(1.5,1.25,3.E-02));
#2011 = VECTOR('',#2012,1.);
#2012 = DIRECTION('',(-2.22044604925E-16,-1.,0.));
#2013 = FACE_BOUND('',#2014,.F.);
#2014 = EDGE_LOOP('',(#2015,#2025,#2033,#2041));
#2015 = ORIENTED_EDGE('',*,*,#2016,.T.);
#2016 = EDGE_CURVE('',#2017,#2019,#2021,.T.);
#2017 = VERTEX_POINT('',#2018);
#2018 = CARTESIAN_POINT('',(-1.4,-0.65,3.E-02));
#2019 = VERTEX_POINT('',#2020);
#2020 = CARTESIAN_POINT('',(-1.,-0.65,3.E-02));
#2021 = LINE('',#2022,#2023);
#2022 = CARTESIAN_POINT('',(-1.25,-0.65,3.E-02));
#2023 = VECTOR('',#2024,1.);
#2024 = DIRECTION('',(1.,-4.669739647545E-16,0.));
#2025 = ORIENTED_EDGE('',*,*,#2026,.T.);
#2026 = EDGE_CURVE('',#2019,#2027,#2029,.T.);
#2027 = VERTEX_POINT('',#2028);
#2028 = CARTESIAN_POINT('',(-1.,-0.85,3.E-02));
#2029 = LINE('',#2030,#2031);
#2030 = CARTESIAN_POINT('',(-1.,0.2,3.E-02));
#2031 = VECTOR('',#2032,1.);
#2032 = DIRECTION('',(-4.669739647545E-16,-1.,0.));
#2033 = ORIENTED_EDGE('',*,*,#2034,.T.);
#2034 = EDGE_CURVE('',#2027,#2035,#2037,.T.);
#2035 = VERTEX_POINT('',#2036);
#2036 = CARTESIAN_POINT('',(-1.4,-0.85,3.E-02));
#2037 = LINE('',#2038,#2039);
#2038 = CARTESIAN_POINT('',(-1.45,-0.85,3.E-02));
#2039 = VECTOR('',#2040,1.);
#2040 = DIRECTION('',(-1.,4.669739647545E-16,0.));
#2041 = ORIENTED_EDGE('',*,*,#2042,.T.);
#2042 = EDGE_CURVE('',#2035,#2017,#2043,.T.);
#2043 = LINE('',#2044,#2045);
#2044 = CARTESIAN_POINT('',(-1.4,0.3,3.E-02));
#2045 = VECTOR('',#2046,1.);
#2046 = DIRECTION('',(4.669739647545E-16,1.,0.));
#2047 = FACE_BOUND('',#2048,.F.);
#2048 = EDGE_LOOP('',(#2049,#2059,#2067,#2075));
#2049 = ORIENTED_EDGE('',*,*,#2050,.T.);
#2050 = EDGE_CURVE('',#2051,#2053,#2055,.T.);
#2051 = VERTEX_POINT('',#2052);
#2052 = CARTESIAN_POINT('',(-0.1,-0.75,3.E-02));
#2053 = VERTEX_POINT('',#2054);
#2054 = CARTESIAN_POINT('',(0.1,-0.75,3.E-02));
#2055 = LINE('',#2056,#2057);
#2056 = CARTESIAN_POINT('',(-0.7,-0.75,3.E-02));
#2057 = VECTOR('',#2058,1.);
#2058 = DIRECTION('',(1.,-5.665538897648E-16,0.));
#2059 = ORIENTED_EDGE('',*,*,#2060,.T.);
#2060 = EDGE_CURVE('',#2053,#2061,#2063,.T.);
#2061 = VERTEX_POINT('',#2062);
#2062 = CARTESIAN_POINT('',(0.1,-1.15,3.E-02));
#2063 = LINE('',#2064,#2065);
#2064 = CARTESIAN_POINT('',(0.1,5.E-02,3.E-02));
#2065 = VECTOR('',#2066,1.);
#2066 = DIRECTION('',(-5.665538897648E-16,-1.,0.));
#2067 = ORIENTED_EDGE('',*,*,#2068,.T.);
#2068 = EDGE_CURVE('',#2061,#2069,#2071,.T.);
#2069 = VERTEX_POINT('',#2070);
#2070 = CARTESIAN_POINT('',(-0.1,-1.15,3.E-02));
#2071 = LINE('',#2072,#2073);
#2072 = CARTESIAN_POINT('',(-0.8,-1.15,3.E-02));
#2073 = VECTOR('',#2074,1.);
#2074 = DIRECTION('',(-1.,5.665538897648E-16,0.));
#2075 = ORIENTED_EDGE('',*,*,#2076,.T.);
#2076 = EDGE_CURVE('',#2069,#2051,#2077,.T.);
#2077 = LINE('',#2078,#2079);
#2078 = CARTESIAN_POINT('',(-0.1,0.25,3.E-02));
#2079 = VECTOR('',#2080,1.);
#2080 = DIRECTION('',(5.665538897648E-16,1.,0.));
#2081 = FACE_BOUND('',#2082,.F.);
#2082 = EDGE_LOOP('',(#2083,#2093,#2101,#2109));
#2083 = ORIENTED_EDGE('',*,*,#2084,.T.);
#2084 = EDGE_CURVE('',#2085,#2087,#2089,.T.);
#2085 = VERTEX_POINT('',#2086);
#2086 = CARTESIAN_POINT('',(-0.6,-0.75,3.E-02));
#2087 = VERTEX_POINT('',#2088);
#2088 = CARTESIAN_POINT('',(-0.4,-0.75,3.E-02));
#2089 = LINE('',#2090,#2091);
#2090 = CARTESIAN_POINT('',(-0.95,-0.75,3.E-02));
#2091 = VECTOR('',#2092,1.);
#2092 = DIRECTION('',(1.,-5.665538897648E-16,0.));
#2093 = ORIENTED_EDGE('',*,*,#2094,.T.);
#2094 = EDGE_CURVE('',#2087,#2095,#2097,.T.);
#2095 = VERTEX_POINT('',#2096);
#2096 = CARTESIAN_POINT('',(-0.4,-1.15,3.E-02));
#2097 = LINE('',#2098,#2099);
#2098 = CARTESIAN_POINT('',(-0.4,5.E-02,3.E-02));
#2099 = VECTOR('',#2100,1.);
#2100 = DIRECTION('',(-5.665538897648E-16,-1.,0.));
#2101 = ORIENTED_EDGE('',*,*,#2102,.T.);
#2102 = EDGE_CURVE('',#2095,#2103,#2105,.T.);
#2103 = VERTEX_POINT('',#2104);
#2104 = CARTESIAN_POINT('',(-0.6,-1.15,3.E-02));
#2105 = LINE('',#2106,#2107);
#2106 = CARTESIAN_POINT('',(-1.05,-1.15,3.E-02));
#2107 = VECTOR('',#2108,1.);
#2108 = DIRECTION('',(-1.,5.665538897648E-16,0.));
#2109 = ORIENTED_EDGE('',*,*,#2110,.T.);
#2110 = EDGE_CURVE('',#2103,#2085,#2111,.T.);
#2111 = LINE('',#2112,#2113);
#2112 = CARTESIAN_POINT('',(-0.6,0.25,3.E-02));
#2113 = VECTOR('',#2114,1.);
#2114 = DIRECTION('',(5.665538897648E-16,1.,0.));
#2115 = FACE_BOUND('',#2116,.F.);
#2116 = EDGE_LOOP('',(#2117,#2127,#2135,#2143));
#2117 = ORIENTED_EDGE('',*,*,#2118,.T.);
#2118 = EDGE_CURVE('',#2119,#2121,#2123,.T.);
#2119 = VERTEX_POINT('',#2120);
#2120 = CARTESIAN_POINT('',(1.,-0.85,3.E-02));
#2121 = VERTEX_POINT('',#2122);
#2122 = CARTESIAN_POINT('',(1.,-0.65,3.E-02));
#2123 = LINE('',#2124,#2125);
#2124 = CARTESIAN_POINT('',(1.,0.3,3.E-02));
#2125 = VECTOR('',#2126,1.);
#2126 = DIRECTION('',(3.445092848398E-16,1.,0.));
#2127 = ORIENTED_EDGE('',*,*,#2128,.T.);
#2128 = EDGE_CURVE('',#2121,#2129,#2131,.T.);
#2129 = VERTEX_POINT('',#2130);
#2130 = CARTESIAN_POINT('',(1.4,-0.65,3.E-02));
#2131 = LINE('',#2132,#2133);
#2132 = CARTESIAN_POINT('',(-5.E-02,-0.65,3.E-02));
#2133 = VECTOR('',#2134,1.);
#2134 = DIRECTION('',(1.,-3.445092848398E-16,0.));
#2135 = ORIENTED_EDGE('',*,*,#2136,.T.);
#2136 = EDGE_CURVE('',#2129,#2137,#2139,.T.);
#2137 = VERTEX_POINT('',#2138);
#2138 = CARTESIAN_POINT('',(1.4,-0.85,3.E-02));
#2139 = LINE('',#2140,#2141);
#2140 = CARTESIAN_POINT('',(1.4,0.2,3.E-02));
#2141 = VECTOR('',#2142,1.);
#2142 = DIRECTION('',(-3.445092848398E-16,-1.,0.));
#2143 = ORIENTED_EDGE('',*,*,#2144,.T.);
#2144 = EDGE_CURVE('',#2137,#2119,#2145,.T.);
#2145 = LINE('',#2146,#2147);
#2146 = CARTESIAN_POINT('',(-0.25,-0.85,3.E-02));
#2147 = VECTOR('',#2148,1.);
#2148 = DIRECTION('',(-1.,3.445092848398E-16,0.));
#2149 = FACE_BOUND('',#2150,.F.);
#2150 = EDGE_LOOP('',(#2151,#2161,#2169,#2177));
#2151 = ORIENTED_EDGE('',*,*,#2152,.T.);
#2152 = EDGE_CURVE('',#2153,#2155,#2157,.T.);
#2153 = VERTEX_POINT('',#2154);
#2154 = CARTESIAN_POINT('',(0.4,-0.75,3.E-02));
#2155 = VERTEX_POINT('',#2156);
#2156 = CARTESIAN_POINT('',(0.6,-0.75,3.E-02));
#2157 = LINE('',#2158,#2159);
#2158 = CARTESIAN_POINT('',(-0.45,-0.75,3.E-02));
#2159 = VECTOR('',#2160,1.);
#2160 = DIRECTION('',(1.,-5.665538897648E-16,0.));
#2161 = ORIENTED_EDGE('',*,*,#2162,.T.);
#2162 = EDGE_CURVE('',#2155,#2163,#2165,.T.);
#2163 = VERTEX_POINT('',#2164);
#2164 = CARTESIAN_POINT('',(0.6,-1.15,3.E-02));
#2165 = LINE('',#2166,#2167);
#2166 = CARTESIAN_POINT('',(0.6,5.E-02,3.E-02));
#2167 = VECTOR('',#2168,1.);
#2168 = DIRECTION('',(-5.665538897648E-16,-1.,0.));
#2169 = ORIENTED_EDGE('',*,*,#2170,.T.);
#2170 = EDGE_CURVE('',#2163,#2171,#2173,.T.);
#2171 = VERTEX_POINT('',#2172);
#2172 = CARTESIAN_POINT('',(0.4,-1.15,3.E-02));
#2173 = LINE('',#2174,#2175);
#2174 = CARTESIAN_POINT('',(-0.55,-1.15,3.E-02));
#2175 = VECTOR('',#2176,1.);
#2176 = DIRECTION('',(-1.,5.665538897648E-16,0.));
#2177 = ORIENTED_EDGE('',*,*,#2178,.T.);
#2178 = EDGE_CURVE('',#2171,#2153,#2179,.T.);
#2179 = LINE('',#2180,#2181);
#2180 = CARTESIAN_POINT('',(0.4,0.25,3.E-02));
#2181 = VECTOR('',#2182,1.);
#2182 = DIRECTION('',(5.665538897648E-16,1.,0.));
#2183 = FACE_BOUND('',#2184,.F.);
#2184 = EDGE_LOOP('',(#2185,#2195,#2203,#2211));
#2185 = ORIENTED_EDGE('',*,*,#2186,.T.);
#2186 = EDGE_CURVE('',#2187,#2189,#2191,.T.);
#2187 = VERTEX_POINT('',#2188);
#2188 = CARTESIAN_POINT('',(-1.,0.35,3.E-02));
#2189 = VERTEX_POINT('',#2190);
#2190 = CARTESIAN_POINT('',(-1.,0.15,3.E-02));
#2191 = LINE('',#2192,#2193);
#2192 = CARTESIAN_POINT('',(-1.,0.7,3.E-02));
#2193 = VECTOR('',#2194,1.);
#2194 = DIRECTION('',(-4.669739647545E-16,-1.,0.));
#2195 = ORIENTED_EDGE('',*,*,#2196,.T.);
#2196 = EDGE_CURVE('',#2189,#2197,#2199,.T.);
#2197 = VERTEX_POINT('',#2198);
#2198 = CARTESIAN_POINT('',(-1.4,0.15,3.E-02));
#2199 = LINE('',#2200,#2201);
#2200 = CARTESIAN_POINT('',(-1.45,0.15,3.E-02));
#2201 = VECTOR('',#2202,1.);
#2202 = DIRECTION('',(-1.,4.669739647545E-16,0.));
#2203 = ORIENTED_EDGE('',*,*,#2204,.T.);
#2204 = EDGE_CURVE('',#2197,#2205,#2207,.T.);
#2205 = VERTEX_POINT('',#2206);
#2206 = CARTESIAN_POINT('',(-1.4,0.35,3.E-02));
#2207 = LINE('',#2208,#2209);
#2208 = CARTESIAN_POINT('',(-1.4,0.8,3.E-02));
#2209 = VECTOR('',#2210,1.);
#2210 = DIRECTION('',(4.669739647545E-16,1.,0.));
#2211 = ORIENTED_EDGE('',*,*,#2212,.T.);
#2212 = EDGE_CURVE('',#2205,#2187,#2213,.T.);
#2213 = LINE('',#2214,#2215);
#2214 = CARTESIAN_POINT('',(-1.25,0.35,3.E-02));
#2215 = VECTOR('',#2216,1.);
#2216 = DIRECTION('',(1.,-4.669739647545E-16,0.));
#2217 = FACE_BOUND('',#2218,.F.);
#2218 = EDGE_LOOP('',(#2219,#2229,#2237,#2245));
#2219 = ORIENTED_EDGE('',*,*,#2220,.T.);
#2220 = EDGE_CURVE('',#2221,#2223,#2225,.T.);
#2221 = VERTEX_POINT('',#2222);
#2222 = CARTESIAN_POINT('',(-1.,-0.15,3.E-02));
#2223 = VERTEX_POINT('',#2224);
#2224 = CARTESIAN_POINT('',(-1.,-0.35,3.E-02));
#2225 = LINE('',#2226,#2227);
#2226 = CARTESIAN_POINT('',(-1.,0.45,3.E-02));
#2227 = VECTOR('',#2228,1.);
#2228 = DIRECTION('',(-4.669739647545E-16,-1.,0.));
#2229 = ORIENTED_EDGE('',*,*,#2230,.T.);
#2230 = EDGE_CURVE('',#2223,#2231,#2233,.T.);
#2231 = VERTEX_POINT('',#2232);
#2232 = CARTESIAN_POINT('',(-1.4,-0.35,3.E-02));
#2233 = LINE('',#2234,#2235);
#2234 = CARTESIAN_POINT('',(-1.45,-0.35,3.E-02));
#2235 = VECTOR('',#2236,1.);
#2236 = DIRECTION('',(-1.,4.669739647545E-16,0.));
#2237 = ORIENTED_EDGE('',*,*,#2238,.T.);
#2238 = EDGE_CURVE('',#2231,#2239,#2241,.T.);
#2239 = VERTEX_POINT('',#2240);
#2240 = CARTESIAN_POINT('',(-1.4,-0.15,3.E-02));
#2241 = LINE('',#2242,#2243);
#2242 = CARTESIAN_POINT('',(-1.4,0.55,3.E-02));
#2243 = VECTOR('',#2244,1.);
#2244 = DIRECTION('',(4.669739647545E-16,1.,0.));
#2245 = ORIENTED_EDGE('',*,*,#2246,.T.);
#2246 = EDGE_CURVE('',#2239,#2221,#2247,.T.);
#2247 = LINE('',#2248,#2249);
#2248 = CARTESIAN_POINT('',(-1.25,-0.15,3.E-02));
#2249 = VECTOR('',#2250,1.);
#2250 = DIRECTION('',(1.,-4.669739647545E-16,0.));
#2251 = FACE_BOUND('',#2252,.F.);
#2252 = EDGE_LOOP('',(#2253,#2263,#2271,#2279));
#2253 = ORIENTED_EDGE('',*,*,#2254,.T.);
#2254 = EDGE_CURVE('',#2255,#2257,#2259,.T.);
#2255 = VERTEX_POINT('',#2256);
#2256 = CARTESIAN_POINT('',(1.,-0.15,3.E-02));
#2257 = VERTEX_POINT('',#2258);
#2258 = CARTESIAN_POINT('',(1.4,-0.15,3.E-02));
#2259 = LINE('',#2260,#2261);
#2260 = CARTESIAN_POINT('',(-5.E-02,-0.15,3.E-02));
#2261 = VECTOR('',#2262,1.);
#2262 = DIRECTION('',(1.,-3.445092848398E-16,0.));
#2263 = ORIENTED_EDGE('',*,*,#2264,.T.);
#2264 = EDGE_CURVE('',#2257,#2265,#2267,.T.);
#2265 = VERTEX_POINT('',#2266);
#2266 = CARTESIAN_POINT('',(1.4,-0.35,3.E-02));
#2267 = LINE('',#2268,#2269);
#2268 = CARTESIAN_POINT('',(1.4,0.45,3.E-02));
#2269 = VECTOR('',#2270,1.);
#2270 = DIRECTION('',(-3.445092848398E-16,-1.,0.));
#2271 = ORIENTED_EDGE('',*,*,#2272,.T.);
#2272 = EDGE_CURVE('',#2265,#2273,#2275,.T.);
#2273 = VERTEX_POINT('',#2274);
#2274 = CARTESIAN_POINT('',(1.,-0.35,3.E-02));
#2275 = LINE('',#2276,#2277);
#2276 = CARTESIAN_POINT('',(-0.25,-0.35,3.E-02));
#2277 = VECTOR('',#2278,1.);
#2278 = DIRECTION('',(-1.,3.445092848398E-16,0.));
#2279 = ORIENTED_EDGE('',*,*,#2280,.T.);
#2280 = EDGE_CURVE('',#2273,#2255,#2281,.T.);
#2281 = LINE('',#2282,#2283);
#2282 = CARTESIAN_POINT('',(1.,0.55,3.E-02));
#2283 = VECTOR('',#2284,1.);
#2284 = DIRECTION('',(3.445092848398E-16,1.,0.));
#2285 = FACE_BOUND('',#2286,.F.);
#2286 = EDGE_LOOP('',(#2287,#2297,#2305,#2313));
#2287 = ORIENTED_EDGE('',*,*,#2288,.T.);
#2288 = EDGE_CURVE('',#2289,#2291,#2293,.T.);
#2289 = VERTEX_POINT('',#2290);
#2290 = CARTESIAN_POINT('',(1.4,0.15,3.E-02));
#2291 = VERTEX_POINT('',#2292);
#2292 = CARTESIAN_POINT('',(1.,0.15,3.E-02));
#2293 = LINE('',#2294,#2295);
#2294 = CARTESIAN_POINT('',(-0.25,0.15,3.E-02));
#2295 = VECTOR('',#2296,1.);
#2296 = DIRECTION('',(-1.,3.445092848398E-16,0.));
#2297 = ORIENTED_EDGE('',*,*,#2298,.T.);
#2298 = EDGE_CURVE('',#2291,#2299,#2301,.T.);
#2299 = VERTEX_POINT('',#2300);
#2300 = CARTESIAN_POINT('',(1.,0.35,3.E-02));
#2301 = LINE('',#2302,#2303);
#2302 = CARTESIAN_POINT('',(1.,0.8,3.E-02));
#2303 = VECTOR('',#2304,1.);
#2304 = DIRECTION('',(3.445092848398E-16,1.,0.));
#2305 = ORIENTED_EDGE('',*,*,#2306,.T.);
#2306 = EDGE_CURVE('',#2299,#2307,#2309,.T.);
#2307 = VERTEX_POINT('',#2308);
#2308 = CARTESIAN_POINT('',(1.4,0.35,3.E-02));
#2309 = LINE('',#2310,#2311);
#2310 = CARTESIAN_POINT('',(-5.E-02,0.35,3.E-02));
#2311 = VECTOR('',#2312,1.);
#2312 = DIRECTION('',(1.,-3.445092848398E-16,0.));
#2313 = ORIENTED_EDGE('',*,*,#2314,.T.);
#2314 = EDGE_CURVE('',#2307,#2289,#2315,.T.);
#2315 = LINE('',#2316,#2317);
#2316 = CARTESIAN_POINT('',(1.4,0.7,3.E-02));
#2317 = VECTOR('',#2318,1.);
#2318 = DIRECTION('',(-3.445092848398E-16,-1.,0.));
#2319 = FACE_BOUND('',#2320,.F.);
#2320 = EDGE_LOOP('',(#2321,#2331,#2339,#2347));
#2321 = ORIENTED_EDGE('',*,*,#2322,.T.);
#2322 = EDGE_CURVE('',#2323,#2325,#2327,.T.);
#2323 = VERTEX_POINT('',#2324);
#2324 = CARTESIAN_POINT('',(0.4,1.15,3.E-02));
#2325 = VERTEX_POINT('',#2326);
#2326 = CARTESIAN_POINT('',(0.6,1.15,3.E-02));
#2327 = LINE('',#2328,#2329);
#2328 = CARTESIAN_POINT('',(-0.45,1.15,3.E-02));
#2329 = VECTOR('',#2330,1.);
#2330 = DIRECTION('',(1.,-4.555315873023E-16,0.));
#2331 = ORIENTED_EDGE('',*,*,#2332,.T.);
#2332 = EDGE_CURVE('',#2325,#2333,#2335,.T.);
#2333 = VERTEX_POINT('',#2334);
#2334 = CARTESIAN_POINT('',(0.6,0.75,3.E-02));
#2335 = LINE('',#2336,#2337);
#2336 = CARTESIAN_POINT('',(0.6,1.,3.E-02));
#2337 = VECTOR('',#2338,1.);
#2338 = DIRECTION('',(-4.555315873023E-16,-1.,0.));
#2339 = ORIENTED_EDGE('',*,*,#2340,.T.);
#2340 = EDGE_CURVE('',#2333,#2341,#2343,.T.);
#2341 = VERTEX_POINT('',#2342);
#2342 = CARTESIAN_POINT('',(0.4,0.75,3.E-02));
#2343 = LINE('',#2344,#2345);
#2344 = CARTESIAN_POINT('',(-0.55,0.75,3.E-02));
#2345 = VECTOR('',#2346,1.);
#2346 = DIRECTION('',(-1.,4.555315873023E-16,0.));
#2347 = ORIENTED_EDGE('',*,*,#2348,.T.);
#2348 = EDGE_CURVE('',#2341,#2323,#2349,.T.);
#2349 = LINE('',#2350,#2351);
#2350 = CARTESIAN_POINT('',(0.4,1.2,3.E-02));
#2351 = VECTOR('',#2352,1.);
#2352 = DIRECTION('',(4.555315873023E-16,1.,0.));
#2353 = FACE_BOUND('',#2354,.F.);
#2354 = EDGE_LOOP('',(#2355,#2356,#2357,#2358));
#2355 = ORIENTED_EDGE('',*,*,#1895,.T.);
#2356 = ORIENTED_EDGE('',*,*,#1967,.T.);
#2357 = ORIENTED_EDGE('',*,*,#1943,.T.);
#2358 = ORIENTED_EDGE('',*,*,#1919,.T.);
#2359 = FACE_BOUND('',#2360,.F.);
#2360 = EDGE_LOOP('',(#2361,#2371,#2379,#2387));
#2361 = ORIENTED_EDGE('',*,*,#2362,.T.);
#2362 = EDGE_CURVE('',#2363,#2365,#2367,.T.);
#2363 = VERTEX_POINT('',#2364);
#2364 = CARTESIAN_POINT('',(-0.1,1.15,3.E-02));
#2365 = VERTEX_POINT('',#2366);
#2366 = CARTESIAN_POINT('',(0.1,1.15,3.E-02));
#2367 = LINE('',#2368,#2369);
#2368 = CARTESIAN_POINT('',(-0.7,1.15,3.E-02));
#2369 = VECTOR('',#2370,1.);
#2370 = DIRECTION('',(1.,-4.555315873023E-16,0.));
#2371 = ORIENTED_EDGE('',*,*,#2372,.T.);
#2372 = EDGE_CURVE('',#2365,#2373,#2375,.T.);
#2373 = VERTEX_POINT('',#2374);
#2374 = CARTESIAN_POINT('',(0.1,0.75,3.E-02));
#2375 = LINE('',#2376,#2377);
#2376 = CARTESIAN_POINT('',(0.1,1.,3.E-02));
#2377 = VECTOR('',#2378,1.);
#2378 = DIRECTION('',(-4.555315873023E-16,-1.,0.));
#2379 = ORIENTED_EDGE('',*,*,#2380,.T.);
#2380 = EDGE_CURVE('',#2373,#2381,#2383,.T.);
#2381 = VERTEX_POINT('',#2382);
#2382 = CARTESIAN_POINT('',(-0.1,0.75,3.E-02));
#2383 = LINE('',#2384,#2385);
#2384 = CARTESIAN_POINT('',(-0.8,0.75,3.E-02));
#2385 = VECTOR('',#2386,1.);
#2386 = DIRECTION('',(-1.,4.555315873023E-16,0.));
#2387 = ORIENTED_EDGE('',*,*,#2388,.T.);
#2388 = EDGE_CURVE('',#2381,#2363,#2389,.T.);
#2389 = LINE('',#2390,#2391);
#2390 = CARTESIAN_POINT('',(-0.1,1.2,3.E-02));
#2391 = VECTOR('',#2392,1.);
#2392 = DIRECTION('',(4.555315873023E-16,1.,0.));
#2393 = FACE_BOUND('',#2394,.F.);
#2394 = EDGE_LOOP('',(#2395,#2405,#2413,#2421));
#2395 = ORIENTED_EDGE('',*,*,#2396,.T.);
#2396 = EDGE_CURVE('',#2397,#2399,#2401,.T.);
#2397 = VERTEX_POINT('',#2398);
#2398 = CARTESIAN_POINT('',(1.,0.65,3.E-02));
#2399 = VERTEX_POINT('',#2400);
#2400 = CARTESIAN_POINT('',(1.,0.85,3.E-02));
#2401 = LINE('',#2402,#2403);
#2402 = CARTESIAN_POINT('',(1.,1.05,3.E-02));
#2403 = VECTOR('',#2404,1.);
#2404 = DIRECTION('',(3.445092848398E-16,1.,0.));
#2405 = ORIENTED_EDGE('',*,*,#2406,.T.);
#2406 = EDGE_CURVE('',#2399,#2407,#2409,.T.);
#2407 = VERTEX_POINT('',#2408);
#2408 = CARTESIAN_POINT('',(1.4,0.85,3.E-02));
#2409 = LINE('',#2410,#2411);
#2410 = CARTESIAN_POINT('',(-5.E-02,0.85,3.E-02));
#2411 = VECTOR('',#2412,1.);
#2412 = DIRECTION('',(1.,-3.445092848398E-16,0.));
#2413 = ORIENTED_EDGE('',*,*,#2414,.T.);
#2414 = EDGE_CURVE('',#2407,#2415,#2417,.T.);
#2415 = VERTEX_POINT('',#2416);
#2416 = CARTESIAN_POINT('',(1.4,0.65,3.E-02));
#2417 = LINE('',#2418,#2419);
#2418 = CARTESIAN_POINT('',(1.4,0.95,3.E-02));
#2419 = VECTOR('',#2420,1.);
#2420 = DIRECTION('',(-3.445092848398E-16,-1.,0.));
#2421 = ORIENTED_EDGE('',*,*,#2422,.T.);
#2422 = EDGE_CURVE('',#2415,#2397,#2423,.T.);
#2423 = LINE('',#2424,#2425);
#2424 = CARTESIAN_POINT('',(-0.25,0.65,3.E-02));
#2425 = VECTOR('',#2426,1.);
#2426 = DIRECTION('',(-1.,3.445092848398E-16,0.));
#2427 = FACE_BOUND('',#2428,.F.);
#2428 = EDGE_LOOP('',(#2429,#2439,#2447,#2455));
#2429 = ORIENTED_EDGE('',*,*,#2430,.T.);
#2430 = EDGE_CURVE('',#2431,#2433,#2435,.T.);
#2431 = VERTEX_POINT('',#2432);
#2432 = CARTESIAN_POINT('',(-1.4,0.65,3.E-02));
#2433 = VERTEX_POINT('',#2434);
#2434 = CARTESIAN_POINT('',(-1.4,0.85,3.E-02));
#2435 = LINE('',#2436,#2437);
#2436 = CARTESIAN_POINT('',(-1.4,1.05,3.E-02));
#2437 = VECTOR('',#2438,1.);
#2438 = DIRECTION('',(4.669739647545E-16,1.,0.));
#2439 = ORIENTED_EDGE('',*,*,#2440,.T.);
#2440 = EDGE_CURVE('',#2433,#2441,#2443,.T.);
#2441 = VERTEX_POINT('',#2442);
#2442 = CARTESIAN_POINT('',(-1.,0.85,3.E-02));
#2443 = LINE('',#2444,#2445);
#2444 = CARTESIAN_POINT('',(-1.25,0.85,3.E-02));
#2445 = VECTOR('',#2446,1.);
#2446 = DIRECTION('',(1.,-4.669739647545E-16,0.));
#2447 = ORIENTED_EDGE('',*,*,#2448,.T.);
#2448 = EDGE_CURVE('',#2441,#2449,#2451,.T.);
#2449 = VERTEX_POINT('',#2450);
#2450 = CARTESIAN_POINT('',(-1.,0.65,3.E-02));
#2451 = LINE('',#2452,#2453);
#2452 = CARTESIAN_POINT('',(-1.,0.95,3.E-02));
#2453 = VECTOR('',#2454,1.);
#2454 = DIRECTION('',(-4.669739647545E-16,-1.,0.));
#2455 = ORIENTED_EDGE('',*,*,#2456,.T.);
#2456 = EDGE_CURVE('',#2449,#2431,#2457,.T.);
#2457 = LINE('',#2458,#2459);
#2458 = CARTESIAN_POINT('',(-1.45,0.65,3.E-02));
#2459 = VECTOR('',#2460,1.);
#2460 = DIRECTION('',(-1.,4.669739647545E-16,0.));
#2461 = PLANE('',#2462);
#2462 = AXIS2_PLACEMENT_3D('',#2463,#2464,#2465);
#2463 = CARTESIAN_POINT('',(-1.5,1.25,3.E-02));
#2464 = DIRECTION('',(0.,0.,1.));
#2465 = DIRECTION('',(-2.22044604925E-16,-1.,0.));
#2466 = ADVANCED_FACE('',(#2467),#2492,.F.);
#2467 = FACE_BOUND('',#2468,.F.);
#2468 = EDGE_LOOP('',(#2469,#2477,#2478,#2486));
#2469 = ORIENTED_EDGE('',*,*,#2470,.F.);
#2470 = EDGE_CURVE('',#1983,#2471,#2473,.T.);
#2471 = VERTEX_POINT('',#2472);
#2472 = CARTESIAN_POINT('',(-1.5,1.25,0.78));
#2473 = LINE('',#2474,#2475);
#2474 = CARTESIAN_POINT('',(-1.5,1.25,3.E-02));
#2475 = VECTOR('',#2476,1.);
#2476 = DIRECTION('',(0.,0.,1.));
#2477 = ORIENTED_EDGE('',*,*,#1982,.T.);
#2478 = ORIENTED_EDGE('',*,*,#2479,.T.);
#2479 = EDGE_CURVE('',#1985,#2480,#2482,.T.);
#2480 = VERTEX_POINT('',#2481);
#2481 = CARTESIAN_POINT('',(1.5,1.25,0.78));
#2482 = LINE('',#2483,#2484);
#2483 = CARTESIAN_POINT('',(1.5,1.25,3.E-02));
#2484 = VECTOR('',#2485,1.);
#2485 = DIRECTION('',(0.,0.,1.));
#2486 = ORIENTED_EDGE('',*,*,#2487,.F.);
#2487 = EDGE_CURVE('',#2471,#2480,#2488,.T.);
#2488 = LINE('',#2489,#2490);
#2489 = CARTESIAN_POINT('',(-1.5,1.25,0.78));
#2490 = VECTOR('',#2491,1.);
#2491 = DIRECTION('',(1.,-2.22044604925E-16,0.));
#2492 = PLANE('',#2493);
#2493 = AXIS2_PLACEMENT_3D('',#2494,#2495,#2496);
#2494 = CARTESIAN_POINT('',(-1.5,1.25,3.E-02));
#2495 = DIRECTION('',(-2.22044604925E-16,-1.,0.));
#2496 = DIRECTION('',(0.,0.,1.));
#2497 = ADVANCED_FACE('',(#2498),#2516,.T.);
#2498 = FACE_BOUND('',#2499,.T.);
#2499 = EDGE_LOOP('',(#2500,#2501,#2502,#2510));
#2500 = ORIENTED_EDGE('',*,*,#2008,.F.);
#2501 = ORIENTED_EDGE('',*,*,#2479,.T.);
#2502 = ORIENTED_EDGE('',*,*,#2503,.T.);
#2503 = EDGE_CURVE('',#2480,#2504,#2506,.T.);
#2504 = VERTEX_POINT('',#2505);
#2505 = CARTESIAN_POINT('',(1.5,-1.25,0.78));
#2506 = LINE('',#2507,#2508);
#2507 = CARTESIAN_POINT('',(1.5,1.25,0.78));
#2508 = VECTOR('',#2509,1.);
#2509 = DIRECTION('',(-2.22044604925E-16,-1.,0.));
#2510 = ORIENTED_EDGE('',*,*,#2511,.F.);
#2511 = EDGE_CURVE('',#2001,#2504,#2512,.T.);
#2512 = LINE('',#2513,#2514);
#2513 = CARTESIAN_POINT('',(1.5,-1.25,3.E-02));
#2514 = VECTOR('',#2515,1.);
#2515 = DIRECTION('',(0.,0.,1.));
#2516 = PLANE('',#2517);
#2517 = AXIS2_PLACEMENT_3D('',#2518,#2519,#2520);
#2518 = CARTESIAN_POINT('',(1.5,1.25,3.E-02));
#2519 = DIRECTION('',(1.,-2.22044604925E-16,0.));
#2520 = DIRECTION('',(0.,0.,1.));
#2521 = ADVANCED_FACE('',(#2522),#2540,.F.);
#2522 = FACE_BOUND('',#2523,.F.);
#2523 = EDGE_LOOP('',(#2524,#2525,#2526,#2534));
#2524 = ORIENTED_EDGE('',*,*,#1992,.F.);
#2525 = ORIENTED_EDGE('',*,*,#2470,.T.);
#2526 = ORIENTED_EDGE('',*,*,#2527,.T.);
#2527 = EDGE_CURVE('',#2471,#2528,#2530,.T.);
#2528 = VERTEX_POINT('',#2529);
#2529 = CARTESIAN_POINT('',(-1.5,-1.25,0.78));
#2530 = LINE('',#2531,#2532);
#2531 = CARTESIAN_POINT('',(-1.5,1.25,0.78));
#2532 = VECTOR('',#2533,1.);
#2533 = DIRECTION('',(-2.22044604925E-16,-1.,0.));
#2534 = ORIENTED_EDGE('',*,*,#2535,.F.);
#2535 = EDGE_CURVE('',#1993,#2528,#2536,.T.);
#2536 = LINE('',#2537,#2538);
#2537 = CARTESIAN_POINT('',(-1.5,-1.25,3.E-02));
#2538 = VECTOR('',#2539,1.);
#2539 = DIRECTION('',(0.,0.,1.));
#2540 = PLANE('',#2541);
#2541 = AXIS2_PLACEMENT_3D('',#2542,#2543,#2544);
#2542 = CARTESIAN_POINT('',(-1.5,1.25,3.E-02));
#2543 = DIRECTION('',(1.,-2.22044604925E-16,0.));
#2544 = DIRECTION('',(0.,0.,1.));
#2545 = ADVANCED_FACE('',(#2546),#2557,.T.);
#2546 = FACE_BOUND('',#2547,.T.);
#2547 = EDGE_LOOP('',(#2548,#2549,#2550,#2551));
#2548 = ORIENTED_EDGE('',*,*,#2535,.F.);
#2549 = ORIENTED_EDGE('',*,*,#2000,.T.);
#2550 = ORIENTED_EDGE('',*,*,#2511,.T.);
#2551 = ORIENTED_EDGE('',*,*,#2552,.F.);
#2552 = EDGE_CURVE('',#2528,#2504,#2553,.T.);
#2553 = LINE('',#2554,#2555);
#2554 = CARTESIAN_POINT('',(-1.5,-1.25,0.78));
#2555 = VECTOR('',#2556,1.);
#2556 = DIRECTION('',(1.,-2.22044604925E-16,0.));
#2557 = PLANE('',#2558);
#2558 = AXIS2_PLACEMENT_3D('',#2559,#2560,#2561);
#2559 = CARTESIAN_POINT('',(-1.5,-1.25,3.E-02));
#2560 = DIRECTION('',(-2.22044604925E-16,-1.,0.));
#2561 = DIRECTION('',(0.,0.,1.));
#2562 = ADVANCED_FACE('',(#2563),#2588,.F.);
#2563 = FACE_BOUND('',#2564,.F.);
#2564 = EDGE_LOOP('',(#2565,#2575,#2581,#2582));
#2565 = ORIENTED_EDGE('',*,*,#2566,.F.);
#2566 = EDGE_CURVE('',#2567,#2569,#2571,.T.);
#2567 = VERTEX_POINT('',#2568);
#2568 = CARTESIAN_POINT('',(-1.,-0.65,0.));
#2569 = VERTEX_POINT('',#2570);
#2570 = CARTESIAN_POINT('',(-1.4,-0.65,0.));
#2571 = LINE('',#2572,#2573);
#2572 = CARTESIAN_POINT('',(-1.,-0.65,0.));
#2573 = VECTOR('',#2574,1.);
#2574 = DIRECTION('',(-1.,4.669739647545E-16,0.));
#2575 = ORIENTED_EDGE('',*,*,#2576,.T.);
#2576 = EDGE_CURVE('',#2567,#2019,#2577,.T.);
#2577 = LINE('',#2578,#2579);
#2578 = CARTESIAN_POINT('',(-1.,-0.65,0.));
#2579 = VECTOR('',#2580,1.);
#2580 = DIRECTION('',(0.,0.,1.));
#2581 = ORIENTED_EDGE('',*,*,#2016,.F.);
#2582 = ORIENTED_EDGE('',*,*,#2583,.F.);
#2583 = EDGE_CURVE('',#2569,#2017,#2584,.T.);
#2584 = LINE('',#2585,#2586);
#2585 = CARTESIAN_POINT('',(-1.4,-0.65,0.));
#2586 = VECTOR('',#2587,1.);
#2587 = DIRECTION('',(0.,0.,1.));
#2588 = PLANE('',#2589);
#2589 = AXIS2_PLACEMENT_3D('',#2590,#2591,#2592);
#2590 = CARTESIAN_POINT('',(-1.,-0.65,0.));
#2591 = DIRECTION('',(-4.669739647545E-16,-1.,0.));
#2592 = DIRECTION('',(-1.,4.669739647545E-16,0.));
#2593 = ADVANCED_FACE('',(#2594),#2612,.F.);
#2594 = FACE_BOUND('',#2595,.F.);
#2595 = EDGE_LOOP('',(#2596,#2604,#2605,#2606));
#2596 = ORIENTED_EDGE('',*,*,#2597,.F.);
#2597 = EDGE_CURVE('',#2569,#2598,#2600,.T.);
#2598 = VERTEX_POINT('',#2599);
#2599 = CARTESIAN_POINT('',(-1.4,-0.85,0.));
#2600 = LINE('',#2601,#2602);
#2601 = CARTESIAN_POINT('',(-1.4,-0.65,0.));
#2602 = VECTOR('',#2603,1.);
#2603 = DIRECTION('',(-4.669739647545E-16,-1.,0.));
#2604 = ORIENTED_EDGE('',*,*,#2583,.T.);
#2605 = ORIENTED_EDGE('',*,*,#2042,.F.);
#2606 = ORIENTED_EDGE('',*,*,#2607,.F.);
#2607 = EDGE_CURVE('',#2598,#2035,#2608,.T.);
#2608 = LINE('',#2609,#2610);
#2609 = CARTESIAN_POINT('',(-1.4,-0.85,0.));
#2610 = VECTOR('',#2611,1.);
#2611 = DIRECTION('',(0.,0.,1.));
#2612 = PLANE('',#2613);
#2613 = AXIS2_PLACEMENT_3D('',#2614,#2615,#2616);
#2614 = CARTESIAN_POINT('',(-1.4,-0.65,0.));
#2615 = DIRECTION('',(1.,-4.669739647545E-16,0.));
#2616 = DIRECTION('',(-4.669739647545E-16,-1.,0.));
#2617 = ADVANCED_FACE('',(#2618),#2636,.F.);
#2618 = FACE_BOUND('',#2619,.F.);
#2619 = EDGE_LOOP('',(#2620,#2628,#2634,#2635));
#2620 = ORIENTED_EDGE('',*,*,#2621,.F.);
#2621 = EDGE_CURVE('',#2622,#2567,#2624,.T.);
#2622 = VERTEX_POINT('',#2623);
#2623 = CARTESIAN_POINT('',(-1.,-0.85,0.));
#2624 = LINE('',#2625,#2626);
#2625 = CARTESIAN_POINT('',(-1.,-0.85,0.));
#2626 = VECTOR('',#2627,1.);
#2627 = DIRECTION('',(4.669739647545E-16,1.,0.));
#2628 = ORIENTED_EDGE('',*,*,#2629,.T.);
#2629 = EDGE_CURVE('',#2622,#2027,#2630,.T.);
#2630 = LINE('',#2631,#2632);
#2631 = CARTESIAN_POINT('',(-1.,-0.85,0.));
#2632 = VECTOR('',#2633,1.);
#2633 = DIRECTION('',(0.,0.,1.));
#2634 = ORIENTED_EDGE('',*,*,#2026,.F.);
#2635 = ORIENTED_EDGE('',*,*,#2576,.F.);
#2636 = PLANE('',#2637);
#2637 = AXIS2_PLACEMENT_3D('',#2638,#2639,#2640);
#2638 = CARTESIAN_POINT('',(-1.,-0.85,0.));
#2639 = DIRECTION('',(-1.,4.669739647545E-16,0.));
#2640 = DIRECTION('',(4.669739647545E-16,1.,0.));
#2641 = ADVANCED_FACE('',(#2642),#2653,.F.);
#2642 = FACE_BOUND('',#2643,.F.);
#2643 = EDGE_LOOP('',(#2644,#2650,#2651,#2652));
#2644 = ORIENTED_EDGE('',*,*,#2645,.F.);
#2645 = EDGE_CURVE('',#2598,#2622,#2646,.T.);
#2646 = LINE('',#2647,#2648);
#2647 = CARTESIAN_POINT('',(-1.4,-0.85,0.));
#2648 = VECTOR('',#2649,1.);
#2649 = DIRECTION('',(1.,-4.669739647545E-16,0.));
#2650 = ORIENTED_EDGE('',*,*,#2607,.T.);
#2651 = ORIENTED_EDGE('',*,*,#2034,.F.);
#2652 = ORIENTED_EDGE('',*,*,#2629,.F.);
#2653 = PLANE('',#2654);
#2654 = AXIS2_PLACEMENT_3D('',#2655,#2656,#2657);
#2655 = CARTESIAN_POINT('',(-1.4,-0.85,0.));
#2656 = DIRECTION('',(4.669739647545E-16,1.,0.));
#2657 = DIRECTION('',(1.,-4.669739647545E-16,0.));
#2658 = ADVANCED_FACE('',(#2659),#2684,.F.);
#2659 = FACE_BOUND('',#2660,.F.);
#2660 = EDGE_LOOP('',(#2661,#2671,#2677,#2678));
#2661 = ORIENTED_EDGE('',*,*,#2662,.F.);
#2662 = EDGE_CURVE('',#2663,#2665,#2667,.T.);
#2663 = VERTEX_POINT('',#2664);
#2664 = CARTESIAN_POINT('',(0.1,-0.75,0.));
#2665 = VERTEX_POINT('',#2666);
#2666 = CARTESIAN_POINT('',(-0.1,-0.75,0.));
#2667 = LINE('',#2668,#2669);
#2668 = CARTESIAN_POINT('',(0.1,-0.75,0.));
#2669 = VECTOR('',#2670,1.);
#2670 = DIRECTION('',(-1.,5.665538897648E-16,0.));
#2671 = ORIENTED_EDGE('',*,*,#2672,.T.);
#2672 = EDGE_CURVE('',#2663,#2053,#2673,.T.);
#2673 = LINE('',#2674,#2675);
#2674 = CARTESIAN_POINT('',(0.1,-0.75,0.));
#2675 = VECTOR('',#2676,1.);
#2676 = DIRECTION('',(0.,0.,1.));
#2677 = ORIENTED_EDGE('',*,*,#2050,.F.);
#2678 = ORIENTED_EDGE('',*,*,#2679,.F.);
#2679 = EDGE_CURVE('',#2665,#2051,#2680,.T.);
#2680 = LINE('',#2681,#2682);
#2681 = CARTESIAN_POINT('',(-0.1,-0.75,0.));
#2682 = VECTOR('',#2683,1.);
#2683 = DIRECTION('',(0.,0.,1.));
#2684 = PLANE('',#2685);
#2685 = AXIS2_PLACEMENT_3D('',#2686,#2687,#2688);
#2686 = CARTESIAN_POINT('',(0.1,-0.75,0.));
#2687 = DIRECTION('',(-5.665538897648E-16,-1.,0.));
#2688 = DIRECTION('',(-1.,5.665538897648E-16,0.));
#2689 = ADVANCED_FACE('',(#2690),#2708,.F.);
#2690 = FACE_BOUND('',#2691,.F.);
#2691 = EDGE_LOOP('',(#2692,#2700,#2701,#2702));
#2692 = ORIENTED_EDGE('',*,*,#2693,.F.);
#2693 = EDGE_CURVE('',#2665,#2694,#2696,.T.);
#2694 = VERTEX_POINT('',#2695);
#2695 = CARTESIAN_POINT('',(-0.1,-1.15,0.));
#2696 = LINE('',#2697,#2698);
#2697 = CARTESIAN_POINT('',(-0.1,-0.75,0.));
#2698 = VECTOR('',#2699,1.);
#2699 = DIRECTION('',(-5.665538897648E-16,-1.,0.));
#2700 = ORIENTED_EDGE('',*,*,#2679,.T.);
#2701 = ORIENTED_EDGE('',*,*,#2076,.F.);
#2702 = ORIENTED_EDGE('',*,*,#2703,.F.);
#2703 = EDGE_CURVE('',#2694,#2069,#2704,.T.);
#2704 = LINE('',#2705,#2706);
#2705 = CARTESIAN_POINT('',(-0.1,-1.15,0.));
#2706 = VECTOR('',#2707,1.);
#2707 = DIRECTION('',(0.,0.,1.));
#2708 = PLANE('',#2709);
#2709 = AXIS2_PLACEMENT_3D('',#2710,#2711,#2712);
#2710 = CARTESIAN_POINT('',(-0.1,-0.75,0.));
#2711 = DIRECTION('',(1.,-5.665538897648E-16,0.));
#2712 = DIRECTION('',(-5.665538897648E-16,-1.,0.));
#2713 = ADVANCED_FACE('',(#2714),#2732,.F.);
#2714 = FACE_BOUND('',#2715,.F.);
#2715 = EDGE_LOOP('',(#2716,#2724,#2730,#2731));
#2716 = ORIENTED_EDGE('',*,*,#2717,.F.);
#2717 = EDGE_CURVE('',#2718,#2663,#2720,.T.);
#2718 = VERTEX_POINT('',#2719);
#2719 = CARTESIAN_POINT('',(0.1,-1.15,0.));
#2720 = LINE('',#2721,#2722);
#2721 = CARTESIAN_POINT('',(0.1,-1.15,0.));
#2722 = VECTOR('',#2723,1.);
#2723 = DIRECTION('',(5.665538897648E-16,1.,0.));
#2724 = ORIENTED_EDGE('',*,*,#2725,.T.);
#2725 = EDGE_CURVE('',#2718,#2061,#2726,.T.);
#2726 = LINE('',#2727,#2728);
#2727 = CARTESIAN_POINT('',(0.1,-1.15,0.));
#2728 = VECTOR('',#2729,1.);
#2729 = DIRECTION('',(0.,0.,1.));
#2730 = ORIENTED_EDGE('',*,*,#2060,.F.);
#2731 = ORIENTED_EDGE('',*,*,#2672,.F.);
#2732 = PLANE('',#2733);
#2733 = AXIS2_PLACEMENT_3D('',#2734,#2735,#2736);
#2734 = CARTESIAN_POINT('',(0.1,-1.15,0.));
#2735 = DIRECTION('',(-1.,5.665538897648E-16,0.));
#2736 = DIRECTION('',(5.665538897648E-16,1.,0.));
#2737 = ADVANCED_FACE('',(#2738),#2749,.F.);
#2738 = FACE_BOUND('',#2739,.F.);
#2739 = EDGE_LOOP('',(#2740,#2746,#2747,#2748));
#2740 = ORIENTED_EDGE('',*,*,#2741,.F.);
#2741 = EDGE_CURVE('',#2694,#2718,#2742,.T.);
#2742 = LINE('',#2743,#2744);
#2743 = CARTESIAN_POINT('',(-0.1,-1.15,0.));
#2744 = VECTOR('',#2745,1.);
#2745 = DIRECTION('',(1.,-5.665538897648E-16,0.));
#2746 = ORIENTED_EDGE('',*,*,#2703,.T.);
#2747 = ORIENTED_EDGE('',*,*,#2068,.F.);
#2748 = ORIENTED_EDGE('',*,*,#2725,.F.);
#2749 = PLANE('',#2750);
#2750 = AXIS2_PLACEMENT_3D('',#2751,#2752,#2753);
#2751 = CARTESIAN_POINT('',(-0.1,-1.15,0.));
#2752 = DIRECTION('',(5.665538897648E-16,1.,0.));
#2753 = DIRECTION('',(1.,-5.665538897648E-16,0.));
#2754 = ADVANCED_FACE('',(#2755),#2780,.F.);
#2755 = FACE_BOUND('',#2756,.F.);
#2756 = EDGE_LOOP('',(#2757,#2767,#2773,#2774));
#2757 = ORIENTED_EDGE('',*,*,#2758,.F.);
#2758 = EDGE_CURVE('',#2759,#2761,#2763,.T.);
#2759 = VERTEX_POINT('',#2760);
#2760 = CARTESIAN_POINT('',(-0.4,-0.75,0.));
#2761 = VERTEX_POINT('',#2762);
#2762 = CARTESIAN_POINT('',(-0.6,-0.75,0.));
#2763 = LINE('',#2764,#2765);
#2764 = CARTESIAN_POINT('',(-0.4,-0.75,0.));
#2765 = VECTOR('',#2766,1.);
#2766 = DIRECTION('',(-1.,5.665538897648E-16,0.));
#2767 = ORIENTED_EDGE('',*,*,#2768,.T.);
#2768 = EDGE_CURVE('',#2759,#2087,#2769,.T.);
#2769 = LINE('',#2770,#2771);
#2770 = CARTESIAN_POINT('',(-0.4,-0.75,0.));
#2771 = VECTOR('',#2772,1.);
#2772 = DIRECTION('',(0.,0.,1.));
#2773 = ORIENTED_EDGE('',*,*,#2084,.F.);
#2774 = ORIENTED_EDGE('',*,*,#2775,.F.);
#2775 = EDGE_CURVE('',#2761,#2085,#2776,.T.);
#2776 = LINE('',#2777,#2778);
#2777 = CARTESIAN_POINT('',(-0.6,-0.75,0.));
#2778 = VECTOR('',#2779,1.);
#2779 = DIRECTION('',(0.,0.,1.));
#2780 = PLANE('',#2781);
#2781 = AXIS2_PLACEMENT_3D('',#2782,#2783,#2784);
#2782 = CARTESIAN_POINT('',(-0.4,-0.75,0.));
#2783 = DIRECTION('',(-5.665538897648E-16,-1.,0.));
#2784 = DIRECTION('',(-1.,5.665538897648E-16,0.));
#2785 = ADVANCED_FACE('',(#2786),#2804,.F.);
#2786 = FACE_BOUND('',#2787,.F.);
#2787 = EDGE_LOOP('',(#2788,#2796,#2797,#2798));
#2788 = ORIENTED_EDGE('',*,*,#2789,.F.);
#2789 = EDGE_CURVE('',#2761,#2790,#2792,.T.);
#2790 = VERTEX_POINT('',#2791);
#2791 = CARTESIAN_POINT('',(-0.6,-1.15,0.));
#2792 = LINE('',#2793,#2794);
#2793 = CARTESIAN_POINT('',(-0.6,-0.75,0.));
#2794 = VECTOR('',#2795,1.);
#2795 = DIRECTION('',(-5.665538897648E-16,-1.,0.));
#2796 = ORIENTED_EDGE('',*,*,#2775,.T.);
#2797 = ORIENTED_EDGE('',*,*,#2110,.F.);
#2798 = ORIENTED_EDGE('',*,*,#2799,.F.);
#2799 = EDGE_CURVE('',#2790,#2103,#2800,.T.);
#2800 = LINE('',#2801,#2802);
#2801 = CARTESIAN_POINT('',(-0.6,-1.15,0.));
#2802 = VECTOR('',#2803,1.);
#2803 = DIRECTION('',(0.,0.,1.));
#2804 = PLANE('',#2805);
#2805 = AXIS2_PLACEMENT_3D('',#2806,#2807,#2808);
#2806 = CARTESIAN_POINT('',(-0.6,-0.75,0.));
#2807 = DIRECTION('',(1.,-5.665538897648E-16,0.));
#2808 = DIRECTION('',(-5.665538897648E-16,-1.,0.));
#2809 = ADVANCED_FACE('',(#2810),#2828,.F.);
#2810 = FACE_BOUND('',#2811,.F.);
#2811 = EDGE_LOOP('',(#2812,#2820,#2826,#2827));
#2812 = ORIENTED_EDGE('',*,*,#2813,.F.);
#2813 = EDGE_CURVE('',#2814,#2759,#2816,.T.);
#2814 = VERTEX_POINT('',#2815);
#2815 = CARTESIAN_POINT('',(-0.4,-1.15,0.));
#2816 = LINE('',#2817,#2818);
#2817 = CARTESIAN_POINT('',(-0.4,-1.15,0.));
#2818 = VECTOR('',#2819,1.);
#2819 = DIRECTION('',(5.665538897648E-16,1.,0.));
#2820 = ORIENTED_EDGE('',*,*,#2821,.T.);
#2821 = EDGE_CURVE('',#2814,#2095,#2822,.T.);
#2822 = LINE('',#2823,#2824);
#2823 = CARTESIAN_POINT('',(-0.4,-1.15,0.));
#2824 = VECTOR('',#2825,1.);
#2825 = DIRECTION('',(0.,0.,1.));
#2826 = ORIENTED_EDGE('',*,*,#2094,.F.);
#2827 = ORIENTED_EDGE('',*,*,#2768,.F.);
#2828 = PLANE('',#2829);
#2829 = AXIS2_PLACEMENT_3D('',#2830,#2831,#2832);
#2830 = CARTESIAN_POINT('',(-0.4,-1.15,0.));
#2831 = DIRECTION('',(-1.,5.665538897648E-16,0.));
#2832 = DIRECTION('',(5.665538897648E-16,1.,0.));
#2833 = ADVANCED_FACE('',(#2834),#2845,.F.);
#2834 = FACE_BOUND('',#2835,.F.);
#2835 = EDGE_LOOP('',(#2836,#2842,#2843,#2844));
#2836 = ORIENTED_EDGE('',*,*,#2837,.F.);
#2837 = EDGE_CURVE('',#2790,#2814,#2838,.T.);
#2838 = LINE('',#2839,#2840);
#2839 = CARTESIAN_POINT('',(-0.6,-1.15,0.));
#2840 = VECTOR('',#2841,1.);
#2841 = DIRECTION('',(1.,-5.665538897648E-16,0.));
#2842 = ORIENTED_EDGE('',*,*,#2799,.T.);
#2843 = ORIENTED_EDGE('',*,*,#2102,.F.);
#2844 = ORIENTED_EDGE('',*,*,#2821,.F.);
#2845 = PLANE('',#2846);
#2846 = AXIS2_PLACEMENT_3D('',#2847,#2848,#2849);
#2847 = CARTESIAN_POINT('',(-0.6,-1.15,0.));
#2848 = DIRECTION('',(5.665538897648E-16,1.,0.));
#2849 = DIRECTION('',(1.,-5.665538897648E-16,0.));
#2850 = ADVANCED_FACE('',(#2851),#2876,.F.);
#2851 = FACE_BOUND('',#2852,.F.);
#2852 = EDGE_LOOP('',(#2853,#2863,#2869,#2870));
#2853 = ORIENTED_EDGE('',*,*,#2854,.F.);
#2854 = EDGE_CURVE('',#2855,#2857,#2859,.T.);
#2855 = VERTEX_POINT('',#2856);
#2856 = CARTESIAN_POINT('',(1.,-0.65,0.));
#2857 = VERTEX_POINT('',#2858);
#2858 = CARTESIAN_POINT('',(1.,-0.85,0.));
#2859 = LINE('',#2860,#2861);
#2860 = CARTESIAN_POINT('',(1.,-0.65,0.));
#2861 = VECTOR('',#2862,1.);
#2862 = DIRECTION('',(-3.445092848398E-16,-1.,0.));
#2863 = ORIENTED_EDGE('',*,*,#2864,.T.);
#2864 = EDGE_CURVE('',#2855,#2121,#2865,.T.);
#2865 = LINE('',#2866,#2867);
#2866 = CARTESIAN_POINT('',(1.,-0.65,0.));
#2867 = VECTOR('',#2868,1.);
#2868 = DIRECTION('',(0.,0.,1.));
#2869 = ORIENTED_EDGE('',*,*,#2118,.F.);
#2870 = ORIENTED_EDGE('',*,*,#2871,.F.);
#2871 = EDGE_CURVE('',#2857,#2119,#2872,.T.);
#2872 = LINE('',#2873,#2874);
#2873 = CARTESIAN_POINT('',(1.,-0.85,0.));
#2874 = VECTOR('',#2875,1.);
#2875 = DIRECTION('',(0.,0.,1.));
#2876 = PLANE('',#2877);
#2877 = AXIS2_PLACEMENT_3D('',#2878,#2879,#2880);
#2878 = CARTESIAN_POINT('',(1.,-0.65,0.));
#2879 = DIRECTION('',(1.,-3.445092848398E-16,0.));
#2880 = DIRECTION('',(-3.445092848398E-16,-1.,0.));
#2881 = ADVANCED_FACE('',(#2882),#2900,.F.);
#2882 = FACE_BOUND('',#2883,.F.);
#2883 = EDGE_LOOP('',(#2884,#2892,#2893,#2894));
#2884 = ORIENTED_EDGE('',*,*,#2885,.F.);
#2885 = EDGE_CURVE('',#2857,#2886,#2888,.T.);
#2886 = VERTEX_POINT('',#2887);
#2887 = CARTESIAN_POINT('',(1.4,-0.85,0.));
#2888 = LINE('',#2889,#2890);
#2889 = CARTESIAN_POINT('',(1.,-0.85,0.));
#2890 = VECTOR('',#2891,1.);
#2891 = DIRECTION('',(1.,-3.445092848398E-16,0.));
#2892 = ORIENTED_EDGE('',*,*,#2871,.T.);
#2893 = ORIENTED_EDGE('',*,*,#2144,.F.);
#2894 = ORIENTED_EDGE('',*,*,#2895,.F.);
#2895 = EDGE_CURVE('',#2886,#2137,#2896,.T.);
#2896 = LINE('',#2897,#2898);
#2897 = CARTESIAN_POINT('',(1.4,-0.85,0.));
#2898 = VECTOR('',#2899,1.);
#2899 = DIRECTION('',(0.,0.,1.));
#2900 = PLANE('',#2901);
#2901 = AXIS2_PLACEMENT_3D('',#2902,#2903,#2904);
#2902 = CARTESIAN_POINT('',(1.,-0.85,0.));
#2903 = DIRECTION('',(3.445092848398E-16,1.,0.));
#2904 = DIRECTION('',(1.,-3.445092848398E-16,0.));
#2905 = ADVANCED_FACE('',(#2906),#2924,.F.);
#2906 = FACE_BOUND('',#2907,.F.);
#2907 = EDGE_LOOP('',(#2908,#2916,#2922,#2923));
#2908 = ORIENTED_EDGE('',*,*,#2909,.F.);
#2909 = EDGE_CURVE('',#2910,#2855,#2912,.T.);
#2910 = VERTEX_POINT('',#2911);
#2911 = CARTESIAN_POINT('',(1.4,-0.65,0.));
#2912 = LINE('',#2913,#2914);
#2913 = CARTESIAN_POINT('',(1.4,-0.65,0.));
#2914 = VECTOR('',#2915,1.);
#2915 = DIRECTION('',(-1.,3.445092848398E-16,0.));
#2916 = ORIENTED_EDGE('',*,*,#2917,.T.);
#2917 = EDGE_CURVE('',#2910,#2129,#2918,.T.);
#2918 = LINE('',#2919,#2920);
#2919 = CARTESIAN_POINT('',(1.4,-0.65,0.));
#2920 = VECTOR('',#2921,1.);
#2921 = DIRECTION('',(0.,0.,1.));
#2922 = ORIENTED_EDGE('',*,*,#2128,.F.);
#2923 = ORIENTED_EDGE('',*,*,#2864,.F.);
#2924 = PLANE('',#2925);
#2925 = AXIS2_PLACEMENT_3D('',#2926,#2927,#2928);
#2926 = CARTESIAN_POINT('',(1.4,-0.65,0.));
#2927 = DIRECTION('',(-3.445092848398E-16,-1.,0.));
#2928 = DIRECTION('',(-1.,3.445092848398E-16,0.));
#2929 = ADVANCED_FACE('',(#2930),#2941,.F.);
#2930 = FACE_BOUND('',#2931,.F.);
#2931 = EDGE_LOOP('',(#2932,#2938,#2939,#2940));
#2932 = ORIENTED_EDGE('',*,*,#2933,.F.);
#2933 = EDGE_CURVE('',#2886,#2910,#2934,.T.);
#2934 = LINE('',#2935,#2936);
#2935 = CARTESIAN_POINT('',(1.4,-0.85,0.));
#2936 = VECTOR('',#2937,1.);
#2937 = DIRECTION('',(3.445092848398E-16,1.,0.));
#2938 = ORIENTED_EDGE('',*,*,#2895,.T.);
#2939 = ORIENTED_EDGE('',*,*,#2136,.F.);
#2940 = ORIENTED_EDGE('',*,*,#2917,.F.);
#2941 = PLANE('',#2942);
#2942 = AXIS2_PLACEMENT_3D('',#2943,#2944,#2945);
#2943 = CARTESIAN_POINT('',(1.4,-0.85,0.));
#2944 = DIRECTION('',(-1.,3.445092848398E-16,0.));
#2945 = DIRECTION('',(3.445092848398E-16,1.,0.));
#2946 = ADVANCED_FACE('',(#2947),#2972,.F.);
#2947 = FACE_BOUND('',#2948,.F.);
#2948 = EDGE_LOOP('',(#2949,#2959,#2965,#2966));
#2949 = ORIENTED_EDGE('',*,*,#2950,.F.);
#2950 = EDGE_CURVE('',#2951,#2953,#2955,.T.);
#2951 = VERTEX_POINT('',#2952);
#2952 = CARTESIAN_POINT('',(0.6,-0.75,0.));
#2953 = VERTEX_POINT('',#2954);
#2954 = CARTESIAN_POINT('',(0.4,-0.75,0.));
#2955 = LINE('',#2956,#2957);
#2956 = CARTESIAN_POINT('',(0.6,-0.75,0.));
#2957 = VECTOR('',#2958,1.);
#2958 = DIRECTION('',(-1.,5.665538897648E-16,0.));
#2959 = ORIENTED_EDGE('',*,*,#2960,.T.);
#2960 = EDGE_CURVE('',#2951,#2155,#2961,.T.);
#2961 = LINE('',#2962,#2963);
#2962 = CARTESIAN_POINT('',(0.6,-0.75,0.));
#2963 = VECTOR('',#2964,1.);
#2964 = DIRECTION('',(0.,0.,1.));
#2965 = ORIENTED_EDGE('',*,*,#2152,.F.);
#2966 = ORIENTED_EDGE('',*,*,#2967,.F.);
#2967 = EDGE_CURVE('',#2953,#2153,#2968,.T.);
#2968 = LINE('',#2969,#2970);
#2969 = CARTESIAN_POINT('',(0.4,-0.75,0.));
#2970 = VECTOR('',#2971,1.);
#2971 = DIRECTION('',(0.,0.,1.));
#2972 = PLANE('',#2973);
#2973 = AXIS2_PLACEMENT_3D('',#2974,#2975,#2976);
#2974 = CARTESIAN_POINT('',(0.6,-0.75,0.));
#2975 = DIRECTION('',(-5.665538897648E-16,-1.,0.));
#2976 = DIRECTION('',(-1.,5.665538897648E-16,0.));
#2977 = ADVANCED_FACE('',(#2978),#2996,.F.);
#2978 = FACE_BOUND('',#2979,.F.);
#2979 = EDGE_LOOP('',(#2980,#2988,#2989,#2990));
#2980 = ORIENTED_EDGE('',*,*,#2981,.F.);
#2981 = EDGE_CURVE('',#2953,#2982,#2984,.T.);
#2982 = VERTEX_POINT('',#2983);
#2983 = CARTESIAN_POINT('',(0.4,-1.15,0.));
#2984 = LINE('',#2985,#2986);
#2985 = CARTESIAN_POINT('',(0.4,-0.75,0.));
#2986 = VECTOR('',#2987,1.);
#2987 = DIRECTION('',(-5.665538897648E-16,-1.,0.));
#2988 = ORIENTED_EDGE('',*,*,#2967,.T.);
#2989 = ORIENTED_EDGE('',*,*,#2178,.F.);
#2990 = ORIENTED_EDGE('',*,*,#2991,.F.);
#2991 = EDGE_CURVE('',#2982,#2171,#2992,.T.);
#2992 = LINE('',#2993,#2994);
#2993 = CARTESIAN_POINT('',(0.4,-1.15,0.));
#2994 = VECTOR('',#2995,1.);
#2995 = DIRECTION('',(0.,0.,1.));
#2996 = PLANE('',#2997);
#2997 = AXIS2_PLACEMENT_3D('',#2998,#2999,#3000);
#2998 = CARTESIAN_POINT('',(0.4,-0.75,0.));
#2999 = DIRECTION('',(1.,-5.665538897648E-16,0.));
#3000 = DIRECTION('',(-5.665538897648E-16,-1.,0.));
#3001 = ADVANCED_FACE('',(#3002),#3020,.F.);
#3002 = FACE_BOUND('',#3003,.F.);
#3003 = EDGE_LOOP('',(#3004,#3012,#3018,#3019));
#3004 = ORIENTED_EDGE('',*,*,#3005,.F.);
#3005 = EDGE_CURVE('',#3006,#2951,#3008,.T.);
#3006 = VERTEX_POINT('',#3007);
#3007 = CARTESIAN_POINT('',(0.6,-1.15,0.));
#3008 = LINE('',#3009,#3010);
#3009 = CARTESIAN_POINT('',(0.6,-1.15,0.));
#3010 = VECTOR('',#3011,1.);
#3011 = DIRECTION('',(5.665538897648E-16,1.,0.));
#3012 = ORIENTED_EDGE('',*,*,#3013,.T.);
#3013 = EDGE_CURVE('',#3006,#2163,#3014,.T.);
#3014 = LINE('',#3015,#3016);
#3015 = CARTESIAN_POINT('',(0.6,-1.15,0.));
#3016 = VECTOR('',#3017,1.);
#3017 = DIRECTION('',(0.,0.,1.));
#3018 = ORIENTED_EDGE('',*,*,#2162,.F.);
#3019 = ORIENTED_EDGE('',*,*,#2960,.F.);
#3020 = PLANE('',#3021);
#3021 = AXIS2_PLACEMENT_3D('',#3022,#3023,#3024);
#3022 = CARTESIAN_POINT('',(0.6,-1.15,0.));
#3023 = DIRECTION('',(-1.,5.665538897648E-16,0.));
#3024 = DIRECTION('',(5.665538897648E-16,1.,0.));
#3025 = ADVANCED_FACE('',(#3026),#3037,.F.);
#3026 = FACE_BOUND('',#3027,.F.);
#3027 = EDGE_LOOP('',(#3028,#3034,#3035,#3036));
#3028 = ORIENTED_EDGE('',*,*,#3029,.F.);
#3029 = EDGE_CURVE('',#2982,#3006,#3030,.T.);
#3030 = LINE('',#3031,#3032);
#3031 = CARTESIAN_POINT('',(0.4,-1.15,0.));
#3032 = VECTOR('',#3033,1.);
#3033 = DIRECTION('',(1.,-5.665538897648E-16,0.));
#3034 = ORIENTED_EDGE('',*,*,#2991,.T.);
#3035 = ORIENTED_EDGE('',*,*,#2170,.F.);
#3036 = ORIENTED_EDGE('',*,*,#3013,.F.);
#3037 = PLANE('',#3038);
#3038 = AXIS2_PLACEMENT_3D('',#3039,#3040,#3041);
#3039 = CARTESIAN_POINT('',(0.4,-1.15,0.));
#3040 = DIRECTION('',(5.665538897648E-16,1.,0.));
#3041 = DIRECTION('',(1.,-5.665538897648E-16,0.));
#3042 = ADVANCED_FACE('',(#3043),#3068,.F.);
#3043 = FACE_BOUND('',#3044,.F.);
#3044 = EDGE_LOOP('',(#3045,#3055,#3061,#3062));
#3045 = ORIENTED_EDGE('',*,*,#3046,.F.);
#3046 = EDGE_CURVE('',#3047,#3049,#3051,.T.);
#3047 = VERTEX_POINT('',#3048);
#3048 = CARTESIAN_POINT('',(-1.,0.15,0.));
#3049 = VERTEX_POINT('',#3050);
#3050 = CARTESIAN_POINT('',(-1.,0.35,0.));
#3051 = LINE('',#3052,#3053);
#3052 = CARTESIAN_POINT('',(-1.,0.15,0.));
#3053 = VECTOR('',#3054,1.);
#3054 = DIRECTION('',(4.669739647545E-16,1.,0.));
#3055 = ORIENTED_EDGE('',*,*,#3056,.T.);
#3056 = EDGE_CURVE('',#3047,#2189,#3057,.T.);
#3057 = LINE('',#3058,#3059);
#3058 = CARTESIAN_POINT('',(-1.,0.15,0.));
#3059 = VECTOR('',#3060,1.);
#3060 = DIRECTION('',(0.,0.,1.));
#3061 = ORIENTED_EDGE('',*,*,#2186,.F.);
#3062 = ORIENTED_EDGE('',*,*,#3063,.F.);
#3063 = EDGE_CURVE('',#3049,#2187,#3064,.T.);
#3064 = LINE('',#3065,#3066);
#3065 = CARTESIAN_POINT('',(-1.,0.35,0.));
#3066 = VECTOR('',#3067,1.);
#3067 = DIRECTION('',(0.,0.,1.));
#3068 = PLANE('',#3069);
#3069 = AXIS2_PLACEMENT_3D('',#3070,#3071,#3072);
#3070 = CARTESIAN_POINT('',(-1.,0.15,0.));
#3071 = DIRECTION('',(-1.,4.669739647545E-16,0.));
#3072 = DIRECTION('',(4.669739647545E-16,1.,0.));
#3073 = ADVANCED_FACE('',(#3074),#3092,.F.);
#3074 = FACE_BOUND('',#3075,.F.);
#3075 = EDGE_LOOP('',(#3076,#3084,#3085,#3086));
#3076 = ORIENTED_EDGE('',*,*,#3077,.F.);
#3077 = EDGE_CURVE('',#3049,#3078,#3080,.T.);
#3078 = VERTEX_POINT('',#3079);
#3079 = CARTESIAN_POINT('',(-1.4,0.35,0.));
#3080 = LINE('',#3081,#3082);
#3081 = CARTESIAN_POINT('',(-1.,0.35,0.));
#3082 = VECTOR('',#3083,1.);
#3083 = DIRECTION('',(-1.,4.669739647545E-16,0.));
#3084 = ORIENTED_EDGE('',*,*,#3063,.T.);
#3085 = ORIENTED_EDGE('',*,*,#2212,.F.);
#3086 = ORIENTED_EDGE('',*,*,#3087,.F.);
#3087 = EDGE_CURVE('',#3078,#2205,#3088,.T.);
#3088 = LINE('',#3089,#3090);
#3089 = CARTESIAN_POINT('',(-1.4,0.35,0.));
#3090 = VECTOR('',#3091,1.);
#3091 = DIRECTION('',(0.,0.,1.));
#3092 = PLANE('',#3093);
#3093 = AXIS2_PLACEMENT_3D('',#3094,#3095,#3096);
#3094 = CARTESIAN_POINT('',(-1.,0.35,0.));
#3095 = DIRECTION('',(-4.669739647545E-16,-1.,0.));
#3096 = DIRECTION('',(-1.,4.669739647545E-16,0.));
#3097 = ADVANCED_FACE('',(#3098),#3116,.F.);
#3098 = FACE_BOUND('',#3099,.F.);
#3099 = EDGE_LOOP('',(#3100,#3108,#3114,#3115));
#3100 = ORIENTED_EDGE('',*,*,#3101,.F.);
#3101 = EDGE_CURVE('',#3102,#3047,#3104,.T.);
#3102 = VERTEX_POINT('',#3103);
#3103 = CARTESIAN_POINT('',(-1.4,0.15,0.));
#3104 = LINE('',#3105,#3106);
#3105 = CARTESIAN_POINT('',(-1.4,0.15,0.));
#3106 = VECTOR('',#3107,1.);
#3107 = DIRECTION('',(1.,-4.669739647545E-16,0.));
#3108 = ORIENTED_EDGE('',*,*,#3109,.T.);
#3109 = EDGE_CURVE('',#3102,#2197,#3110,.T.);
#3110 = LINE('',#3111,#3112);
#3111 = CARTESIAN_POINT('',(-1.4,0.15,0.));
#3112 = VECTOR('',#3113,1.);
#3113 = DIRECTION('',(0.,0.,1.));
#3114 = ORIENTED_EDGE('',*,*,#2196,.F.);
#3115 = ORIENTED_EDGE('',*,*,#3056,.F.);
#3116 = PLANE('',#3117);
#3117 = AXIS2_PLACEMENT_3D('',#3118,#3119,#3120);
#3118 = CARTESIAN_POINT('',(-1.4,0.15,0.));
#3119 = DIRECTION('',(4.669739647545E-16,1.,0.));
#3120 = DIRECTION('',(1.,-4.669739647545E-16,0.));
#3121 = ADVANCED_FACE('',(#3122),#3133,.F.);
#3122 = FACE_BOUND('',#3123,.F.);
#3123 = EDGE_LOOP('',(#3124,#3130,#3131,#3132));
#3124 = ORIENTED_EDGE('',*,*,#3125,.F.);
#3125 = EDGE_CURVE('',#3078,#3102,#3126,.T.);
#3126 = LINE('',#3127,#3128);
#3127 = CARTESIAN_POINT('',(-1.4,0.35,0.));
#3128 = VECTOR('',#3129,1.);
#3129 = DIRECTION('',(-4.669739647545E-16,-1.,0.));
#3130 = ORIENTED_EDGE('',*,*,#3087,.T.);
#3131 = ORIENTED_EDGE('',*,*,#2204,.F.);
#3132 = ORIENTED_EDGE('',*,*,#3109,.F.);
#3133 = PLANE('',#3134);
#3134 = AXIS2_PLACEMENT_3D('',#3135,#3136,#3137);
#3135 = CARTESIAN_POINT('',(-1.4,0.35,0.));
#3136 = DIRECTION('',(1.,-4.669739647545E-16,0.));
#3137 = DIRECTION('',(-4.669739647545E-16,-1.,0.));
#3138 = ADVANCED_FACE('',(#3139),#3164,.F.);
#3139 = FACE_BOUND('',#3140,.F.);
#3140 = EDGE_LOOP('',(#3141,#3151,#3157,#3158));
#3141 = ORIENTED_EDGE('',*,*,#3142,.F.);
#3142 = EDGE_CURVE('',#3143,#3145,#3147,.T.);
#3143 = VERTEX_POINT('',#3144);
#3144 = CARTESIAN_POINT('',(-1.,-0.35,0.));
#3145 = VERTEX_POINT('',#3146);
#3146 = CARTESIAN_POINT('',(-1.,-0.15,0.));
#3147 = LINE('',#3148,#3149);
#3148 = CARTESIAN_POINT('',(-1.,-0.35,0.));
#3149 = VECTOR('',#3150,1.);
#3150 = DIRECTION('',(4.669739647545E-16,1.,0.));
#3151 = ORIENTED_EDGE('',*,*,#3152,.T.);
#3152 = EDGE_CURVE('',#3143,#2223,#3153,.T.);
#3153 = LINE('',#3154,#3155);
#3154 = CARTESIAN_POINT('',(-1.,-0.35,0.));
#3155 = VECTOR('',#3156,1.);
#3156 = DIRECTION('',(0.,0.,1.));
#3157 = ORIENTED_EDGE('',*,*,#2220,.F.);
#3158 = ORIENTED_EDGE('',*,*,#3159,.F.);
#3159 = EDGE_CURVE('',#3145,#2221,#3160,.T.);
#3160 = LINE('',#3161,#3162);
#3161 = CARTESIAN_POINT('',(-1.,-0.15,0.));
#3162 = VECTOR('',#3163,1.);
#3163 = DIRECTION('',(0.,0.,1.));
#3164 = PLANE('',#3165);
#3165 = AXIS2_PLACEMENT_3D('',#3166,#3167,#3168);
#3166 = CARTESIAN_POINT('',(-1.,-0.35,0.));
#3167 = DIRECTION('',(-1.,4.669739647545E-16,0.));
#3168 = DIRECTION('',(4.669739647545E-16,1.,0.));
#3169 = ADVANCED_FACE('',(#3170),#3188,.F.);
#3170 = FACE_BOUND('',#3171,.F.);
#3171 = EDGE_LOOP('',(#3172,#3180,#3181,#3182));
#3172 = ORIENTED_EDGE('',*,*,#3173,.F.);
#3173 = EDGE_CURVE('',#3145,#3174,#3176,.T.);
#3174 = VERTEX_POINT('',#3175);
#3175 = CARTESIAN_POINT('',(-1.4,-0.15,0.));
#3176 = LINE('',#3177,#3178);
#3177 = CARTESIAN_POINT('',(-1.,-0.15,0.));
#3178 = VECTOR('',#3179,1.);
#3179 = DIRECTION('',(-1.,4.669739647545E-16,0.));
#3180 = ORIENTED_EDGE('',*,*,#3159,.T.);
#3181 = ORIENTED_EDGE('',*,*,#2246,.F.);
#3182 = ORIENTED_EDGE('',*,*,#3183,.F.);
#3183 = EDGE_CURVE('',#3174,#2239,#3184,.T.);
#3184 = LINE('',#3185,#3186);
#3185 = CARTESIAN_POINT('',(-1.4,-0.15,0.));
#3186 = VECTOR('',#3187,1.);
#3187 = DIRECTION('',(0.,0.,1.));
#3188 = PLANE('',#3189);
#3189 = AXIS2_PLACEMENT_3D('',#3190,#3191,#3192);
#3190 = CARTESIAN_POINT('',(-1.,-0.15,0.));
#3191 = DIRECTION('',(-4.669739647545E-16,-1.,0.));
#3192 = DIRECTION('',(-1.,4.669739647545E-16,0.));
#3193 = ADVANCED_FACE('',(#3194),#3212,.F.);
#3194 = FACE_BOUND('',#3195,.F.);
#3195 = EDGE_LOOP('',(#3196,#3204,#3210,#3211));
#3196 = ORIENTED_EDGE('',*,*,#3197,.F.);
#3197 = EDGE_CURVE('',#3198,#3143,#3200,.T.);
#3198 = VERTEX_POINT('',#3199);
#3199 = CARTESIAN_POINT('',(-1.4,-0.35,0.));
#3200 = LINE('',#3201,#3202);
#3201 = CARTESIAN_POINT('',(-1.4,-0.35,0.));
#3202 = VECTOR('',#3203,1.);
#3203 = DIRECTION('',(1.,-4.669739647545E-16,0.));
#3204 = ORIENTED_EDGE('',*,*,#3205,.T.);
#3205 = EDGE_CURVE('',#3198,#2231,#3206,.T.);
#3206 = LINE('',#3207,#3208);
#3207 = CARTESIAN_POINT('',(-1.4,-0.35,0.));
#3208 = VECTOR('',#3209,1.);
#3209 = DIRECTION('',(0.,0.,1.));
#3210 = ORIENTED_EDGE('',*,*,#2230,.F.);
#3211 = ORIENTED_EDGE('',*,*,#3152,.F.);
#3212 = PLANE('',#3213);
#3213 = AXIS2_PLACEMENT_3D('',#3214,#3215,#3216);
#3214 = CARTESIAN_POINT('',(-1.4,-0.35,0.));
#3215 = DIRECTION('',(4.669739647545E-16,1.,0.));
#3216 = DIRECTION('',(1.,-4.669739647545E-16,0.));
#3217 = ADVANCED_FACE('',(#3218),#3229,.F.);
#3218 = FACE_BOUND('',#3219,.F.);
#3219 = EDGE_LOOP('',(#3220,#3226,#3227,#3228));
#3220 = ORIENTED_EDGE('',*,*,#3221,.F.);
#3221 = EDGE_CURVE('',#3174,#3198,#3222,.T.);
#3222 = LINE('',#3223,#3224);
#3223 = CARTESIAN_POINT('',(-1.4,-0.15,0.));
#3224 = VECTOR('',#3225,1.);
#3225 = DIRECTION('',(-4.669739647545E-16,-1.,0.));
#3226 = ORIENTED_EDGE('',*,*,#3183,.T.);
#3227 = ORIENTED_EDGE('',*,*,#2238,.F.);
#3228 = ORIENTED_EDGE('',*,*,#3205,.F.);
#3229 = PLANE('',#3230);
#3230 = AXIS2_PLACEMENT_3D('',#3231,#3232,#3233);
#3231 = CARTESIAN_POINT('',(-1.4,-0.15,0.));
#3232 = DIRECTION('',(1.,-4.669739647545E-16,0.));
#3233 = DIRECTION('',(-4.669739647545E-16,-1.,0.));
#3234 = ADVANCED_FACE('',(#3235),#3260,.F.);
#3235 = FACE_BOUND('',#3236,.F.);
#3236 = EDGE_LOOP('',(#3237,#3247,#3253,#3254));
#3237 = ORIENTED_EDGE('',*,*,#3238,.F.);
#3238 = EDGE_CURVE('',#3239,#3241,#3243,.T.);
#3239 = VERTEX_POINT('',#3240);
#3240 = CARTESIAN_POINT('',(1.4,-0.15,0.));
#3241 = VERTEX_POINT('',#3242);
#3242 = CARTESIAN_POINT('',(1.,-0.15,0.));
#3243 = LINE('',#3244,#3245);
#3244 = CARTESIAN_POINT('',(1.4,-0.15,0.));
#3245 = VECTOR('',#3246,1.);
#3246 = DIRECTION('',(-1.,3.445092848398E-16,0.));
#3247 = ORIENTED_EDGE('',*,*,#3248,.T.);
#3248 = EDGE_CURVE('',#3239,#2257,#3249,.T.);
#3249 = LINE('',#3250,#3251);
#3250 = CARTESIAN_POINT('',(1.4,-0.15,0.));
#3251 = VECTOR('',#3252,1.);
#3252 = DIRECTION('',(0.,0.,1.));
#3253 = ORIENTED_EDGE('',*,*,#2254,.F.);
#3254 = ORIENTED_EDGE('',*,*,#3255,.F.);
#3255 = EDGE_CURVE('',#3241,#2255,#3256,.T.);
#3256 = LINE('',#3257,#3258);
#3257 = CARTESIAN_POINT('',(1.,-0.15,0.));
#3258 = VECTOR('',#3259,1.);
#3259 = DIRECTION('',(0.,0.,1.));
#3260 = PLANE('',#3261);
#3261 = AXIS2_PLACEMENT_3D('',#3262,#3263,#3264);
#3262 = CARTESIAN_POINT('',(1.4,-0.15,0.));
#3263 = DIRECTION('',(-3.445092848398E-16,-1.,0.));
#3264 = DIRECTION('',(-1.,3.445092848398E-16,0.));
#3265 = ADVANCED_FACE('',(#3266),#3284,.F.);
#3266 = FACE_BOUND('',#3267,.F.);
#3267 = EDGE_LOOP('',(#3268,#3276,#3277,#3278));
#3268 = ORIENTED_EDGE('',*,*,#3269,.F.);
#3269 = EDGE_CURVE('',#3241,#3270,#3272,.T.);
#3270 = VERTEX_POINT('',#3271);
#3271 = CARTESIAN_POINT('',(1.,-0.35,0.));
#3272 = LINE('',#3273,#3274);
#3273 = CARTESIAN_POINT('',(1.,-0.15,0.));
#3274 = VECTOR('',#3275,1.);
#3275 = DIRECTION('',(-3.445092848398E-16,-1.,0.));
#3276 = ORIENTED_EDGE('',*,*,#3255,.T.);
#3277 = ORIENTED_EDGE('',*,*,#2280,.F.);
#3278 = ORIENTED_EDGE('',*,*,#3279,.F.);
#3279 = EDGE_CURVE('',#3270,#2273,#3280,.T.);
#3280 = LINE('',#3281,#3282);
#3281 = CARTESIAN_POINT('',(1.,-0.35,0.));
#3282 = VECTOR('',#3283,1.);
#3283 = DIRECTION('',(0.,0.,1.));
#3284 = PLANE('',#3285);
#3285 = AXIS2_PLACEMENT_3D('',#3286,#3287,#3288);
#3286 = CARTESIAN_POINT('',(1.,-0.15,0.));
#3287 = DIRECTION('',(1.,-3.445092848398E-16,0.));
#3288 = DIRECTION('',(-3.445092848398E-16,-1.,0.));
#3289 = ADVANCED_FACE('',(#3290),#3308,.F.);
#3290 = FACE_BOUND('',#3291,.F.);
#3291 = EDGE_LOOP('',(#3292,#3300,#3306,#3307));
#3292 = ORIENTED_EDGE('',*,*,#3293,.F.);
#3293 = EDGE_CURVE('',#3294,#3239,#3296,.T.);
#3294 = VERTEX_POINT('',#3295);
#3295 = CARTESIAN_POINT('',(1.4,-0.35,0.));
#3296 = LINE('',#3297,#3298);
#3297 = CARTESIAN_POINT('',(1.4,-0.35,0.));
#3298 = VECTOR('',#3299,1.);
#3299 = DIRECTION('',(3.445092848398E-16,1.,0.));
#3300 = ORIENTED_EDGE('',*,*,#3301,.T.);
#3301 = EDGE_CURVE('',#3294,#2265,#3302,.T.);
#3302 = LINE('',#3303,#3304);
#3303 = CARTESIAN_POINT('',(1.4,-0.35,0.));
#3304 = VECTOR('',#3305,1.);
#3305 = DIRECTION('',(0.,0.,1.));
#3306 = ORIENTED_EDGE('',*,*,#2264,.F.);
#3307 = ORIENTED_EDGE('',*,*,#3248,.F.);
#3308 = PLANE('',#3309);
#3309 = AXIS2_PLACEMENT_3D('',#3310,#3311,#3312);
#3310 = CARTESIAN_POINT('',(1.4,-0.35,0.));
#3311 = DIRECTION('',(-1.,3.445092848398E-16,0.));
#3312 = DIRECTION('',(3.445092848398E-16,1.,0.));
#3313 = ADVANCED_FACE('',(#3314),#3325,.F.);
#3314 = FACE_BOUND('',#3315,.F.);
#3315 = EDGE_LOOP('',(#3316,#3322,#3323,#3324));
#3316 = ORIENTED_EDGE('',*,*,#3317,.F.);
#3317 = EDGE_CURVE('',#3270,#3294,#3318,.T.);
#3318 = LINE('',#3319,#3320);
#3319 = CARTESIAN_POINT('',(1.,-0.35,0.));
#3320 = VECTOR('',#3321,1.);
#3321 = DIRECTION('',(1.,-3.445092848398E-16,0.));
#3322 = ORIENTED_EDGE('',*,*,#3279,.T.);
#3323 = ORIENTED_EDGE('',*,*,#2272,.F.);
#3324 = ORIENTED_EDGE('',*,*,#3301,.F.);
#3325 = PLANE('',#3326);
#3326 = AXIS2_PLACEMENT_3D('',#3327,#3328,#3329);
#3327 = CARTESIAN_POINT('',(1.,-0.35,0.));
#3328 = DIRECTION('',(3.445092848398E-16,1.,0.));
#3329 = DIRECTION('',(1.,-3.445092848398E-16,0.));
#3330 = ADVANCED_FACE('',(#3331),#3356,.F.);
#3331 = FACE_BOUND('',#3332,.F.);
#3332 = EDGE_LOOP('',(#3333,#3343,#3349,#3350));
#3333 = ORIENTED_EDGE('',*,*,#3334,.F.);
#3334 = EDGE_CURVE('',#3335,#3337,#3339,.T.);
#3335 = VERTEX_POINT('',#3336);
#3336 = CARTESIAN_POINT('',(1.,0.15,0.));
#3337 = VERTEX_POINT('',#3338);
#3338 = CARTESIAN_POINT('',(1.4,0.15,0.));
#3339 = LINE('',#3340,#3341);
#3340 = CARTESIAN_POINT('',(1.,0.15,0.));
#3341 = VECTOR('',#3342,1.);
#3342 = DIRECTION('',(1.,-3.445092848398E-16,0.));
#3343 = ORIENTED_EDGE('',*,*,#3344,.T.);
#3344 = EDGE_CURVE('',#3335,#2291,#3345,.T.);
#3345 = LINE('',#3346,#3347);
#3346 = CARTESIAN_POINT('',(1.,0.15,0.));
#3347 = VECTOR('',#3348,1.);
#3348 = DIRECTION('',(0.,0.,1.));
#3349 = ORIENTED_EDGE('',*,*,#2288,.F.);
#3350 = ORIENTED_EDGE('',*,*,#3351,.F.);
#3351 = EDGE_CURVE('',#3337,#2289,#3352,.T.);
#3352 = LINE('',#3353,#3354);
#3353 = CARTESIAN_POINT('',(1.4,0.15,0.));
#3354 = VECTOR('',#3355,1.);
#3355 = DIRECTION('',(0.,0.,1.));
#3356 = PLANE('',#3357);
#3357 = AXIS2_PLACEMENT_3D('',#3358,#3359,#3360);
#3358 = CARTESIAN_POINT('',(1.,0.15,0.));
#3359 = DIRECTION('',(3.445092848398E-16,1.,0.));
#3360 = DIRECTION('',(1.,-3.445092848398E-16,0.));
#3361 = ADVANCED_FACE('',(#3362),#3380,.F.);
#3362 = FACE_BOUND('',#3363,.F.);
#3363 = EDGE_LOOP('',(#3364,#3372,#3373,#3374));
#3364 = ORIENTED_EDGE('',*,*,#3365,.F.);
#3365 = EDGE_CURVE('',#3337,#3366,#3368,.T.);
#3366 = VERTEX_POINT('',#3367);
#3367 = CARTESIAN_POINT('',(1.4,0.35,0.));
#3368 = LINE('',#3369,#3370);
#3369 = CARTESIAN_POINT('',(1.4,0.15,0.));
#3370 = VECTOR('',#3371,1.);
#3371 = DIRECTION('',(3.445092848398E-16,1.,0.));
#3372 = ORIENTED_EDGE('',*,*,#3351,.T.);
#3373 = ORIENTED_EDGE('',*,*,#2314,.F.);
#3374 = ORIENTED_EDGE('',*,*,#3375,.F.);
#3375 = EDGE_CURVE('',#3366,#2307,#3376,.T.);
#3376 = LINE('',#3377,#3378);
#3377 = CARTESIAN_POINT('',(1.4,0.35,0.));
#3378 = VECTOR('',#3379,1.);
#3379 = DIRECTION('',(0.,0.,1.));
#3380 = PLANE('',#3381);
#3381 = AXIS2_PLACEMENT_3D('',#3382,#3383,#3384);
#3382 = CARTESIAN_POINT('',(1.4,0.15,0.));
#3383 = DIRECTION('',(-1.,3.445092848398E-16,0.));
#3384 = DIRECTION('',(3.445092848398E-16,1.,0.));
#3385 = ADVANCED_FACE('',(#3386),#3404,.F.);
#3386 = FACE_BOUND('',#3387,.F.);
#3387 = EDGE_LOOP('',(#3388,#3396,#3402,#3403));
#3388 = ORIENTED_EDGE('',*,*,#3389,.F.);
#3389 = EDGE_CURVE('',#3390,#3335,#3392,.T.);
#3390 = VERTEX_POINT('',#3391);
#3391 = CARTESIAN_POINT('',(1.,0.35,0.));
#3392 = LINE('',#3393,#3394);
#3393 = CARTESIAN_POINT('',(1.,0.35,0.));
#3394 = VECTOR('',#3395,1.);
#3395 = DIRECTION('',(-3.445092848398E-16,-1.,0.));
#3396 = ORIENTED_EDGE('',*,*,#3397,.T.);
#3397 = EDGE_CURVE('',#3390,#2299,#3398,.T.);
#3398 = LINE('',#3399,#3400);
#3399 = CARTESIAN_POINT('',(1.,0.35,0.));
#3400 = VECTOR('',#3401,1.);
#3401 = DIRECTION('',(0.,0.,1.));
#3402 = ORIENTED_EDGE('',*,*,#2298,.F.);
#3403 = ORIENTED_EDGE('',*,*,#3344,.F.);
#3404 = PLANE('',#3405);
#3405 = AXIS2_PLACEMENT_3D('',#3406,#3407,#3408);
#3406 = CARTESIAN_POINT('',(1.,0.35,0.));
#3407 = DIRECTION('',(1.,-3.445092848398E-16,0.));
#3408 = DIRECTION('',(-3.445092848398E-16,-1.,0.));
#3409 = ADVANCED_FACE('',(#3410),#3421,.F.);
#3410 = FACE_BOUND('',#3411,.F.);
#3411 = EDGE_LOOP('',(#3412,#3418,#3419,#3420));
#3412 = ORIENTED_EDGE('',*,*,#3413,.F.);
#3413 = EDGE_CURVE('',#3366,#3390,#3414,.T.);
#3414 = LINE('',#3415,#3416);
#3415 = CARTESIAN_POINT('',(1.4,0.35,0.));
#3416 = VECTOR('',#3417,1.);
#3417 = DIRECTION('',(-1.,3.445092848398E-16,0.));
#3418 = ORIENTED_EDGE('',*,*,#3375,.T.);
#3419 = ORIENTED_EDGE('',*,*,#2306,.F.);
#3420 = ORIENTED_EDGE('',*,*,#3397,.F.);
#3421 = PLANE('',#3422);
#3422 = AXIS2_PLACEMENT_3D('',#3423,#3424,#3425);
#3423 = CARTESIAN_POINT('',(1.4,0.35,0.));
#3424 = DIRECTION('',(-3.445092848398E-16,-1.,0.));
#3425 = DIRECTION('',(-1.,3.445092848398E-16,0.));
#3426 = ADVANCED_FACE('',(#3427),#3452,.F.);
#3427 = FACE_BOUND('',#3428,.F.);
#3428 = EDGE_LOOP('',(#3429,#3439,#3445,#3446));
#3429 = ORIENTED_EDGE('',*,*,#3430,.F.);
#3430 = EDGE_CURVE('',#3431,#3433,#3435,.T.);
#3431 = VERTEX_POINT('',#3432);
#3432 = CARTESIAN_POINT('',(0.6,1.15,0.));
#3433 = VERTEX_POINT('',#3434);
#3434 = CARTESIAN_POINT('',(0.4,1.15,0.));
#3435 = LINE('',#3436,#3437);
#3436 = CARTESIAN_POINT('',(0.6,1.15,0.));
#3437 = VECTOR('',#3438,1.);
#3438 = DIRECTION('',(-1.,4.555315873023E-16,0.));
#3439 = ORIENTED_EDGE('',*,*,#3440,.T.);
#3440 = EDGE_CURVE('',#3431,#2325,#3441,.T.);
#3441 = LINE('',#3442,#3443);
#3442 = CARTESIAN_POINT('',(0.6,1.15,0.));
#3443 = VECTOR('',#3444,1.);
#3444 = DIRECTION('',(0.,0.,1.));
#3445 = ORIENTED_EDGE('',*,*,#2322,.F.);
#3446 = ORIENTED_EDGE('',*,*,#3447,.F.);
#3447 = EDGE_CURVE('',#3433,#2323,#3448,.T.);
#3448 = LINE('',#3449,#3450);
#3449 = CARTESIAN_POINT('',(0.4,1.15,0.));
#3450 = VECTOR('',#3451,1.);
#3451 = DIRECTION('',(0.,0.,1.));
#3452 = PLANE('',#3453);
#3453 = AXIS2_PLACEMENT_3D('',#3454,#3455,#3456);
#3454 = CARTESIAN_POINT('',(0.6,1.15,0.));
#3455 = DIRECTION('',(-4.555315873023E-16,-1.,0.));
#3456 = DIRECTION('',(-1.,4.555315873023E-16,0.));
#3457 = ADVANCED_FACE('',(#3458),#3476,.F.);
#3458 = FACE_BOUND('',#3459,.F.);
#3459 = EDGE_LOOP('',(#3460,#3468,#3469,#3470));
#3460 = ORIENTED_EDGE('',*,*,#3461,.F.);
#3461 = EDGE_CURVE('',#3433,#3462,#3464,.T.);
#3462 = VERTEX_POINT('',#3463);
#3463 = CARTESIAN_POINT('',(0.4,0.75,0.));
#3464 = LINE('',#3465,#3466);
#3465 = CARTESIAN_POINT('',(0.4,1.15,0.));
#3466 = VECTOR('',#3467,1.);
#3467 = DIRECTION('',(-4.555315873023E-16,-1.,0.));
#3468 = ORIENTED_EDGE('',*,*,#3447,.T.);
#3469 = ORIENTED_EDGE('',*,*,#2348,.F.);
#3470 = ORIENTED_EDGE('',*,*,#3471,.F.);
#3471 = EDGE_CURVE('',#3462,#2341,#3472,.T.);
#3472 = LINE('',#3473,#3474);
#3473 = CARTESIAN_POINT('',(0.4,0.75,0.));
#3474 = VECTOR('',#3475,1.);
#3475 = DIRECTION('',(0.,0.,1.));
#3476 = PLANE('',#3477);
#3477 = AXIS2_PLACEMENT_3D('',#3478,#3479,#3480);
#3478 = CARTESIAN_POINT('',(0.4,1.15,0.));
#3479 = DIRECTION('',(1.,-4.555315873023E-16,0.));
#3480 = DIRECTION('',(-4.555315873023E-16,-1.,0.));
#3481 = ADVANCED_FACE('',(#3482),#3500,.F.);
#3482 = FACE_BOUND('',#3483,.F.);
#3483 = EDGE_LOOP('',(#3484,#3492,#3498,#3499));
#3484 = ORIENTED_EDGE('',*,*,#3485,.F.);
#3485 = EDGE_CURVE('',#3486,#3431,#3488,.T.);
#3486 = VERTEX_POINT('',#3487);
#3487 = CARTESIAN_POINT('',(0.6,0.75,0.));
#3488 = LINE('',#3489,#3490);
#3489 = CARTESIAN_POINT('',(0.6,0.75,0.));
#3490 = VECTOR('',#3491,1.);
#3491 = DIRECTION('',(4.555315873023E-16,1.,0.));
#3492 = ORIENTED_EDGE('',*,*,#3493,.T.);
#3493 = EDGE_CURVE('',#3486,#2333,#3494,.T.);
#3494 = LINE('',#3495,#3496);
#3495 = CARTESIAN_POINT('',(0.6,0.75,0.));
#3496 = VECTOR('',#3497,1.);
#3497 = DIRECTION('',(0.,0.,1.));
#3498 = ORIENTED_EDGE('',*,*,#2332,.F.);
#3499 = ORIENTED_EDGE('',*,*,#3440,.F.);
#3500 = PLANE('',#3501);
#3501 = AXIS2_PLACEMENT_3D('',#3502,#3503,#3504);
#3502 = CARTESIAN_POINT('',(0.6,0.75,0.));
#3503 = DIRECTION('',(-1.,4.555315873023E-16,0.));
#3504 = DIRECTION('',(4.555315873023E-16,1.,0.));
#3505 = ADVANCED_FACE('',(#3506),#3517,.F.);
#3506 = FACE_BOUND('',#3507,.F.);
#3507 = EDGE_LOOP('',(#3508,#3514,#3515,#3516));
#3508 = ORIENTED_EDGE('',*,*,#3509,.F.);
#3509 = EDGE_CURVE('',#3462,#3486,#3510,.T.);
#3510 = LINE('',#3511,#3512);
#3511 = CARTESIAN_POINT('',(0.4,0.75,0.));
#3512 = VECTOR('',#3513,1.);
#3513 = DIRECTION('',(1.,-4.555315873023E-16,0.));
#3514 = ORIENTED_EDGE('',*,*,#3471,.T.);
#3515 = ORIENTED_EDGE('',*,*,#2340,.F.);
#3516 = ORIENTED_EDGE('',*,*,#3493,.F.);
#3517 = PLANE('',#3518);
#3518 = AXIS2_PLACEMENT_3D('',#3519,#3520,#3521);
#3519 = CARTESIAN_POINT('',(0.4,0.75,0.));
#3520 = DIRECTION('',(4.555315873023E-16,1.,0.));
#3521 = DIRECTION('',(1.,-4.555315873023E-16,0.));
#3522 = ADVANCED_FACE('',(#3523),#3548,.F.);
#3523 = FACE_BOUND('',#3524,.F.);
#3524 = EDGE_LOOP('',(#3525,#3535,#3541,#3542));
#3525 = ORIENTED_EDGE('',*,*,#3526,.F.);
#3526 = EDGE_CURVE('',#3527,#3529,#3531,.T.);
#3527 = VERTEX_POINT('',#3528);
#3528 = CARTESIAN_POINT('',(0.1,1.15,0.));
#3529 = VERTEX_POINT('',#3530);
#3530 = CARTESIAN_POINT('',(-0.1,1.15,0.));
#3531 = LINE('',#3532,#3533);
#3532 = CARTESIAN_POINT('',(0.1,1.15,0.));
#3533 = VECTOR('',#3534,1.);
#3534 = DIRECTION('',(-1.,4.555315873023E-16,0.));
#3535 = ORIENTED_EDGE('',*,*,#3536,.T.);
#3536 = EDGE_CURVE('',#3527,#2365,#3537,.T.);
#3537 = LINE('',#3538,#3539);
#3538 = CARTESIAN_POINT('',(0.1,1.15,0.));
#3539 = VECTOR('',#3540,1.);
#3540 = DIRECTION('',(0.,0.,1.));
#3541 = ORIENTED_EDGE('',*,*,#2362,.F.);
#3542 = ORIENTED_EDGE('',*,*,#3543,.F.);
#3543 = EDGE_CURVE('',#3529,#2363,#3544,.T.);
#3544 = LINE('',#3545,#3546);
#3545 = CARTESIAN_POINT('',(-0.1,1.15,0.));
#3546 = VECTOR('',#3547,1.);
#3547 = DIRECTION('',(0.,0.,1.));
#3548 = PLANE('',#3549);
#3549 = AXIS2_PLACEMENT_3D('',#3550,#3551,#3552);
#3550 = CARTESIAN_POINT('',(0.1,1.15,0.));
#3551 = DIRECTION('',(-4.555315873023E-16,-1.,0.));
#3552 = DIRECTION('',(-1.,4.555315873023E-16,0.));
#3553 = ADVANCED_FACE('',(#3554),#3572,.F.);
#3554 = FACE_BOUND('',#3555,.F.);
#3555 = EDGE_LOOP('',(#3556,#3564,#3565,#3566));
#3556 = ORIENTED_EDGE('',*,*,#3557,.F.);
#3557 = EDGE_CURVE('',#3529,#3558,#3560,.T.);
#3558 = VERTEX_POINT('',#3559);
#3559 = CARTESIAN_POINT('',(-0.1,0.75,0.));
#3560 = LINE('',#3561,#3562);
#3561 = CARTESIAN_POINT('',(-0.1,1.15,0.));
#3562 = VECTOR('',#3563,1.);
#3563 = DIRECTION('',(-4.555315873023E-16,-1.,0.));
#3564 = ORIENTED_EDGE('',*,*,#3543,.T.);
#3565 = ORIENTED_EDGE('',*,*,#2388,.F.);
#3566 = ORIENTED_EDGE('',*,*,#3567,.F.);
#3567 = EDGE_CURVE('',#3558,#2381,#3568,.T.);
#3568 = LINE('',#3569,#3570);
#3569 = CARTESIAN_POINT('',(-0.1,0.75,0.));
#3570 = VECTOR('',#3571,1.);
#3571 = DIRECTION('',(0.,0.,1.));
#3572 = PLANE('',#3573);
#3573 = AXIS2_PLACEMENT_3D('',#3574,#3575,#3576);
#3574 = CARTESIAN_POINT('',(-0.1,1.15,0.));
#3575 = DIRECTION('',(1.,-4.555315873023E-16,0.));
#3576 = DIRECTION('',(-4.555315873023E-16,-1.,0.));
#3577 = ADVANCED_FACE('',(#3578),#3596,.F.);
#3578 = FACE_BOUND('',#3579,.F.);
#3579 = EDGE_LOOP('',(#3580,#3588,#3594,#3595));
#3580 = ORIENTED_EDGE('',*,*,#3581,.F.);
#3581 = EDGE_CURVE('',#3582,#3527,#3584,.T.);
#3582 = VERTEX_POINT('',#3583);
#3583 = CARTESIAN_POINT('',(0.1,0.75,0.));
#3584 = LINE('',#3585,#3586);
#3585 = CARTESIAN_POINT('',(0.1,0.75,0.));
#3586 = VECTOR('',#3587,1.);
#3587 = DIRECTION('',(4.555315873023E-16,1.,0.));
#3588 = ORIENTED_EDGE('',*,*,#3589,.T.);
#3589 = EDGE_CURVE('',#3582,#2373,#3590,.T.);
#3590 = LINE('',#3591,#3592);
#3591 = CARTESIAN_POINT('',(0.1,0.75,0.));
#3592 = VECTOR('',#3593,1.);
#3593 = DIRECTION('',(0.,0.,1.));
#3594 = ORIENTED_EDGE('',*,*,#2372,.F.);
#3595 = ORIENTED_EDGE('',*,*,#3536,.F.);
#3596 = PLANE('',#3597);
#3597 = AXIS2_PLACEMENT_3D('',#3598,#3599,#3600);
#3598 = CARTESIAN_POINT('',(0.1,0.75,0.));
#3599 = DIRECTION('',(-1.,4.555315873023E-16,0.));
#3600 = DIRECTION('',(4.555315873023E-16,1.,0.));
#3601 = ADVANCED_FACE('',(#3602),#3613,.F.);
#3602 = FACE_BOUND('',#3603,.F.);
#3603 = EDGE_LOOP('',(#3604,#3610,#3611,#3612));
#3604 = ORIENTED_EDGE('',*,*,#3605,.F.);
#3605 = EDGE_CURVE('',#3558,#3582,#3606,.T.);
#3606 = LINE('',#3607,#3608);
#3607 = CARTESIAN_POINT('',(-0.1,0.75,0.));
#3608 = VECTOR('',#3609,1.);
#3609 = DIRECTION('',(1.,-4.555315873023E-16,0.));
#3610 = ORIENTED_EDGE('',*,*,#3567,.T.);
#3611 = ORIENTED_EDGE('',*,*,#2380,.F.);
#3612 = ORIENTED_EDGE('',*,*,#3589,.F.);
#3613 = PLANE('',#3614);
#3614 = AXIS2_PLACEMENT_3D('',#3615,#3616,#3617);
#3615 = CARTESIAN_POINT('',(-0.1,0.75,0.));
#3616 = DIRECTION('',(4.555315873023E-16,1.,0.));
#3617 = DIRECTION('',(1.,-4.555315873023E-16,0.));
#3618 = ADVANCED_FACE('',(#3619),#3644,.F.);
#3619 = FACE_BOUND('',#3620,.F.);
#3620 = EDGE_LOOP('',(#3621,#3631,#3637,#3638));
#3621 = ORIENTED_EDGE('',*,*,#3622,.F.);
#3622 = EDGE_CURVE('',#3623,#3625,#3627,.T.);
#3623 = VERTEX_POINT('',#3624);
#3624 = CARTESIAN_POINT('',(1.,0.85,0.));
#3625 = VERTEX_POINT('',#3626);
#3626 = CARTESIAN_POINT('',(1.,0.65,0.));
#3627 = LINE('',#3628,#3629);
#3628 = CARTESIAN_POINT('',(1.,0.85,0.));
#3629 = VECTOR('',#3630,1.);
#3630 = DIRECTION('',(-3.445092848398E-16,-1.,0.));
#3631 = ORIENTED_EDGE('',*,*,#3632,.T.);
#3632 = EDGE_CURVE('',#3623,#2399,#3633,.T.);
#3633 = LINE('',#3634,#3635);
#3634 = CARTESIAN_POINT('',(1.,0.85,0.));
#3635 = VECTOR('',#3636,1.);
#3636 = DIRECTION('',(0.,0.,1.));
#3637 = ORIENTED_EDGE('',*,*,#2396,.F.);
#3638 = ORIENTED_EDGE('',*,*,#3639,.F.);
#3639 = EDGE_CURVE('',#3625,#2397,#3640,.T.);
#3640 = LINE('',#3641,#3642);
#3641 = CARTESIAN_POINT('',(1.,0.65,0.));
#3642 = VECTOR('',#3643,1.);
#3643 = DIRECTION('',(0.,0.,1.));
#3644 = PLANE('',#3645);
#3645 = AXIS2_PLACEMENT_3D('',#3646,#3647,#3648);
#3646 = CARTESIAN_POINT('',(1.,0.85,0.));
#3647 = DIRECTION('',(1.,-3.445092848398E-16,0.));
#3648 = DIRECTION('',(-3.445092848398E-16,-1.,0.));
#3649 = ADVANCED_FACE('',(#3650),#3668,.F.);
#3650 = FACE_BOUND('',#3651,.F.);
#3651 = EDGE_LOOP('',(#3652,#3660,#3661,#3662));
#3652 = ORIENTED_EDGE('',*,*,#3653,.F.);
#3653 = EDGE_CURVE('',#3625,#3654,#3656,.T.);
#3654 = VERTEX_POINT('',#3655);
#3655 = CARTESIAN_POINT('',(1.4,0.65,0.));
#3656 = LINE('',#3657,#3658);
#3657 = CARTESIAN_POINT('',(1.,0.65,0.));
#3658 = VECTOR('',#3659,1.);
#3659 = DIRECTION('',(1.,-3.445092848398E-16,0.));
#3660 = ORIENTED_EDGE('',*,*,#3639,.T.);
#3661 = ORIENTED_EDGE('',*,*,#2422,.F.);
#3662 = ORIENTED_EDGE('',*,*,#3663,.F.);
#3663 = EDGE_CURVE('',#3654,#2415,#3664,.T.);
#3664 = LINE('',#3665,#3666);
#3665 = CARTESIAN_POINT('',(1.4,0.65,0.));
#3666 = VECTOR('',#3667,1.);
#3667 = DIRECTION('',(0.,0.,1.));
#3668 = PLANE('',#3669);
#3669 = AXIS2_PLACEMENT_3D('',#3670,#3671,#3672);
#3670 = CARTESIAN_POINT('',(1.,0.65,0.));
#3671 = DIRECTION('',(3.445092848398E-16,1.,0.));
#3672 = DIRECTION('',(1.,-3.445092848398E-16,0.));
#3673 = ADVANCED_FACE('',(#3674),#3692,.F.);
#3674 = FACE_BOUND('',#3675,.F.);
#3675 = EDGE_LOOP('',(#3676,#3684,#3690,#3691));
#3676 = ORIENTED_EDGE('',*,*,#3677,.F.);
#3677 = EDGE_CURVE('',#3678,#3623,#3680,.T.);
#3678 = VERTEX_POINT('',#3679);
#3679 = CARTESIAN_POINT('',(1.4,0.85,0.));
#3680 = LINE('',#3681,#3682);
#3681 = CARTESIAN_POINT('',(1.4,0.85,0.));
#3682 = VECTOR('',#3683,1.);
#3683 = DIRECTION('',(-1.,3.445092848398E-16,0.));
#3684 = ORIENTED_EDGE('',*,*,#3685,.T.);
#3685 = EDGE_CURVE('',#3678,#2407,#3686,.T.);
#3686 = LINE('',#3687,#3688);
#3687 = CARTESIAN_POINT('',(1.4,0.85,0.));
#3688 = VECTOR('',#3689,1.);
#3689 = DIRECTION('',(0.,0.,1.));
#3690 = ORIENTED_EDGE('',*,*,#2406,.F.);
#3691 = ORIENTED_EDGE('',*,*,#3632,.F.);
#3692 = PLANE('',#3693);
#3693 = AXIS2_PLACEMENT_3D('',#3694,#3695,#3696);
#3694 = CARTESIAN_POINT('',(1.4,0.85,0.));
#3695 = DIRECTION('',(-3.445092848398E-16,-1.,0.));
#3696 = DIRECTION('',(-1.,3.445092848398E-16,0.));
#3697 = ADVANCED_FACE('',(#3698),#3709,.F.);
#3698 = FACE_BOUND('',#3699,.F.);
#3699 = EDGE_LOOP('',(#3700,#3706,#3707,#3708));
#3700 = ORIENTED_EDGE('',*,*,#3701,.F.);
#3701 = EDGE_CURVE('',#3654,#3678,#3702,.T.);
#3702 = LINE('',#3703,#3704);
#3703 = CARTESIAN_POINT('',(1.4,0.65,0.));
#3704 = VECTOR('',#3705,1.);
#3705 = DIRECTION('',(3.445092848398E-16,1.,0.));
#3706 = ORIENTED_EDGE('',*,*,#3663,.T.);
#3707 = ORIENTED_EDGE('',*,*,#2414,.F.);
#3708 = ORIENTED_EDGE('',*,*,#3685,.F.);
#3709 = PLANE('',#3710);
#3710 = AXIS2_PLACEMENT_3D('',#3711,#3712,#3713);
#3711 = CARTESIAN_POINT('',(1.4,0.65,0.));
#3712 = DIRECTION('',(-1.,3.445092848398E-16,0.));
#3713 = DIRECTION('',(3.445092848398E-16,1.,0.));
#3714 = ADVANCED_FACE('',(#3715),#3740,.F.);
#3715 = FACE_BOUND('',#3716,.F.);
#3716 = EDGE_LOOP('',(#3717,#3727,#3733,#3734));
#3717 = ORIENTED_EDGE('',*,*,#3718,.F.);
#3718 = EDGE_CURVE('',#3719,#3721,#3723,.T.);
#3719 = VERTEX_POINT('',#3720);
#3720 = CARTESIAN_POINT('',(-1.4,0.85,0.));
#3721 = VERTEX_POINT('',#3722);
#3722 = CARTESIAN_POINT('',(-1.4,0.65,0.));
#3723 = LINE('',#3724,#3725);
#3724 = CARTESIAN_POINT('',(-1.4,0.85,0.));
#3725 = VECTOR('',#3726,1.);
#3726 = DIRECTION('',(-4.669739647545E-16,-1.,0.));
#3727 = ORIENTED_EDGE('',*,*,#3728,.T.);
#3728 = EDGE_CURVE('',#3719,#2433,#3729,.T.);
#3729 = LINE('',#3730,#3731);
#3730 = CARTESIAN_POINT('',(-1.4,0.85,0.));
#3731 = VECTOR('',#3732,1.);
#3732 = DIRECTION('',(0.,0.,1.));
#3733 = ORIENTED_EDGE('',*,*,#2430,.F.);
#3734 = ORIENTED_EDGE('',*,*,#3735,.F.);
#3735 = EDGE_CURVE('',#3721,#2431,#3736,.T.);
#3736 = LINE('',#3737,#3738);
#3737 = CARTESIAN_POINT('',(-1.4,0.65,0.));
#3738 = VECTOR('',#3739,1.);
#3739 = DIRECTION('',(0.,0.,1.));
#3740 = PLANE('',#3741);
#3741 = AXIS2_PLACEMENT_3D('',#3742,#3743,#3744);
#3742 = CARTESIAN_POINT('',(-1.4,0.85,0.));
#3743 = DIRECTION('',(1.,-4.669739647545E-16,0.));
#3744 = DIRECTION('',(-4.669739647545E-16,-1.,0.));
#3745 = ADVANCED_FACE('',(#3746),#3764,.F.);
#3746 = FACE_BOUND('',#3747,.F.);
#3747 = EDGE_LOOP('',(#3748,#3756,#3757,#3758));
#3748 = ORIENTED_EDGE('',*,*,#3749,.F.);
#3749 = EDGE_CURVE('',#3721,#3750,#3752,.T.);
#3750 = VERTEX_POINT('',#3751);
#3751 = CARTESIAN_POINT('',(-1.,0.65,0.));
#3752 = LINE('',#3753,#3754);
#3753 = CARTESIAN_POINT('',(-1.4,0.65,0.));
#3754 = VECTOR('',#3755,1.);
#3755 = DIRECTION('',(1.,-4.669739647545E-16,0.));
#3756 = ORIENTED_EDGE('',*,*,#3735,.T.);
#3757 = ORIENTED_EDGE('',*,*,#2456,.F.);
#3758 = ORIENTED_EDGE('',*,*,#3759,.F.);
#3759 = EDGE_CURVE('',#3750,#2449,#3760,.T.);
#3760 = LINE('',#3761,#3762);
#3761 = CARTESIAN_POINT('',(-1.,0.65,0.));
#3762 = VECTOR('',#3763,1.);
#3763 = DIRECTION('',(0.,0.,1.));
#3764 = PLANE('',#3765);
#3765 = AXIS2_PLACEMENT_3D('',#3766,#3767,#3768);
#3766 = CARTESIAN_POINT('',(-1.4,0.65,0.));
#3767 = DIRECTION('',(4.669739647545E-16,1.,0.));
#3768 = DIRECTION('',(1.,-4.669739647545E-16,0.));
#3769 = ADVANCED_FACE('',(#3770),#3788,.F.);
#3770 = FACE_BOUND('',#3771,.F.);
#3771 = EDGE_LOOP('',(#3772,#3780,#3786,#3787));
#3772 = ORIENTED_EDGE('',*,*,#3773,.F.);
#3773 = EDGE_CURVE('',#3774,#3719,#3776,.T.);
#3774 = VERTEX_POINT('',#3775);
#3775 = CARTESIAN_POINT('',(-1.,0.85,0.));
#3776 = LINE('',#3777,#3778);
#3777 = CARTESIAN_POINT('',(-1.,0.85,0.));
#3778 = VECTOR('',#3779,1.);
#3779 = DIRECTION('',(-1.,4.669739647545E-16,0.));
#3780 = ORIENTED_EDGE('',*,*,#3781,.T.);
#3781 = EDGE_CURVE('',#3774,#2441,#3782,.T.);
#3782 = LINE('',#3783,#3784);
#3783 = CARTESIAN_POINT('',(-1.,0.85,0.));
#3784 = VECTOR('',#3785,1.);
#3785 = DIRECTION('',(0.,0.,1.));
#3786 = ORIENTED_EDGE('',*,*,#2440,.F.);
#3787 = ORIENTED_EDGE('',*,*,#3728,.F.);
#3788 = PLANE('',#3789);
#3789 = AXIS2_PLACEMENT_3D('',#3790,#3791,#3792);
#3790 = CARTESIAN_POINT('',(-1.,0.85,0.));
#3791 = DIRECTION('',(-4.669739647545E-16,-1.,0.));
#3792 = DIRECTION('',(-1.,4.669739647545E-16,0.));
#3793 = ADVANCED_FACE('',(#3794),#3805,.F.);
#3794 = FACE_BOUND('',#3795,.F.);
#3795 = EDGE_LOOP('',(#3796,#3802,#3803,#3804));
#3796 = ORIENTED_EDGE('',*,*,#3797,.F.);
#3797 = EDGE_CURVE('',#3750,#3774,#3798,.T.);
#3798 = LINE('',#3799,#3800);
#3799 = CARTESIAN_POINT('',(-1.,0.65,0.));
#3800 = VECTOR('',#3801,1.);
#3801 = DIRECTION('',(4.669739647545E-16,1.,0.));
#3802 = ORIENTED_EDGE('',*,*,#3759,.T.);
#3803 = ORIENTED_EDGE('',*,*,#2448,.F.);
#3804 = ORIENTED_EDGE('',*,*,#3781,.F.);
#3805 = PLANE('',#3806);
#3806 = AXIS2_PLACEMENT_3D('',#3807,#3808,#3809);
#3807 = CARTESIAN_POINT('',(-1.,0.65,0.));
#3808 = DIRECTION('',(-1.,4.669739647545E-16,0.));
#3809 = DIRECTION('',(4.669739647545E-16,1.,0.));
#3810 = ADVANCED_FACE('',(#3811,#3817),#3828,.T.);
#3811 = FACE_BOUND('',#3812,.T.);
#3812 = EDGE_LOOP('',(#3813,#3814,#3815,#3816));
#3813 = ORIENTED_EDGE('',*,*,#2487,.F.);
#3814 = ORIENTED_EDGE('',*,*,#2527,.T.);
#3815 = ORIENTED_EDGE('',*,*,#2552,.T.);
#3816 = ORIENTED_EDGE('',*,*,#2503,.F.);
#3817 = FACE_BOUND('',#3818,.T.);
#3818 = EDGE_LOOP('',(#3819));
#3819 = ORIENTED_EDGE('',*,*,#3820,.T.);
#3820 = EDGE_CURVE('',#3821,#3821,#3823,.T.);
#3821 = VERTEX_POINT('',#3822);
#3822 = CARTESIAN_POINT('',(-1.,0.65,0.78));
#3823 = CIRCLE('',#3824,0.1);
#3824 = AXIS2_PLACEMENT_3D('',#3825,#3826,#3827);
#3825 = CARTESIAN_POINT('',(-1.,0.75,0.78));
#3826 = DIRECTION('',(-0.,0.,-1.));
#3827 = DIRECTION('',(-2.22044604925E-16,-1.,0.));
#3828 = PLANE('',#3829);
#3829 = AXIS2_PLACEMENT_3D('',#3830,#3831,#3832);
#3830 = CARTESIAN_POINT('',(-1.5,1.25,0.78));
#3831 = DIRECTION('',(0.,0.,1.));
#3832 = DIRECTION('',(-2.22044604925E-16,-1.,0.));
#3833 = ADVANCED_FACE('',(#3834),#3840,.F.);
#3834 = FACE_BOUND('',#3835,.F.);
#3835 = EDGE_LOOP('',(#3836,#3837,#3838,#3839));
#3836 = ORIENTED_EDGE('',*,*,#2645,.T.);
#3837 = ORIENTED_EDGE('',*,*,#2621,.T.);
#3838 = ORIENTED_EDGE('',*,*,#2566,.T.);
#3839 = ORIENTED_EDGE('',*,*,#2597,.T.);
#3840 = PLANE('',#3841);
#3841 = AXIS2_PLACEMENT_3D('',#3842,#3843,#3844);
#3842 = CARTESIAN_POINT('',(-1.2,-0.75,0.));
#3843 = DIRECTION('',(0.,0.,1.));
#3844 = DIRECTION('',(-4.669739647545E-16,-1.,0.));
#3845 = ADVANCED_FACE('',(#3846),#3852,.F.);
#3846 = FACE_BOUND('',#3847,.F.);
#3847 = EDGE_LOOP('',(#3848,#3849,#3850,#3851));
#3848 = ORIENTED_EDGE('',*,*,#2717,.T.);
#3849 = ORIENTED_EDGE('',*,*,#2662,.T.);
#3850 = ORIENTED_EDGE('',*,*,#2693,.T.);
#3851 = ORIENTED_EDGE('',*,*,#2741,.T.);
#3852 = PLANE('',#3853);
#3853 = AXIS2_PLACEMENT_3D('',#3854,#3855,#3856);
#3854 = CARTESIAN_POINT('',(-3.74700270811E-16,-0.95,0.));
#3855 = DIRECTION('',(0.,0.,1.));
#3856 = DIRECTION('',(1.,-5.665538897648E-16,0.));
#3857 = ADVANCED_FACE('',(#3858),#3864,.F.);
#3858 = FACE_BOUND('',#3859,.F.);
#3859 = EDGE_LOOP('',(#3860,#3861,#3862,#3863));
#3860 = ORIENTED_EDGE('',*,*,#2813,.T.);
#3861 = ORIENTED_EDGE('',*,*,#2758,.T.);
#3862 = ORIENTED_EDGE('',*,*,#2789,.T.);
#3863 = ORIENTED_EDGE('',*,*,#2837,.T.);
#3864 = PLANE('',#3865);
#3865 = AXIS2_PLACEMENT_3D('',#3866,#3867,#3868);
#3866 = CARTESIAN_POINT('',(-0.5,-0.95,0.));
#3867 = DIRECTION('',(0.,0.,1.));
#3868 = DIRECTION('',(1.,-5.665538897648E-16,0.));
#3869 = ADVANCED_FACE('',(#3870),#3876,.F.);
#3870 = FACE_BOUND('',#3871,.F.);
#3871 = EDGE_LOOP('',(#3872,#3873,#3874,#3875));
#3872 = ORIENTED_EDGE('',*,*,#2909,.T.);
#3873 = ORIENTED_EDGE('',*,*,#2854,.T.);
#3874 = ORIENTED_EDGE('',*,*,#2885,.T.);
#3875 = ORIENTED_EDGE('',*,*,#2933,.T.);
#3876 = PLANE('',#3877);
#3877 = AXIS2_PLACEMENT_3D('',#3878,#3879,#3880);
#3878 = CARTESIAN_POINT('',(1.2,-0.75,0.));
#3879 = DIRECTION('',(0.,0.,1.));
#3880 = DIRECTION('',(3.445092848398E-16,1.,-0.));
#3881 = ADVANCED_FACE('',(#3882),#3888,.F.);
#3882 = FACE_BOUND('',#3883,.F.);
#3883 = EDGE_LOOP('',(#3884,#3885,#3886,#3887));
#3884 = ORIENTED_EDGE('',*,*,#3005,.T.);
#3885 = ORIENTED_EDGE('',*,*,#2950,.T.);
#3886 = ORIENTED_EDGE('',*,*,#2981,.T.);
#3887 = ORIENTED_EDGE('',*,*,#3029,.T.);
#3888 = PLANE('',#3889);
#3889 = AXIS2_PLACEMENT_3D('',#3890,#3891,#3892);
#3890 = CARTESIAN_POINT('',(0.5,-0.95,0.));
#3891 = DIRECTION('',(0.,0.,1.));
#3892 = DIRECTION('',(1.,-5.665538897648E-16,0.));
#3893 = ADVANCED_FACE('',(#3894),#3900,.F.);
#3894 = FACE_BOUND('',#3895,.F.);
#3895 = EDGE_LOOP('',(#3896,#3897,#3898,#3899));
#3896 = ORIENTED_EDGE('',*,*,#3101,.T.);
#3897 = ORIENTED_EDGE('',*,*,#3046,.T.);
#3898 = ORIENTED_EDGE('',*,*,#3077,.T.);
#3899 = ORIENTED_EDGE('',*,*,#3125,.T.);
#3900 = PLANE('',#3901);
#3901 = AXIS2_PLACEMENT_3D('',#3902,#3903,#3904);
#3902 = CARTESIAN_POINT('',(-1.2,0.25,0.));
#3903 = DIRECTION('',(0.,0.,1.));
#3904 = DIRECTION('',(-4.669739647545E-16,-1.,0.));
#3905 = ADVANCED_FACE('',(#3906),#3912,.F.);
#3906 = FACE_BOUND('',#3907,.F.);
#3907 = EDGE_LOOP('',(#3908,#3909,#3910,#3911));
#3908 = ORIENTED_EDGE('',*,*,#3197,.T.);
#3909 = ORIENTED_EDGE('',*,*,#3142,.T.);
#3910 = ORIENTED_EDGE('',*,*,#3173,.T.);
#3911 = ORIENTED_EDGE('',*,*,#3221,.T.);
#3912 = PLANE('',#3913);
#3913 = AXIS2_PLACEMENT_3D('',#3914,#3915,#3916);
#3914 = CARTESIAN_POINT('',(-1.2,-0.25,0.));
#3915 = DIRECTION('',(0.,0.,1.));
#3916 = DIRECTION('',(-4.669739647545E-16,-1.,0.));
#3917 = ADVANCED_FACE('',(#3918),#3924,.F.);
#3918 = FACE_BOUND('',#3919,.F.);
#3919 = EDGE_LOOP('',(#3920,#3921,#3922,#3923));
#3920 = ORIENTED_EDGE('',*,*,#3238,.T.);
#3921 = ORIENTED_EDGE('',*,*,#3269,.T.);
#3922 = ORIENTED_EDGE('',*,*,#3317,.T.);
#3923 = ORIENTED_EDGE('',*,*,#3293,.T.);
#3924 = PLANE('',#3925);
#3925 = AXIS2_PLACEMENT_3D('',#3926,#3927,#3928);
#3926 = CARTESIAN_POINT('',(1.2,-0.25,0.));
#3927 = DIRECTION('',(0.,0.,1.));
#3928 = DIRECTION('',(3.445092848398E-16,1.,-0.));
#3929 = ADVANCED_FACE('',(#3930),#3936,.F.);
#3930 = FACE_BOUND('',#3931,.F.);
#3931 = EDGE_LOOP('',(#3932,#3933,#3934,#3935));
#3932 = ORIENTED_EDGE('',*,*,#3413,.T.);
#3933 = ORIENTED_EDGE('',*,*,#3389,.T.);
#3934 = ORIENTED_EDGE('',*,*,#3334,.T.);
#3935 = ORIENTED_EDGE('',*,*,#3365,.T.);
#3936 = PLANE('',#3937);
#3937 = AXIS2_PLACEMENT_3D('',#3938,#3939,#3940);
#3938 = CARTESIAN_POINT('',(1.2,0.25,0.));
#3939 = DIRECTION('',(0.,0.,1.));
#3940 = DIRECTION('',(3.445092848398E-16,1.,-0.));
#3941 = ADVANCED_FACE('',(#3942),#3948,.F.);
#3942 = FACE_BOUND('',#3943,.F.);
#3943 = EDGE_LOOP('',(#3944,#3945,#3946,#3947));
#3944 = ORIENTED_EDGE('',*,*,#3461,.T.);
#3945 = ORIENTED_EDGE('',*,*,#3509,.T.);
#3946 = ORIENTED_EDGE('',*,*,#3485,.T.);
#3947 = ORIENTED_EDGE('',*,*,#3430,.T.);
#3948 = PLANE('',#3949);
#3949 = AXIS2_PLACEMENT_3D('',#3950,#3951,#3952);
#3950 = CARTESIAN_POINT('',(0.5,0.95,0.));
#3951 = DIRECTION('',(0.,0.,1.));
#3952 = DIRECTION('',(-1.,4.555315873023E-16,0.));
#3953 = ADVANCED_FACE('',(#3954),#3960,.F.);
#3954 = FACE_BOUND('',#3955,.F.);
#3955 = EDGE_LOOP('',(#3956,#3957,#3958,#3959));
#3956 = ORIENTED_EDGE('',*,*,#3557,.T.);
#3957 = ORIENTED_EDGE('',*,*,#3605,.T.);
#3958 = ORIENTED_EDGE('',*,*,#3581,.T.);
#3959 = ORIENTED_EDGE('',*,*,#3526,.T.);
#3960 = PLANE('',#3961);
#3961 = AXIS2_PLACEMENT_3D('',#3962,#3963,#3964);
#3962 = CARTESIAN_POINT('',(2.775557561563E-16,0.95,0.));
#3963 = DIRECTION('',(0.,0.,1.));
#3964 = DIRECTION('',(-1.,4.555315873023E-16,0.));
#3965 = ADVANCED_FACE('',(#3966),#3972,.F.);
#3966 = FACE_BOUND('',#3967,.F.);
#3967 = EDGE_LOOP('',(#3968,#3969,#3970,#3971));
#3968 = ORIENTED_EDGE('',*,*,#3677,.T.);
#3969 = ORIENTED_EDGE('',*,*,#3622,.T.);
#3970 = ORIENTED_EDGE('',*,*,#3653,.T.);
#3971 = ORIENTED_EDGE('',*,*,#3701,.T.);
#3972 = PLANE('',#3973);
#3973 = AXIS2_PLACEMENT_3D('',#3974,#3975,#3976);
#3974 = CARTESIAN_POINT('',(1.2,0.75,0.));
#3975 = DIRECTION('',(0.,0.,1.));
#3976 = DIRECTION('',(3.445092848398E-16,1.,-0.));
#3977 = ADVANCED_FACE('',(#3978),#3984,.F.);
#3978 = FACE_BOUND('',#3979,.F.);
#3979 = EDGE_LOOP('',(#3980,#3981,#3982,#3983));
#3980 = ORIENTED_EDGE('',*,*,#3749,.T.);
#3981 = ORIENTED_EDGE('',*,*,#3797,.T.);
#3982 = ORIENTED_EDGE('',*,*,#3773,.T.);
#3983 = ORIENTED_EDGE('',*,*,#3718,.T.);
#3984 = PLANE('',#3985);
#3985 = AXIS2_PLACEMENT_3D('',#3986,#3987,#3988);
#3986 = CARTESIAN_POINT('',(-1.2,0.75,0.));
#3987 = DIRECTION('',(0.,0.,1.));
#3988 = DIRECTION('',(-4.669739647545E-16,-1.,0.));
#3989 = ADVANCED_FACE('',(#3990),#4009,.F.);
#3990 = FACE_BOUND('',#3991,.F.);
#3991 = EDGE_LOOP('',(#3992,#4000,#4007,#4008));
#3992 = ORIENTED_EDGE('',*,*,#3993,.T.);
#3993 = EDGE_CURVE('',#3821,#3994,#3996,.T.);
#3994 = VERTEX_POINT('',#3995);
#3995 = CARTESIAN_POINT('',(-1.,0.65,0.76));
#3996 = LINE('',#3997,#3998);
#3997 = CARTESIAN_POINT('',(-1.,0.65,0.8));
#3998 = VECTOR('',#3999,1.);
#3999 = DIRECTION('',(-0.,0.,-1.));
#4000 = ORIENTED_EDGE('',*,*,#4001,.T.);
#4001 = EDGE_CURVE('',#3994,#3994,#4002,.T.);
#4002 = CIRCLE('',#4003,0.1);
#4003 = AXIS2_PLACEMENT_3D('',#4004,#4005,#4006);
#4004 = CARTESIAN_POINT('',(-1.,0.75,0.76));
#4005 = DIRECTION('',(0.,0.,1.));
#4006 = DIRECTION('',(-2.22044604925E-16,-1.,0.));
#4007 = ORIENTED_EDGE('',*,*,#3993,.F.);
#4008 = ORIENTED_EDGE('',*,*,#3820,.T.);
#4009 = CYLINDRICAL_SURFACE('',#4010,0.1);
#4010 = AXIS2_PLACEMENT_3D('',#4011,#4012,#4013);
#4011 = CARTESIAN_POINT('',(-1.,0.75,0.8));
#4012 = DIRECTION('',(0.,0.,-1.));
#4013 = DIRECTION('',(-2.22044604925E-16,-1.,-0.));
#4014 = ADVANCED_FACE('',(#4015),#4018,.T.);
#4015 = FACE_BOUND('',#4016,.T.);
#4016 = EDGE_LOOP('',(#4017));
#4017 = ORIENTED_EDGE('',*,*,#4001,.T.);
#4018 = PLANE('',#4019);
#4019 = AXIS2_PLACEMENT_3D('',#4020,#4021,#4022);
#4020 = CARTESIAN_POINT('',(-1.,0.75,0.76));
#4021 = DIRECTION('',(0.,0.,1.));
#4022 = DIRECTION('',(-2.22044604925E-16,-1.,0.));
#4023 = ( GEOMETRIC_REPRESENTATION_CONTEXT(3) 
GLOBAL_UNCERTAINTY_ASSIGNED_CONTEXT((#4027)) 
GLOBAL_UNIT_ASSIGNED_CONTEXT((#4024,#4025,#4026)) REPRESENTATION_CONTEXT
('Context #1','3D Context with UNIT and UNCERTAINTY') );
#4024 = ( LENGTH_UNIT() NAMED_UNIT(*) SI_UNIT(.MILLI.,.METRE.) );
#4025 = ( NAMED_UNIT(*) PLANE_ANGLE_UNIT() SI_UNIT($,.RADIAN.) );
#4026 = ( NAMED_UNIT(*) SI_UNIT($,.STERADIAN.) SOLID_ANGLE_UNIT() );
#4027 = UNCERTAINTY_MEASURE_WITH_UNIT(LENGTH_MEASURE(1.E-07),#4024,
  'distance_accuracy_value','confusion accuracy');
#4028 = CONTEXT_DEPENDENT_SHAPE_REPRESENTATION(#4029,#4031);
#4029 = ( REPRESENTATION_RELATIONSHIP('','',#1839,#10) 
REPRESENTATION_RELATIONSHIP_WITH_TRANSFORMATION(#4030) 
SHAPE_REPRESENTATION_RELATIONSHIP() );
#4030 = ITEM_DEFINED_TRANSFORMATION('','',#11,#27);
#4031 = PRODUCT_DEFINITION_SHAPE('Placement','Placement of an item',
  #4032);
#4032 = NEXT_ASSEMBLY_USAGE_OCCURRENCE('4','U2','',#5,#1834,$);
#4033 = PRODUCT_RELATED_PRODUCT_CATEGORY('part',$,(#1836));
#4034 = CONTEXT_DEPENDENT_SHAPE_REPRESENTATION(#4035,#4037);
#4035 = ( REPRESENTATION_RELATIONSHIP('','',#961,#10) 
REPRESENTATION_RELATIONSHIP_WITH_TRANSFORMATION(#4036) 
SHAPE_REPRESENTATION_RELATIONSHIP() );
#4036 = ITEM_DEFINED_TRANSFORMATION('','',#11,#31);
#4037 = PRODUCT_DEFINITION_SHAPE('Placement','Placement of an item',
  #4038);
#4038 = NEXT_ASSEMBLY_USAGE_OCCURRENCE('5','C13','',#5,#956,$);
#4039 = CONTEXT_DEPENDENT_SHAPE_REPRESENTATION(#4040,#4042);
#4040 = ( REPRESENTATION_RELATIONSHIP('','',#961,#10) 
REPRESENTATION_RELATIONSHIP_WITH_TRANSFORMATION(#4041) 
SHAPE_REPRESENTATION_RELATIONSHIP() );
#4041 = ITEM_DEFINED_TRANSFORMATION('','',#11,#35);
#4042 = PRODUCT_DEFINITION_SHAPE('Placement','Placement of an item',
  #4043);
#4043 = NEXT_ASSEMBLY_USAGE_OCCURRENCE('6','C6','',#5,#956,$);
#4044 = SHAPE_DEFINITION_REPRESENTATION(#4045,#4051);
#4045 = PRODUCT_DEFINITION_SHAPE('','',#4046);
#4046 = PRODUCT_DEFINITION('design','',#4047,#4050);
#4047 = PRODUCT_DEFINITION_FORMATION('','',#4048);
#4048 = PRODUCT('sot416','sot416','',(#4049));
#4049 = PRODUCT_CONTEXT('',#2,'mechanical');
#4050 = PRODUCT_DEFINITION_CONTEXT('part definition',#2,'design');
#4051 = ADVANCED_BREP_SHAPE_REPRESENTATION('',(#11,#4052),#5838);
#4052 = MANIFOLD_SOLID_BREP('',#4053);
#4053 = CLOSED_SHELL('',(#4054,#4126,#4168,#4199,#4241,#4272,#4314,#4345
    ,#4401,#4457,#4497,#4537,#4577,#4617,#4650,#4683,#4714,#4745,#4778,
    #4811,#4833,#4855,#4877,#4899,#4939,#4961,#4992,#5025,#5056,#5080,
    #5166,#5206,#5246,#5307,#5352,#5370,#5388,#5407,#5426,#5445,#5464,
    #5488,#5513,#5530,#5548,#5572,#5590,#5607,#5625,#5649,#5668,#5686,
    #5704,#5721,#5738,#5755,#5773,#5791,#5809,#5826));
#4054 = ADVANCED_FACE('',(#4055),#4121,.F.);
#4055 = FACE_BOUND('',#4056,.T.);
#4056 = EDGE_LOOP('',(#4057,#4067,#4075,#4083,#4091,#4099,#4107,#4115));
#4057 = ORIENTED_EDGE('',*,*,#4058,.F.);
#4058 = EDGE_CURVE('',#4059,#4061,#4063,.T.);
#4059 = VERTEX_POINT('',#4060);
#4060 = CARTESIAN_POINT('',(-0.85,0.45,0.6));
#4061 = VERTEX_POINT('',#4062);
#4062 = CARTESIAN_POINT('',(-0.154398364486,0.45,0.6));
#4063 = LINE('',#4064,#4065);
#4064 = CARTESIAN_POINT('',(-1.307609715732,0.45,0.6));
#4065 = VECTOR('',#4066,1.);
#4066 = DIRECTION('',(1.,0.,0.));
#4067 = ORIENTED_EDGE('',*,*,#4068,.F.);
#4068 = EDGE_CURVE('',#4069,#4059,#4071,.T.);
#4069 = VERTEX_POINT('',#4070);
#4070 = CARTESIAN_POINT('',(-0.85,0.3613962039,0.865811388301));
#4071 = LINE('',#4072,#4073);
#4072 = CARTESIAN_POINT('',(-0.85,0.35,0.9));
#4073 = VECTOR('',#4074,1.);
#4074 = DIRECTION('',(0.,0.316227766017,-0.948683298051));
#4075 = ORIENTED_EDGE('',*,*,#4076,.T.);
#4076 = EDGE_CURVE('',#4069,#4077,#4079,.T.);
#4077 = VERTEX_POINT('',#4078);
#4078 = CARTESIAN_POINT('',(0.85,0.3613962039,0.865811388301));
#4079 = LINE('',#4080,#4081);
#4080 = CARTESIAN_POINT('',(0.9,0.3613962039,0.865811388301));
#4081 = VECTOR('',#4082,1.);
#4082 = DIRECTION('',(1.,0.,0.));
#4083 = ORIENTED_EDGE('',*,*,#4084,.T.);
#4084 = EDGE_CURVE('',#4077,#4085,#4087,.T.);
#4085 = VERTEX_POINT('',#4086);
#4086 = CARTESIAN_POINT('',(0.85,0.45,0.6));
#4087 = LINE('',#4088,#4089);
#4088 = CARTESIAN_POINT('',(0.85,0.35,0.9));
#4089 = VECTOR('',#4090,1.);
#4090 = DIRECTION('',(0.,0.316227766017,-0.948683298051));
#4091 = ORIENTED_EDGE('',*,*,#4092,.F.);
#4092 = EDGE_CURVE('',#4093,#4085,#4095,.T.);
#4093 = VERTEX_POINT('',#4094);
#4094 = CARTESIAN_POINT('',(0.145601635514,0.45,0.6));
#4095 = LINE('',#4096,#4097);
#4096 = CARTESIAN_POINT('',(-1.307609715732,0.45,0.6));
#4097 = VECTOR('',#4098,1.);
#4098 = DIRECTION('',(1.,0.,0.));
#4099 = ORIENTED_EDGE('',*,*,#4100,.T.);
#4100 = EDGE_CURVE('',#4093,#4101,#4103,.T.);
#4101 = VERTEX_POINT('',#4102);
#4102 = CARTESIAN_POINT('',(0.145601635514,0.410002452853,0.72));
#4103 = LINE('',#4104,#4105);
#4104 = CARTESIAN_POINT('',(0.145601635514,0.35,0.9));
#4105 = VECTOR('',#4106,1.);
#4106 = DIRECTION('',(-7.792155248084E-17,-0.316227766017,0.948683298051
    ));
#4107 = ORIENTED_EDGE('',*,*,#4108,.F.);
#4108 = EDGE_CURVE('',#4109,#4101,#4111,.T.);
#4109 = VERTEX_POINT('',#4110);
#4110 = CARTESIAN_POINT('',(-0.154398364486,0.410002452853,0.72));
#4111 = LINE('',#4112,#4113);
#4112 = CARTESIAN_POINT('',(0.145601635514,0.41,0.72));
#4113 = VECTOR('',#4114,1.);
#4114 = DIRECTION('',(1.,0.,0.));
#4115 = ORIENTED_EDGE('',*,*,#4116,.T.);
#4116 = EDGE_CURVE('',#4109,#4061,#4117,.T.);
#4117 = LINE('',#4118,#4119);
#4118 = CARTESIAN_POINT('',(-0.154398364486,0.35,0.9));
#4119 = VECTOR('',#4120,1.);
#4120 = DIRECTION('',(-7.792155248084E-17,0.316227766017,-0.948683298051
    ));
#4121 = PLANE('',#4122);
#4122 = AXIS2_PLACEMENT_3D('',#4123,#4124,#4125);
#4123 = CARTESIAN_POINT('',(-1.307609715732,0.35,0.9));
#4124 = DIRECTION('',(0.,-0.948683298051,-0.316227766017));
#4125 = DIRECTION('',(0.,0.316227766017,-0.948683298051));
#4126 = ADVANCED_FACE('',(#4127),#4163,.T.);
#4127 = FACE_BOUND('',#4128,.T.);
#4128 = EDGE_LOOP('',(#4129,#4140,#4148,#4157));
#4129 = ORIENTED_EDGE('',*,*,#4130,.F.);
#4130 = EDGE_CURVE('',#4131,#4133,#4135,.T.);
#4131 = VERTEX_POINT('',#4132);
#4132 = CARTESIAN_POINT('',(0.145601635514,0.41,0.24));
#4133 = VERTEX_POINT('',#4134);
#4134 = CARTESIAN_POINT('',(0.145601635514,0.65,0.));
#4135 = CIRCLE('',#4136,0.24);
#4136 = AXIS2_PLACEMENT_3D('',#4137,#4138,#4139);
#4137 = CARTESIAN_POINT('',(0.145601635514,0.65,0.24));
#4138 = DIRECTION('',(1.,-2.464095846558E-16,0.));
#4139 = DIRECTION('',(2.464095846558E-16,1.,0.));
#4140 = ORIENTED_EDGE('',*,*,#4141,.F.);
#4141 = EDGE_CURVE('',#4142,#4131,#4144,.T.);
#4142 = VERTEX_POINT('',#4143);
#4143 = CARTESIAN_POINT('',(-0.154398364486,0.41,0.24));
#4144 = LINE('',#4145,#4146);
#4145 = CARTESIAN_POINT('',(-0.9,0.41,0.24));
#4146 = VECTOR('',#4147,1.);
#4147 = DIRECTION('',(1.,0.,0.));
#4148 = ORIENTED_EDGE('',*,*,#4149,.F.);
#4149 = EDGE_CURVE('',#4150,#4142,#4152,.T.);
#4150 = VERTEX_POINT('',#4151);
#4151 = CARTESIAN_POINT('',(-0.154398364486,0.65,0.));
#4152 = CIRCLE('',#4153,0.24);
#4153 = AXIS2_PLACEMENT_3D('',#4154,#4155,#4156);
#4154 = CARTESIAN_POINT('',(-0.154398364486,0.65,0.24));
#4155 = DIRECTION('',(-1.,-2.464095846558E-16,0.));
#4156 = DIRECTION('',(2.464095846558E-16,-1.,0.));
#4157 = ORIENTED_EDGE('',*,*,#4158,.T.);
#4158 = EDGE_CURVE('',#4150,#4133,#4159,.T.);
#4159 = LINE('',#4160,#4161);
#4160 = CARTESIAN_POINT('',(-0.9,0.65,-2.710505431214E-17));
#4161 = VECTOR('',#4162,1.);
#4162 = DIRECTION('',(1.,0.,0.));
#4163 = CYLINDRICAL_SURFACE('',#4164,0.24);
#4164 = AXIS2_PLACEMENT_3D('',#4165,#4166,#4167);
#4165 = CARTESIAN_POINT('',(-0.9,0.65,0.24));
#4166 = DIRECTION('',(1.,0.,0.));
#4167 = DIRECTION('',(0.,0.,-1.));
#4168 = ADVANCED_FACE('',(#4169),#4194,.T.);
#4169 = FACE_BOUND('',#4170,.T.);
#4170 = EDGE_LOOP('',(#4171,#4172,#4180,#4188));
#4171 = ORIENTED_EDGE('',*,*,#4141,.T.);
#4172 = ORIENTED_EDGE('',*,*,#4173,.T.);
#4173 = EDGE_CURVE('',#4131,#4174,#4176,.T.);
#4174 = VERTEX_POINT('',#4175);
#4175 = CARTESIAN_POINT('',(0.145601635514,0.41,0.36));
#4176 = LINE('',#4177,#4178);
#4177 = CARTESIAN_POINT('',(0.145601635514,0.41,0.24));
#4178 = VECTOR('',#4179,1.);
#4179 = DIRECTION('',(2.226315058376E-31,9.035018104046E-16,1.));
#4180 = ORIENTED_EDGE('',*,*,#4181,.F.);
#4181 = EDGE_CURVE('',#4182,#4174,#4184,.T.);
#4182 = VERTEX_POINT('',#4183);
#4183 = CARTESIAN_POINT('',(-0.154398364486,0.41,0.36));
#4184 = LINE('',#4185,#4186);
#4185 = CARTESIAN_POINT('',(-0.9,0.41,0.36));
#4186 = VECTOR('',#4187,1.);
#4187 = DIRECTION('',(1.,0.,0.));
#4188 = ORIENTED_EDGE('',*,*,#4189,.T.);
#4189 = EDGE_CURVE('',#4182,#4142,#4190,.T.);
#4190 = LINE('',#4191,#4192);
#4191 = CARTESIAN_POINT('',(-0.154398364486,0.41,0.24));
#4192 = VECTOR('',#4193,1.);
#4193 = DIRECTION('',(2.412710331671E-31,-9.035018104046E-16,-1.));
#4194 = PLANE('',#4195);
#4195 = AXIS2_PLACEMENT_3D('',#4196,#4197,#4198);
#4196 = CARTESIAN_POINT('',(-0.9,0.41,0.24));
#4197 = DIRECTION('',(0.,-1.,9.035018104046E-16));
#4198 = DIRECTION('',(0.,-9.035018104046E-16,-1.));
#4199 = ADVANCED_FACE('',(#4200),#4236,.T.);
#4200 = FACE_BOUND('',#4201,.T.);
#4201 = EDGE_LOOP('',(#4202,#4212,#4221,#4229));
#4202 = ORIENTED_EDGE('',*,*,#4203,.T.);
#4203 = EDGE_CURVE('',#4204,#4206,#4208,.T.);
#4204 = VERTEX_POINT('',#4205);
#4205 = CARTESIAN_POINT('',(-0.6,-0.41,0.24));
#4206 = VERTEX_POINT('',#4207);
#4207 = CARTESIAN_POINT('',(-0.3,-0.41,0.24));
#4208 = LINE('',#4209,#4210);
#4209 = CARTESIAN_POINT('',(-0.9,-0.41,0.24));
#4210 = VECTOR('',#4211,1.);
#4211 = DIRECTION('',(1.,0.,0.));
#4212 = ORIENTED_EDGE('',*,*,#4213,.F.);
#4213 = EDGE_CURVE('',#4214,#4206,#4216,.T.);
#4214 = VERTEX_POINT('',#4215);
#4215 = CARTESIAN_POINT('',(-0.3,-0.65,-2.710505431214E-17));
#4216 = CIRCLE('',#4217,0.24);
#4217 = AXIS2_PLACEMENT_3D('',#4218,#4219,#4220);
#4218 = CARTESIAN_POINT('',(-0.3,-0.65,0.24));
#4219 = DIRECTION('',(1.,-1.232047923279E-16,0.));
#4220 = DIRECTION('',(1.232047923279E-16,1.,0.));
#4221 = ORIENTED_EDGE('',*,*,#4222,.F.);
#4222 = EDGE_CURVE('',#4223,#4214,#4225,.T.);
#4223 = VERTEX_POINT('',#4224);
#4224 = CARTESIAN_POINT('',(-0.6,-0.65,-2.710505431214E-17));
#4225 = LINE('',#4226,#4227);
#4226 = CARTESIAN_POINT('',(-0.9,-0.65,0.));
#4227 = VECTOR('',#4228,1.);
#4228 = DIRECTION('',(1.,0.,0.));
#4229 = ORIENTED_EDGE('',*,*,#4230,.T.);
#4230 = EDGE_CURVE('',#4223,#4204,#4231,.T.);
#4231 = CIRCLE('',#4232,0.24);
#4232 = AXIS2_PLACEMENT_3D('',#4233,#4234,#4235);
#4233 = CARTESIAN_POINT('',(-0.6,-0.65,0.24));
#4234 = DIRECTION('',(1.,2.464095846558E-16,0.));
#4235 = DIRECTION('',(-2.464095846558E-16,1.,0.));
#4236 = CYLINDRICAL_SURFACE('',#4237,0.24);
#4237 = AXIS2_PLACEMENT_3D('',#4238,#4239,#4240);
#4238 = CARTESIAN_POINT('',(-0.9,-0.65,0.24));
#4239 = DIRECTION('',(1.,0.,0.));
#4240 = DIRECTION('',(0.,0.,-1.));
#4241 = ADVANCED_FACE('',(#4242),#4267,.T.);
#4242 = FACE_BOUND('',#4243,.T.);
#4243 = EDGE_LOOP('',(#4244,#4254,#4260,#4261));
#4244 = ORIENTED_EDGE('',*,*,#4245,.T.);
#4245 = EDGE_CURVE('',#4246,#4248,#4250,.T.);
#4246 = VERTEX_POINT('',#4247);
#4247 = CARTESIAN_POINT('',(-0.6,-0.41,0.36));
#4248 = VERTEX_POINT('',#4249);
#4249 = CARTESIAN_POINT('',(-0.3,-0.41,0.36));
#4250 = LINE('',#4251,#4252);
#4251 = CARTESIAN_POINT('',(-0.9,-0.41,0.36));
#4252 = VECTOR('',#4253,1.);
#4253 = DIRECTION('',(1.,0.,0.));
#4254 = ORIENTED_EDGE('',*,*,#4255,.T.);
#4255 = EDGE_CURVE('',#4248,#4206,#4256,.T.);
#4256 = LINE('',#4257,#4258);
#4257 = CARTESIAN_POINT('',(-0.3,-0.41,0.24));
#4258 = VECTOR('',#4259,1.);
#4259 = DIRECTION('',(-3.339472587563E-31,-2.710505431214E-15,-1.));
#4260 = ORIENTED_EDGE('',*,*,#4203,.F.);
#4261 = ORIENTED_EDGE('',*,*,#4262,.T.);
#4262 = EDGE_CURVE('',#4204,#4246,#4263,.T.);
#4263 = LINE('',#4264,#4265);
#4264 = CARTESIAN_POINT('',(-0.6,-0.41,0.24));
#4265 = VECTOR('',#4266,1.);
#4266 = DIRECTION('',(0.,2.710505431214E-15,1.));
#4267 = PLANE('',#4268);
#4268 = AXIS2_PLACEMENT_3D('',#4269,#4270,#4271);
#4269 = CARTESIAN_POINT('',(-0.9,-0.41,0.24));
#4270 = DIRECTION('',(0.,1.,-2.710505431214E-15));
#4271 = DIRECTION('',(0.,2.710505431214E-15,1.));
#4272 = ADVANCED_FACE('',(#4273),#4309,.T.);
#4273 = FACE_BOUND('',#4274,.T.);
#4274 = EDGE_LOOP('',(#4275,#4286,#4294,#4303));
#4275 = ORIENTED_EDGE('',*,*,#4276,.F.);
#4276 = EDGE_CURVE('',#4277,#4279,#4281,.T.);
#4277 = VERTEX_POINT('',#4278);
#4278 = CARTESIAN_POINT('',(0.3,-0.41,0.24));
#4279 = VERTEX_POINT('',#4280);
#4280 = CARTESIAN_POINT('',(0.3,-0.65,-2.710505431214E-17));
#4281 = CIRCLE('',#4282,0.24);
#4282 = AXIS2_PLACEMENT_3D('',#4283,#4284,#4285);
#4283 = CARTESIAN_POINT('',(0.3,-0.65,0.24));
#4284 = DIRECTION('',(-1.,-1.232047923279E-16,0.));
#4285 = DIRECTION('',(1.232047923279E-16,-1.,0.));
#4286 = ORIENTED_EDGE('',*,*,#4287,.T.);
#4287 = EDGE_CURVE('',#4277,#4288,#4290,.T.);
#4288 = VERTEX_POINT('',#4289);
#4289 = CARTESIAN_POINT('',(0.6,-0.41,0.24));
#4290 = LINE('',#4291,#4292);
#4291 = CARTESIAN_POINT('',(-0.9,-0.41,0.24));
#4292 = VECTOR('',#4293,1.);
#4293 = DIRECTION('',(1.,0.,0.));
#4294 = ORIENTED_EDGE('',*,*,#4295,.T.);
#4295 = EDGE_CURVE('',#4288,#4296,#4298,.T.);
#4296 = VERTEX_POINT('',#4297);
#4297 = CARTESIAN_POINT('',(0.6,-0.65,0.));
#4298 = CIRCLE('',#4299,0.24);
#4299 = AXIS2_PLACEMENT_3D('',#4300,#4301,#4302);
#4300 = CARTESIAN_POINT('',(0.6,-0.65,0.24));
#4301 = DIRECTION('',(-1.,0.,0.));
#4302 = DIRECTION('',(0.,0.,1.));
#4303 = ORIENTED_EDGE('',*,*,#4304,.F.);
#4304 = EDGE_CURVE('',#4279,#4296,#4305,.T.);
#4305 = LINE('',#4306,#4307);
#4306 = CARTESIAN_POINT('',(-0.9,-0.65,0.));
#4307 = VECTOR('',#4308,1.);
#4308 = DIRECTION('',(1.,0.,0.));
#4309 = CYLINDRICAL_SURFACE('',#4310,0.24);
#4310 = AXIS2_PLACEMENT_3D('',#4311,#4312,#4313);
#4311 = CARTESIAN_POINT('',(-0.9,-0.65,0.24));
#4312 = DIRECTION('',(1.,0.,0.));
#4313 = DIRECTION('',(0.,0.,-1.));
#4314 = ADVANCED_FACE('',(#4315),#4340,.T.);
#4315 = FACE_BOUND('',#4316,.T.);
#4316 = EDGE_LOOP('',(#4317,#4325,#4333,#4339));
#4317 = ORIENTED_EDGE('',*,*,#4318,.F.);
#4318 = EDGE_CURVE('',#4319,#4277,#4321,.T.);
#4319 = VERTEX_POINT('',#4320);
#4320 = CARTESIAN_POINT('',(0.3,-0.41,0.36));
#4321 = LINE('',#4322,#4323);
#4322 = CARTESIAN_POINT('',(0.3,-0.41,0.24));
#4323 = VECTOR('',#4324,1.);
#4324 = DIRECTION('',(-3.339472587563E-31,-2.710505431214E-15,-1.));
#4325 = ORIENTED_EDGE('',*,*,#4326,.T.);
#4326 = EDGE_CURVE('',#4319,#4327,#4329,.T.);
#4327 = VERTEX_POINT('',#4328);
#4328 = CARTESIAN_POINT('',(0.6,-0.41,0.36));
#4329 = LINE('',#4330,#4331);
#4330 = CARTESIAN_POINT('',(-0.9,-0.41,0.36));
#4331 = VECTOR('',#4332,1.);
#4332 = DIRECTION('',(1.,0.,0.));
#4333 = ORIENTED_EDGE('',*,*,#4334,.F.);
#4334 = EDGE_CURVE('',#4288,#4327,#4335,.T.);
#4335 = LINE('',#4336,#4337);
#4336 = CARTESIAN_POINT('',(0.6,-0.41,0.24));
#4337 = VECTOR('',#4338,1.);
#4338 = DIRECTION('',(0.,2.258754526012E-15,1.));
#4339 = ORIENTED_EDGE('',*,*,#4287,.F.);
#4340 = PLANE('',#4341);
#4341 = AXIS2_PLACEMENT_3D('',#4342,#4343,#4344);
#4342 = CARTESIAN_POINT('',(-0.9,-0.41,0.24));
#4343 = DIRECTION('',(0.,1.,-2.710505431214E-15));
#4344 = DIRECTION('',(0.,2.710505431214E-15,1.));
#4345 = ADVANCED_FACE('',(#4346),#4396,.F.);
#4346 = FACE_BOUND('',#4347,.T.);
#4347 = EDGE_LOOP('',(#4348,#4358,#4366,#4374,#4382,#4390));
#4348 = ORIENTED_EDGE('',*,*,#4349,.T.);
#4349 = EDGE_CURVE('',#4350,#4352,#4354,.T.);
#4350 = VERTEX_POINT('',#4351);
#4351 = CARTESIAN_POINT('',(-0.9,0.313962038997,0.85));
#4352 = VERTEX_POINT('',#4353);
#4353 = CARTESIAN_POINT('',(-0.9,0.398638665609,0.595970120166));
#4354 = LINE('',#4355,#4356);
#4355 = CARTESIAN_POINT('',(-0.9,0.312565835097,0.854188611699));
#4356 = VECTOR('',#4357,1.);
#4357 = DIRECTION('',(0.,0.316227766017,-0.948683298051));
#4358 = ORIENTED_EDGE('',*,*,#4359,.T.);
#4359 = EDGE_CURVE('',#4352,#4360,#4362,.T.);
#4360 = VERTEX_POINT('',#4361);
#4361 = CARTESIAN_POINT('',(-0.9,0.307643645581,5.E-02));
#4362 = LINE('',#4363,#4364);
#4363 = CARTESIAN_POINT('',(-0.9,0.449328952457,0.900111841257));
#4364 = VECTOR('',#4365,1.);
#4365 = DIRECTION('',(0.,-0.164398987305,-0.986393923832));
#4366 = ORIENTED_EDGE('',*,*,#4367,.T.);
#4367 = EDGE_CURVE('',#4360,#4368,#4370,.T.);
#4368 = VERTEX_POINT('',#4369);
#4369 = CARTESIAN_POINT('',(-0.9,-0.307643645581,5.E-02));
#4370 = LINE('',#4371,#4372);
#4371 = CARTESIAN_POINT('',(-0.9,0.45,5.E-02));
#4372 = VECTOR('',#4373,1.);
#4373 = DIRECTION('',(0.,-1.,0.));
#4374 = ORIENTED_EDGE('',*,*,#4375,.T.);
#4375 = EDGE_CURVE('',#4368,#4376,#4378,.T.);
#4376 = VERTEX_POINT('',#4377);
#4377 = CARTESIAN_POINT('',(-0.9,-0.398638665609,0.595970120166));
#4378 = LINE('',#4379,#4380);
#4379 = CARTESIAN_POINT('',(-0.9,-0.425004628133,0.754165895311));
#4380 = VECTOR('',#4381,1.);
#4381 = DIRECTION('',(0.,-0.164398987305,0.986393923832));
#4382 = ORIENTED_EDGE('',*,*,#4383,.F.);
#4383 = EDGE_CURVE('',#4384,#4376,#4386,.T.);
#4384 = VERTEX_POINT('',#4385);
#4385 = CARTESIAN_POINT('',(-0.9,-0.313962038997,0.85));
#4386 = LINE('',#4387,#4388);
#4387 = CARTESIAN_POINT('',(-0.9,-0.302565835097,0.884188611699));
#4388 = VECTOR('',#4389,1.);
#4389 = DIRECTION('',(0.,-0.316227766017,-0.948683298051));
#4390 = ORIENTED_EDGE('',*,*,#4391,.F.);
#4391 = EDGE_CURVE('',#4350,#4384,#4392,.T.);
#4392 = LINE('',#4393,#4394);
#4393 = CARTESIAN_POINT('',(-0.9,0.313962038997,0.85));
#4394 = VECTOR('',#4395,1.);
#4395 = DIRECTION('',(0.,-1.,0.));
#4396 = PLANE('',#4397);
#4397 = AXIS2_PLACEMENT_3D('',#4398,#4399,#4400);
#4398 = CARTESIAN_POINT('',(-0.9,0.45,0.9));
#4399 = DIRECTION('',(1.,0.,0.));
#4400 = DIRECTION('',(0.,0.,-1.));
#4401 = ADVANCED_FACE('',(#4402),#4452,.F.);
#4402 = FACE_BOUND('',#4403,.T.);
#4403 = EDGE_LOOP('',(#4404,#4414,#4422,#4430,#4438,#4446));
#4404 = ORIENTED_EDGE('',*,*,#4405,.F.);
#4405 = EDGE_CURVE('',#4406,#4408,#4410,.T.);
#4406 = VERTEX_POINT('',#4407);
#4407 = CARTESIAN_POINT('',(0.9,-0.358333333333,5.E-02));
#4408 = VERTEX_POINT('',#4409);
#4409 = CARTESIAN_POINT('',(0.9,-0.45,0.6));
#4410 = LINE('',#4411,#4412);
#4411 = CARTESIAN_POINT('',(0.9,-0.35,0.));
#4412 = VECTOR('',#4413,1.);
#4413 = DIRECTION('',(0.,-0.164398987305,0.986393923832));
#4414 = ORIENTED_EDGE('',*,*,#4415,.T.);
#4415 = EDGE_CURVE('',#4406,#4416,#4418,.T.);
#4416 = VERTEX_POINT('',#4417);
#4417 = CARTESIAN_POINT('',(0.9,0.307643645581,5.E-02));
#4418 = LINE('',#4419,#4420);
#4419 = CARTESIAN_POINT('',(0.9,-0.45,5.E-02));
#4420 = VECTOR('',#4421,1.);
#4421 = DIRECTION('',(0.,1.,0.));
#4422 = ORIENTED_EDGE('',*,*,#4423,.F.);
#4423 = EDGE_CURVE('',#4424,#4416,#4426,.T.);
#4424 = VERTEX_POINT('',#4425);
#4425 = CARTESIAN_POINT('',(0.9,0.398638665609,0.595970120166));
#4426 = LINE('',#4427,#4428);
#4427 = CARTESIAN_POINT('',(0.9,0.425004628133,0.754165895311));
#4428 = VECTOR('',#4429,1.);
#4429 = DIRECTION('',(0.,-0.164398987305,-0.986393923832));
#4430 = ORIENTED_EDGE('',*,*,#4431,.F.);
#4431 = EDGE_CURVE('',#4432,#4424,#4434,.T.);
#4432 = VERTEX_POINT('',#4433);
#4433 = CARTESIAN_POINT('',(0.9,0.313962038997,0.85));
#4434 = LINE('',#4435,#4436);
#4435 = CARTESIAN_POINT('',(0.9,0.222565835097,1.124188611699));
#4436 = VECTOR('',#4437,1.);
#4437 = DIRECTION('',(0.,0.316227766017,-0.948683298051));
#4438 = ORIENTED_EDGE('',*,*,#4439,.F.);
#4439 = EDGE_CURVE('',#4440,#4432,#4442,.T.);
#4440 = VERTEX_POINT('',#4441);
#4441 = CARTESIAN_POINT('',(0.9,-0.366666666667,0.85));
#4442 = LINE('',#4443,#4444);
#4443 = CARTESIAN_POINT('',(0.9,-0.35,0.85));
#4444 = VECTOR('',#4445,1.);
#4445 = DIRECTION('',(0.,1.,0.));
#4446 = ORIENTED_EDGE('',*,*,#4447,.T.);
#4447 = EDGE_CURVE('',#4440,#4408,#4448,.T.);
#4448 = LINE('',#4449,#4450);
#4449 = CARTESIAN_POINT('',(0.9,-0.35,0.9));
#4450 = VECTOR('',#4451,1.);
#4451 = DIRECTION('',(0.,-0.316227766017,-0.948683298051));
#4452 = PLANE('',#4453);
#4453 = AXIS2_PLACEMENT_3D('',#4454,#4455,#4456);
#4454 = CARTESIAN_POINT('',(0.9,-0.45,0.9));
#4455 = DIRECTION('',(-1.,0.,0.));
#4456 = DIRECTION('',(0.,0.,1.));
#4457 = ADVANCED_FACE('',(#4458),#4492,.T.);
#4458 = FACE_BOUND('',#4459,.T.);
#4459 = EDGE_LOOP('',(#4460,#4470,#4478,#4486));
#4460 = ORIENTED_EDGE('',*,*,#4461,.F.);
#4461 = EDGE_CURVE('',#4462,#4464,#4466,.T.);
#4462 = VERTEX_POINT('',#4463);
#4463 = CARTESIAN_POINT('',(-0.6,-0.411317854061,0.716046437816));
#4464 = VERTEX_POINT('',#4465);
#4465 = CARTESIAN_POINT('',(-0.3,-0.411317854061,0.716046437816));
#4466 = LINE('',#4467,#4468);
#4467 = CARTESIAN_POINT('',(-0.9,-0.411317854061,0.716046437816));
#4468 = VECTOR('',#4469,1.);
#4469 = DIRECTION('',(1.,0.,0.));
#4470 = ORIENTED_EDGE('',*,*,#4471,.T.);
#4471 = EDGE_CURVE('',#4462,#4472,#4474,.T.);
#4472 = VERTEX_POINT('',#4473);
#4473 = CARTESIAN_POINT('',(-0.6,-0.411317854061,0.719996381766));
#4474 = LINE('',#4475,#4476);
#4475 = CARTESIAN_POINT('',(-0.6,-0.411317854061,-0.904311579059));
#4476 = VECTOR('',#4477,1.);
#4477 = DIRECTION('',(0.,0.,1.));
#4478 = ORIENTED_EDGE('',*,*,#4479,.T.);
#4479 = EDGE_CURVE('',#4472,#4480,#4482,.T.);
#4480 = VERTEX_POINT('',#4481);
#4481 = CARTESIAN_POINT('',(-0.3,-0.411317854061,0.719996381766));
#4482 = LINE('',#4483,#4484);
#4483 = CARTESIAN_POINT('',(-0.6,-0.411317854061,0.719996381766));
#4484 = VECTOR('',#4485,1.);
#4485 = DIRECTION('',(1.,0.,0.));
#4486 = ORIENTED_EDGE('',*,*,#4487,.F.);
#4487 = EDGE_CURVE('',#4464,#4480,#4488,.T.);
#4488 = LINE('',#4489,#4490);
#4489 = CARTESIAN_POINT('',(-0.3,-0.411317854061,-0.904311579059));
#4490 = VECTOR('',#4491,1.);
#4491 = DIRECTION('',(0.,0.,1.));
#4492 = PLANE('',#4493);
#4493 = AXIS2_PLACEMENT_3D('',#4494,#4495,#4496);
#4494 = CARTESIAN_POINT('',(-0.9,-0.411317854061,0.716643191324));
#4495 = DIRECTION('',(0.,1.,-4.647515899467E-16));
#4496 = DIRECTION('',(0.,4.647515899467E-16,1.));
#4497 = ADVANCED_FACE('',(#4498),#4532,.T.);
#4498 = FACE_BOUND('',#4499,.T.);
#4499 = EDGE_LOOP('',(#4500,#4510,#4518,#4526));
#4500 = ORIENTED_EDGE('',*,*,#4501,.F.);
#4501 = EDGE_CURVE('',#4502,#4504,#4506,.T.);
#4502 = VERTEX_POINT('',#4503);
#4503 = CARTESIAN_POINT('',(0.6,-0.411317854061,0.716046437816));
#4504 = VERTEX_POINT('',#4505);
#4505 = CARTESIAN_POINT('',(0.6,-0.411317854061,0.719996381766));
#4506 = LINE('',#4507,#4508);
#4507 = CARTESIAN_POINT('',(0.6,-0.411317854061,-0.904311579059));
#4508 = VECTOR('',#4509,1.);
#4509 = DIRECTION('',(0.,0.,1.));
#4510 = ORIENTED_EDGE('',*,*,#4511,.F.);
#4511 = EDGE_CURVE('',#4512,#4502,#4514,.T.);
#4512 = VERTEX_POINT('',#4513);
#4513 = CARTESIAN_POINT('',(0.3,-0.411317854061,0.716046437816));
#4514 = LINE('',#4515,#4516);
#4515 = CARTESIAN_POINT('',(-0.9,-0.411317854061,0.716046437816));
#4516 = VECTOR('',#4517,1.);
#4517 = DIRECTION('',(1.,0.,0.));
#4518 = ORIENTED_EDGE('',*,*,#4519,.T.);
#4519 = EDGE_CURVE('',#4512,#4520,#4522,.T.);
#4520 = VERTEX_POINT('',#4521);
#4521 = CARTESIAN_POINT('',(0.3,-0.411317854061,0.719996381766));
#4522 = LINE('',#4523,#4524);
#4523 = CARTESIAN_POINT('',(0.3,-0.411317854061,-0.904311579059));
#4524 = VECTOR('',#4525,1.);
#4525 = DIRECTION('',(0.,0.,1.));
#4526 = ORIENTED_EDGE('',*,*,#4527,.T.);
#4527 = EDGE_CURVE('',#4520,#4504,#4528,.T.);
#4528 = LINE('',#4529,#4530);
#4529 = CARTESIAN_POINT('',(0.3,-0.411317854061,0.719996381766));
#4530 = VECTOR('',#4531,1.);
#4531 = DIRECTION('',(1.,0.,0.));
#4532 = PLANE('',#4533);
#4533 = AXIS2_PLACEMENT_3D('',#4534,#4535,#4536);
#4534 = CARTESIAN_POINT('',(-0.9,-0.411317854061,0.716643191324));
#4535 = DIRECTION('',(0.,1.,-4.647515899467E-16));
#4536 = DIRECTION('',(0.,4.647515899467E-16,1.));
#4537 = ADVANCED_FACE('',(#4538),#4572,.T.);
#4538 = FACE_BOUND('',#4539,.T.);
#4539 = EDGE_LOOP('',(#4540,#4550,#4558,#4566));
#4540 = ORIENTED_EDGE('',*,*,#4541,.T.);
#4541 = EDGE_CURVE('',#4542,#4544,#4546,.T.);
#4542 = VERTEX_POINT('',#4543);
#4543 = CARTESIAN_POINT('',(0.3,-0.89,-2.168404344971E-16));
#4544 = VERTEX_POINT('',#4545);
#4545 = CARTESIAN_POINT('',(0.6,-0.89,-2.168404344971E-16));
#4546 = LINE('',#4547,#4548);
#4547 = CARTESIAN_POINT('',(-0.9,-0.89,-5.421010862428E-17));
#4548 = VECTOR('',#4549,1.);
#4549 = DIRECTION('',(1.,0.,0.));
#4550 = ORIENTED_EDGE('',*,*,#4551,.T.);
#4551 = EDGE_CURVE('',#4544,#4552,#4554,.T.);
#4552 = VERTEX_POINT('',#4553);
#4553 = CARTESIAN_POINT('',(0.6,-0.89,0.24));
#4554 = LINE('',#4555,#4556);
#4555 = CARTESIAN_POINT('',(0.6,-0.89,-0.904311579059));
#4556 = VECTOR('',#4557,1.);
#4557 = DIRECTION('',(0.,0.,1.));
#4558 = ORIENTED_EDGE('',*,*,#4559,.F.);
#4559 = EDGE_CURVE('',#4560,#4552,#4562,.T.);
#4560 = VERTEX_POINT('',#4561);
#4561 = CARTESIAN_POINT('',(0.3,-0.89,0.24));
#4562 = LINE('',#4563,#4564);
#4563 = CARTESIAN_POINT('',(-0.9,-0.89,0.24));
#4564 = VECTOR('',#4565,1.);
#4565 = DIRECTION('',(1.,0.,0.));
#4566 = ORIENTED_EDGE('',*,*,#4567,.F.);
#4567 = EDGE_CURVE('',#4542,#4560,#4568,.T.);
#4568 = LINE('',#4569,#4570);
#4569 = CARTESIAN_POINT('',(0.3,-0.89,-0.904311579059));
#4570 = VECTOR('',#4571,1.);
#4571 = DIRECTION('',(0.,0.,1.));
#4572 = PLANE('',#4573);
#4573 = AXIS2_PLACEMENT_3D('',#4574,#4575,#4576);
#4574 = CARTESIAN_POINT('',(-0.9,-0.89,-5.421010862428E-17));
#4575 = DIRECTION('',(0.,-1.,0.));
#4576 = DIRECTION('',(0.,0.,-1.));
#4577 = ADVANCED_FACE('',(#4578),#4612,.T.);
#4578 = FACE_BOUND('',#4579,.T.);
#4579 = EDGE_LOOP('',(#4580,#4590,#4598,#4606));
#4580 = ORIENTED_EDGE('',*,*,#4581,.F.);
#4581 = EDGE_CURVE('',#4582,#4584,#4586,.T.);
#4582 = VERTEX_POINT('',#4583);
#4583 = CARTESIAN_POINT('',(-0.6,-0.89,-2.168404344971E-16));
#4584 = VERTEX_POINT('',#4585);
#4585 = CARTESIAN_POINT('',(-0.6,-0.89,0.24));
#4586 = LINE('',#4587,#4588);
#4587 = CARTESIAN_POINT('',(-0.6,-0.89,-0.904311579059));
#4588 = VECTOR('',#4589,1.);
#4589 = DIRECTION('',(0.,0.,1.));
#4590 = ORIENTED_EDGE('',*,*,#4591,.T.);
#4591 = EDGE_CURVE('',#4582,#4592,#4594,.T.);
#4592 = VERTEX_POINT('',#4593);
#4593 = CARTESIAN_POINT('',(-0.3,-0.89,-2.168404344971E-16));
#4594 = LINE('',#4595,#4596);
#4595 = CARTESIAN_POINT('',(-0.9,-0.89,-5.421010862428E-17));
#4596 = VECTOR('',#4597,1.);
#4597 = DIRECTION('',(1.,0.,0.));
#4598 = ORIENTED_EDGE('',*,*,#4599,.T.);
#4599 = EDGE_CURVE('',#4592,#4600,#4602,.T.);
#4600 = VERTEX_POINT('',#4601);
#4601 = CARTESIAN_POINT('',(-0.3,-0.89,0.24));
#4602 = LINE('',#4603,#4604);
#4603 = CARTESIAN_POINT('',(-0.3,-0.89,-0.904311579059));
#4604 = VECTOR('',#4605,1.);
#4605 = DIRECTION('',(0.,0.,1.));
#4606 = ORIENTED_EDGE('',*,*,#4607,.F.);
#4607 = EDGE_CURVE('',#4584,#4600,#4608,.T.);
#4608 = LINE('',#4609,#4610);
#4609 = CARTESIAN_POINT('',(-0.9,-0.89,0.24));
#4610 = VECTOR('',#4611,1.);
#4611 = DIRECTION('',(1.,0.,0.));
#4612 = PLANE('',#4613);
#4613 = AXIS2_PLACEMENT_3D('',#4614,#4615,#4616);
#4614 = CARTESIAN_POINT('',(-0.9,-0.89,-5.421010862428E-17));
#4615 = DIRECTION('',(0.,-1.,0.));
#4616 = DIRECTION('',(0.,0.,-1.));
#4617 = ADVANCED_FACE('',(#4618),#4645,.T.);
#4618 = FACE_BOUND('',#4619,.T.);
#4619 = EDGE_LOOP('',(#4620,#4629,#4637,#4644));
#4620 = ORIENTED_EDGE('',*,*,#4621,.T.);
#4621 = EDGE_CURVE('',#4472,#4622,#4624,.T.);
#4622 = VERTEX_POINT('',#4623);
#4623 = CARTESIAN_POINT('',(-0.6,-0.65,0.48));
#4624 = CIRCLE('',#4625,0.24);
#4625 = AXIS2_PLACEMENT_3D('',#4626,#4627,#4628);
#4626 = CARTESIAN_POINT('',(-0.6,-0.41,0.48));
#4627 = DIRECTION('',(1.,2.464095846558E-16,0.));
#4628 = DIRECTION('',(-2.464095846558E-16,1.,0.));
#4629 = ORIENTED_EDGE('',*,*,#4630,.T.);
#4630 = EDGE_CURVE('',#4622,#4631,#4633,.T.);
#4631 = VERTEX_POINT('',#4632);
#4632 = CARTESIAN_POINT('',(-0.3,-0.65,0.48));
#4633 = LINE('',#4634,#4635);
#4634 = CARTESIAN_POINT('',(-0.9,-0.65,0.48));
#4635 = VECTOR('',#4636,1.);
#4636 = DIRECTION('',(1.,0.,0.));
#4637 = ORIENTED_EDGE('',*,*,#4638,.F.);
#4638 = EDGE_CURVE('',#4480,#4631,#4639,.T.);
#4639 = CIRCLE('',#4640,0.24);
#4640 = AXIS2_PLACEMENT_3D('',#4641,#4642,#4643);
#4641 = CARTESIAN_POINT('',(-0.3,-0.41,0.48));
#4642 = DIRECTION('',(1.,-1.232047923279E-16,0.));
#4643 = DIRECTION('',(1.232047923279E-16,1.,0.));
#4644 = ORIENTED_EDGE('',*,*,#4479,.F.);
#4645 = CYLINDRICAL_SURFACE('',#4646,0.24);
#4646 = AXIS2_PLACEMENT_3D('',#4647,#4648,#4649);
#4647 = CARTESIAN_POINT('',(-0.9,-0.41,0.48));
#4648 = DIRECTION('',(1.,0.,0.));
#4649 = DIRECTION('',(0.,0.,-1.));
#4650 = ADVANCED_FACE('',(#4651),#4678,.T.);
#4651 = FACE_BOUND('',#4652,.T.);
#4652 = EDGE_LOOP('',(#4653,#4662,#4663,#4672));
#4653 = ORIENTED_EDGE('',*,*,#4654,.T.);
#4654 = EDGE_CURVE('',#4655,#4504,#4657,.T.);
#4655 = VERTEX_POINT('',#4656);
#4656 = CARTESIAN_POINT('',(0.6,-0.65,0.48));
#4657 = CIRCLE('',#4658,0.24);
#4658 = AXIS2_PLACEMENT_3D('',#4659,#4660,#4661);
#4659 = CARTESIAN_POINT('',(0.6,-0.41,0.48));
#4660 = DIRECTION('',(-1.,0.,0.));
#4661 = DIRECTION('',(0.,0.,1.));
#4662 = ORIENTED_EDGE('',*,*,#4527,.F.);
#4663 = ORIENTED_EDGE('',*,*,#4664,.F.);
#4664 = EDGE_CURVE('',#4665,#4520,#4667,.T.);
#4665 = VERTEX_POINT('',#4666);
#4666 = CARTESIAN_POINT('',(0.3,-0.65,0.48));
#4667 = CIRCLE('',#4668,0.24);
#4668 = AXIS2_PLACEMENT_3D('',#4669,#4670,#4671);
#4669 = CARTESIAN_POINT('',(0.3,-0.41,0.48));
#4670 = DIRECTION('',(-1.,-1.232047923279E-16,0.));
#4671 = DIRECTION('',(1.232047923279E-16,-1.,0.));
#4672 = ORIENTED_EDGE('',*,*,#4673,.T.);
#4673 = EDGE_CURVE('',#4665,#4655,#4674,.T.);
#4674 = LINE('',#4675,#4676);
#4675 = CARTESIAN_POINT('',(-0.9,-0.65,0.48));
#4676 = VECTOR('',#4677,1.);
#4677 = DIRECTION('',(1.,0.,0.));
#4678 = CYLINDRICAL_SURFACE('',#4679,0.24);
#4679 = AXIS2_PLACEMENT_3D('',#4680,#4681,#4682);
#4680 = CARTESIAN_POINT('',(-0.9,-0.41,0.48));
#4681 = DIRECTION('',(1.,0.,0.));
#4682 = DIRECTION('',(0.,0.,-1.));
#4683 = ADVANCED_FACE('',(#4684),#4709,.T.);
#4684 = FACE_BOUND('',#4685,.T.);
#4685 = EDGE_LOOP('',(#4686,#4694,#4702,#4708));
#4686 = ORIENTED_EDGE('',*,*,#4687,.F.);
#4687 = EDGE_CURVE('',#4688,#4622,#4690,.T.);
#4688 = VERTEX_POINT('',#4689);
#4689 = CARTESIAN_POINT('',(-0.6,-0.65,0.34));
#4690 = LINE('',#4691,#4692);
#4691 = CARTESIAN_POINT('',(-0.6,-0.65,0.48));
#4692 = VECTOR('',#4693,1.);
#4693 = DIRECTION('',(0.,0.,1.));
#4694 = ORIENTED_EDGE('',*,*,#4695,.T.);
#4695 = EDGE_CURVE('',#4688,#4696,#4698,.T.);
#4696 = VERTEX_POINT('',#4697);
#4697 = CARTESIAN_POINT('',(-0.3,-0.65,0.34));
#4698 = LINE('',#4699,#4700);
#4699 = CARTESIAN_POINT('',(-0.9,-0.65,0.34));
#4700 = VECTOR('',#4701,1.);
#4701 = DIRECTION('',(1.,0.,0.));
#4702 = ORIENTED_EDGE('',*,*,#4703,.T.);
#4703 = EDGE_CURVE('',#4696,#4631,#4704,.T.);
#4704 = LINE('',#4705,#4706);
#4705 = CARTESIAN_POINT('',(-0.3,-0.65,0.48));
#4706 = VECTOR('',#4707,1.);
#4707 = DIRECTION('',(0.,0.,1.));
#4708 = ORIENTED_EDGE('',*,*,#4630,.F.);
#4709 = PLANE('',#4710);
#4710 = AXIS2_PLACEMENT_3D('',#4711,#4712,#4713);
#4711 = CARTESIAN_POINT('',(-0.9,-0.65,0.48));
#4712 = DIRECTION('',(0.,-1.,0.));
#4713 = DIRECTION('',(0.,0.,-1.));
#4714 = ADVANCED_FACE('',(#4715),#4740,.T.);
#4715 = FACE_BOUND('',#4716,.T.);
#4716 = EDGE_LOOP('',(#4717,#4725,#4726,#4734));
#4717 = ORIENTED_EDGE('',*,*,#4718,.F.);
#4718 = EDGE_CURVE('',#4655,#4719,#4721,.T.);
#4719 = VERTEX_POINT('',#4720);
#4720 = CARTESIAN_POINT('',(0.6,-0.65,0.34));
#4721 = LINE('',#4722,#4723);
#4722 = CARTESIAN_POINT('',(0.6,-0.65,0.48));
#4723 = VECTOR('',#4724,1.);
#4724 = DIRECTION('',(0.,0.,-1.));
#4725 = ORIENTED_EDGE('',*,*,#4673,.F.);
#4726 = ORIENTED_EDGE('',*,*,#4727,.T.);
#4727 = EDGE_CURVE('',#4665,#4728,#4730,.T.);
#4728 = VERTEX_POINT('',#4729);
#4729 = CARTESIAN_POINT('',(0.3,-0.65,0.34));
#4730 = LINE('',#4731,#4732);
#4731 = CARTESIAN_POINT('',(0.3,-0.65,0.48));
#4732 = VECTOR('',#4733,1.);
#4733 = DIRECTION('',(0.,0.,-1.));
#4734 = ORIENTED_EDGE('',*,*,#4735,.T.);
#4735 = EDGE_CURVE('',#4728,#4719,#4736,.T.);
#4736 = LINE('',#4737,#4738);
#4737 = CARTESIAN_POINT('',(-0.9,-0.65,0.34));
#4738 = VECTOR('',#4739,1.);
#4739 = DIRECTION('',(1.,0.,0.));
#4740 = PLANE('',#4741);
#4741 = AXIS2_PLACEMENT_3D('',#4742,#4743,#4744);
#4742 = CARTESIAN_POINT('',(-0.9,-0.65,0.48));
#4743 = DIRECTION('',(0.,-1.,0.));
#4744 = DIRECTION('',(0.,0.,-1.));
#4745 = ADVANCED_FACE('',(#4746),#4773,.F.);
#4746 = FACE_BOUND('',#4747,.F.);
#4747 = EDGE_LOOP('',(#4748,#4749,#4758,#4766));
#4748 = ORIENTED_EDGE('',*,*,#4695,.T.);
#4749 = ORIENTED_EDGE('',*,*,#4750,.F.);
#4750 = EDGE_CURVE('',#4751,#4696,#4753,.T.);
#4751 = VERTEX_POINT('',#4752);
#4752 = CARTESIAN_POINT('',(-0.3,-0.75,0.24));
#4753 = CIRCLE('',#4754,0.1);
#4754 = AXIS2_PLACEMENT_3D('',#4755,#4756,#4757);
#4755 = CARTESIAN_POINT('',(-0.3,-0.75,0.34));
#4756 = DIRECTION('',(1.,-1.232047923279E-16,0.));
#4757 = DIRECTION('',(1.232047923279E-16,1.,0.));
#4758 = ORIENTED_EDGE('',*,*,#4759,.F.);
#4759 = EDGE_CURVE('',#4760,#4751,#4762,.T.);
#4760 = VERTEX_POINT('',#4761);
#4761 = CARTESIAN_POINT('',(-0.6,-0.75,0.24));
#4762 = LINE('',#4763,#4764);
#4763 = CARTESIAN_POINT('',(-0.9,-0.75,0.24));
#4764 = VECTOR('',#4765,1.);
#4765 = DIRECTION('',(1.,0.,0.));
#4766 = ORIENTED_EDGE('',*,*,#4767,.T.);
#4767 = EDGE_CURVE('',#4760,#4688,#4768,.T.);
#4768 = CIRCLE('',#4769,0.1);
#4769 = AXIS2_PLACEMENT_3D('',#4770,#4771,#4772);
#4770 = CARTESIAN_POINT('',(-0.6,-0.75,0.34));
#4771 = DIRECTION('',(1.,2.464095846558E-16,0.));
#4772 = DIRECTION('',(-2.464095846558E-16,1.,0.));
#4773 = CYLINDRICAL_SURFACE('',#4774,0.1);
#4774 = AXIS2_PLACEMENT_3D('',#4775,#4776,#4777);
#4775 = CARTESIAN_POINT('',(-0.9,-0.75,0.34));
#4776 = DIRECTION('',(1.,0.,0.));
#4777 = DIRECTION('',(0.,0.,-1.));
#4778 = ADVANCED_FACE('',(#4779),#4806,.F.);
#4779 = FACE_BOUND('',#4780,.F.);
#4780 = EDGE_LOOP('',(#4781,#4791,#4798,#4799));
#4781 = ORIENTED_EDGE('',*,*,#4782,.F.);
#4782 = EDGE_CURVE('',#4783,#4785,#4787,.T.);
#4783 = VERTEX_POINT('',#4784);
#4784 = CARTESIAN_POINT('',(0.3,-0.75,0.24));
#4785 = VERTEX_POINT('',#4786);
#4786 = CARTESIAN_POINT('',(0.6,-0.75,0.24));
#4787 = LINE('',#4788,#4789);
#4788 = CARTESIAN_POINT('',(-0.9,-0.75,0.24));
#4789 = VECTOR('',#4790,1.);
#4790 = DIRECTION('',(1.,0.,0.));
#4791 = ORIENTED_EDGE('',*,*,#4792,.F.);
#4792 = EDGE_CURVE('',#4728,#4783,#4793,.T.);
#4793 = CIRCLE('',#4794,0.1);
#4794 = AXIS2_PLACEMENT_3D('',#4795,#4796,#4797);
#4795 = CARTESIAN_POINT('',(0.3,-0.75,0.34));
#4796 = DIRECTION('',(-1.,-1.232047923279E-16,0.));
#4797 = DIRECTION('',(1.232047923279E-16,-1.,0.));
#4798 = ORIENTED_EDGE('',*,*,#4735,.T.);
#4799 = ORIENTED_EDGE('',*,*,#4800,.T.);
#4800 = EDGE_CURVE('',#4719,#4785,#4801,.T.);
#4801 = CIRCLE('',#4802,0.1);
#4802 = AXIS2_PLACEMENT_3D('',#4803,#4804,#4805);
#4803 = CARTESIAN_POINT('',(0.6,-0.75,0.34));
#4804 = DIRECTION('',(-1.,0.,0.));
#4805 = DIRECTION('',(0.,0.,1.));
#4806 = CYLINDRICAL_SURFACE('',#4807,0.1);
#4807 = AXIS2_PLACEMENT_3D('',#4808,#4809,#4810);
#4808 = CARTESIAN_POINT('',(-0.9,-0.75,0.34));
#4809 = DIRECTION('',(1.,0.,0.));
#4810 = DIRECTION('',(0.,0.,-1.));
#4811 = ADVANCED_FACE('',(#4812),#4828,.T.);
#4812 = FACE_BOUND('',#4813,.T.);
#4813 = EDGE_LOOP('',(#4814,#4820,#4821,#4827));
#4814 = ORIENTED_EDGE('',*,*,#4815,.F.);
#4815 = EDGE_CURVE('',#4584,#4760,#4816,.T.);
#4816 = LINE('',#4817,#4818);
#4817 = CARTESIAN_POINT('',(-0.6,-0.89,0.24));
#4818 = VECTOR('',#4819,1.);
#4819 = DIRECTION('',(-2.464095846558E-16,1.,1.93607530801E-16));
#4820 = ORIENTED_EDGE('',*,*,#4607,.T.);
#4821 = ORIENTED_EDGE('',*,*,#4822,.T.);
#4822 = EDGE_CURVE('',#4600,#4751,#4823,.T.);
#4823 = LINE('',#4824,#4825);
#4824 = CARTESIAN_POINT('',(-0.3,-0.89,0.24));
#4825 = VECTOR('',#4826,1.);
#4826 = DIRECTION('',(1.232047923279E-16,1.,1.93607530801E-16));
#4827 = ORIENTED_EDGE('',*,*,#4759,.F.);
#4828 = PLANE('',#4829);
#4829 = AXIS2_PLACEMENT_3D('',#4830,#4831,#4832);
#4830 = CARTESIAN_POINT('',(-0.9,-0.89,0.24));
#4831 = DIRECTION('',(0.,-1.93607530801E-16,1.));
#4832 = DIRECTION('',(0.,-1.,-1.93607530801E-16));
#4833 = ADVANCED_FACE('',(#4834),#4850,.T.);
#4834 = FACE_BOUND('',#4835,.T.);
#4835 = EDGE_LOOP('',(#4836,#4842,#4843,#4849));
#4836 = ORIENTED_EDGE('',*,*,#4837,.F.);
#4837 = EDGE_CURVE('',#4785,#4552,#4838,.T.);
#4838 = LINE('',#4839,#4840);
#4839 = CARTESIAN_POINT('',(0.6,-0.89,0.24));
#4840 = VECTOR('',#4841,1.);
#4841 = DIRECTION('',(0.,-1.,-1.93607530801E-16));
#4842 = ORIENTED_EDGE('',*,*,#4782,.F.);
#4843 = ORIENTED_EDGE('',*,*,#4844,.T.);
#4844 = EDGE_CURVE('',#4783,#4560,#4845,.T.);
#4845 = LINE('',#4846,#4847);
#4846 = CARTESIAN_POINT('',(0.3,-0.89,0.24));
#4847 = VECTOR('',#4848,1.);
#4848 = DIRECTION('',(1.232047923279E-16,-1.,-1.93607530801E-16));
#4849 = ORIENTED_EDGE('',*,*,#4559,.T.);
#4850 = PLANE('',#4851);
#4851 = AXIS2_PLACEMENT_3D('',#4852,#4853,#4854);
#4852 = CARTESIAN_POINT('',(-0.9,-0.89,0.24));
#4853 = DIRECTION('',(0.,-1.93607530801E-16,1.));
#4854 = DIRECTION('',(0.,-1.,-1.93607530801E-16));
#4855 = ADVANCED_FACE('',(#4856),#4872,.T.);
#4856 = FACE_BOUND('',#4857,.T.);
#4857 = EDGE_LOOP('',(#4858,#4864,#4865,#4871));
#4858 = ORIENTED_EDGE('',*,*,#4859,.F.);
#4859 = EDGE_CURVE('',#4223,#4582,#4860,.T.);
#4860 = LINE('',#4861,#4862);
#4861 = CARTESIAN_POINT('',(-0.6,-0.65,1.669736293782E-32));
#4862 = VECTOR('',#4863,1.);
#4863 = DIRECTION('',(2.464095846558E-16,-1.,-2.258754526011E-16));
#4864 = ORIENTED_EDGE('',*,*,#4222,.T.);
#4865 = ORIENTED_EDGE('',*,*,#4866,.T.);
#4866 = EDGE_CURVE('',#4214,#4592,#4867,.T.);
#4867 = LINE('',#4868,#4869);
#4868 = CARTESIAN_POINT('',(-0.3,-0.65,-1.669736293782E-32));
#4869 = VECTOR('',#4870,1.);
#4870 = DIRECTION('',(-1.232047923279E-16,-1.,-2.258754526011E-16));
#4871 = ORIENTED_EDGE('',*,*,#4591,.F.);
#4872 = PLANE('',#4873);
#4873 = AXIS2_PLACEMENT_3D('',#4874,#4875,#4876);
#4874 = CARTESIAN_POINT('',(-0.9,-0.65,0.));
#4875 = DIRECTION('',(0.,2.258754526011E-16,-1.));
#4876 = DIRECTION('',(0.,1.,2.258754526011E-16));
#4877 = ADVANCED_FACE('',(#4878),#4894,.T.);
#4878 = FACE_BOUND('',#4879,.T.);
#4879 = EDGE_LOOP('',(#4880,#4886,#4887,#4893));
#4880 = ORIENTED_EDGE('',*,*,#4881,.F.);
#4881 = EDGE_CURVE('',#4544,#4296,#4882,.T.);
#4882 = LINE('',#4883,#4884);
#4883 = CARTESIAN_POINT('',(0.6,-0.65,0.));
#4884 = VECTOR('',#4885,1.);
#4885 = DIRECTION('',(0.,1.,2.258754526011E-16));
#4886 = ORIENTED_EDGE('',*,*,#4541,.F.);
#4887 = ORIENTED_EDGE('',*,*,#4888,.T.);
#4888 = EDGE_CURVE('',#4542,#4279,#4889,.T.);
#4889 = LINE('',#4890,#4891);
#4890 = CARTESIAN_POINT('',(0.3,-0.65,3.339472587563E-32));
#4891 = VECTOR('',#4892,1.);
#4892 = DIRECTION('',(-1.232047923279E-16,1.,2.258754526011E-16));
#4893 = ORIENTED_EDGE('',*,*,#4304,.T.);
#4894 = PLANE('',#4895);
#4895 = AXIS2_PLACEMENT_3D('',#4896,#4897,#4898);
#4896 = CARTESIAN_POINT('',(-0.9,-0.65,0.));
#4897 = DIRECTION('',(0.,2.258754526011E-16,-1.));
#4898 = DIRECTION('',(0.,1.,2.258754526011E-16));
#4899 = ADVANCED_FACE('',(#4900),#4934,.T.);
#4900 = FACE_BOUND('',#4901,.T.);
#4901 = EDGE_LOOP('',(#4902,#4912,#4920,#4928));
#4902 = ORIENTED_EDGE('',*,*,#4903,.F.);
#4903 = EDGE_CURVE('',#4904,#4906,#4908,.T.);
#4904 = VERTEX_POINT('',#4905);
#4905 = CARTESIAN_POINT('',(-0.154398364486,0.89,0.));
#4906 = VERTEX_POINT('',#4907);
#4907 = CARTESIAN_POINT('',(0.145601635514,0.89,0.));
#4908 = LINE('',#4909,#4910);
#4909 = CARTESIAN_POINT('',(-0.9,0.89,0.));
#4910 = VECTOR('',#4911,1.);
#4911 = DIRECTION('',(1.,0.,0.));
#4912 = ORIENTED_EDGE('',*,*,#4913,.T.);
#4913 = EDGE_CURVE('',#4904,#4914,#4916,.T.);
#4914 = VERTEX_POINT('',#4915);
#4915 = CARTESIAN_POINT('',(-0.154398364486,0.89,0.24));
#4916 = LINE('',#4917,#4918);
#4917 = CARTESIAN_POINT('',(-0.154398364486,0.89,-0.43651176738));
#4918 = VECTOR('',#4919,1.);
#4919 = DIRECTION('',(0.,0.,1.));
#4920 = ORIENTED_EDGE('',*,*,#4921,.T.);
#4921 = EDGE_CURVE('',#4914,#4922,#4924,.T.);
#4922 = VERTEX_POINT('',#4923);
#4923 = CARTESIAN_POINT('',(0.145601635514,0.89,0.24));
#4924 = LINE('',#4925,#4926);
#4925 = CARTESIAN_POINT('',(-0.9,0.89,0.24));
#4926 = VECTOR('',#4927,1.);
#4927 = DIRECTION('',(1.,0.,0.));
#4928 = ORIENTED_EDGE('',*,*,#4929,.F.);
#4929 = EDGE_CURVE('',#4906,#4922,#4930,.T.);
#4930 = LINE('',#4931,#4932);
#4931 = CARTESIAN_POINT('',(0.145601635514,0.89,-0.43651176738));
#4932 = VECTOR('',#4933,1.);
#4933 = DIRECTION('',(0.,0.,1.));
#4934 = PLANE('',#4935);
#4935 = AXIS2_PLACEMENT_3D('',#4936,#4937,#4938);
#4936 = CARTESIAN_POINT('',(-0.9,0.89,0.));
#4937 = DIRECTION('',(0.,1.,0.));
#4938 = DIRECTION('',(0.,-0.,1.));
#4939 = ADVANCED_FACE('',(#4940),#4956,.T.);
#4940 = FACE_BOUND('',#4941,.T.);
#4941 = EDGE_LOOP('',(#4942,#4943,#4949,#4950));
#4942 = ORIENTED_EDGE('',*,*,#4158,.F.);
#4943 = ORIENTED_EDGE('',*,*,#4944,.T.);
#4944 = EDGE_CURVE('',#4150,#4904,#4945,.T.);
#4945 = LINE('',#4946,#4947);
#4946 = CARTESIAN_POINT('',(-0.154398364486,0.65,0.));
#4947 = VECTOR('',#4948,1.);
#4948 = DIRECTION('',(-2.464095846558E-16,1.,0.));
#4949 = ORIENTED_EDGE('',*,*,#4903,.T.);
#4950 = ORIENTED_EDGE('',*,*,#4951,.T.);
#4951 = EDGE_CURVE('',#4906,#4133,#4952,.T.);
#4952 = LINE('',#4953,#4954);
#4953 = CARTESIAN_POINT('',(0.145601635514,0.65,0.));
#4954 = VECTOR('',#4955,1.);
#4955 = DIRECTION('',(-2.464095846558E-16,-1.,0.));
#4956 = PLANE('',#4957);
#4957 = AXIS2_PLACEMENT_3D('',#4958,#4959,#4960);
#4958 = CARTESIAN_POINT('',(-0.9,0.65,0.));
#4959 = DIRECTION('',(0.,0.,-1.));
#4960 = DIRECTION('',(-1.,0.,0.));
#4961 = ADVANCED_FACE('',(#4962),#4987,.T.);
#4962 = FACE_BOUND('',#4963,.T.);
#4963 = EDGE_LOOP('',(#4964,#4965,#4973,#4981));
#4964 = ORIENTED_EDGE('',*,*,#4921,.F.);
#4965 = ORIENTED_EDGE('',*,*,#4966,.T.);
#4966 = EDGE_CURVE('',#4914,#4967,#4969,.T.);
#4967 = VERTEX_POINT('',#4968);
#4968 = CARTESIAN_POINT('',(-0.154398364486,0.75,0.24));
#4969 = LINE('',#4970,#4971);
#4970 = CARTESIAN_POINT('',(-0.154398364486,0.89,0.24));
#4971 = VECTOR('',#4972,1.);
#4972 = DIRECTION('',(2.464095846558E-16,-1.,1.93607530801E-16));
#4973 = ORIENTED_EDGE('',*,*,#4974,.T.);
#4974 = EDGE_CURVE('',#4967,#4975,#4977,.T.);
#4975 = VERTEX_POINT('',#4976);
#4976 = CARTESIAN_POINT('',(0.145601635514,0.75,0.24));
#4977 = LINE('',#4978,#4979);
#4978 = CARTESIAN_POINT('',(-0.9,0.75,0.24));
#4979 = VECTOR('',#4980,1.);
#4980 = DIRECTION('',(1.,0.,0.));
#4981 = ORIENTED_EDGE('',*,*,#4982,.T.);
#4982 = EDGE_CURVE('',#4975,#4922,#4983,.T.);
#4983 = LINE('',#4984,#4985);
#4984 = CARTESIAN_POINT('',(0.145601635514,0.89,0.24));
#4985 = VECTOR('',#4986,1.);
#4986 = DIRECTION('',(2.464095846558E-16,1.,-1.93607530801E-16));
#4987 = PLANE('',#4988);
#4988 = AXIS2_PLACEMENT_3D('',#4989,#4990,#4991);
#4989 = CARTESIAN_POINT('',(-0.9,0.89,0.24));
#4990 = DIRECTION('',(0.,1.93607530801E-16,1.));
#4991 = DIRECTION('',(0.,-1.,1.93607530801E-16));
#4992 = ADVANCED_FACE('',(#4993),#5020,.F.);
#4993 = FACE_BOUND('',#4994,.F.);
#4994 = EDGE_LOOP('',(#4995,#5004,#5012,#5019));
#4995 = ORIENTED_EDGE('',*,*,#4996,.F.);
#4996 = EDGE_CURVE('',#4997,#4975,#4999,.T.);
#4997 = VERTEX_POINT('',#4998);
#4998 = CARTESIAN_POINT('',(0.145601635514,0.65,0.34));
#4999 = CIRCLE('',#5000,0.1);
#5000 = AXIS2_PLACEMENT_3D('',#5001,#5002,#5003);
#5001 = CARTESIAN_POINT('',(0.145601635514,0.75,0.34));
#5002 = DIRECTION('',(1.,-2.464095846558E-16,0.));
#5003 = DIRECTION('',(2.464095846558E-16,1.,0.));
#5004 = ORIENTED_EDGE('',*,*,#5005,.F.);
#5005 = EDGE_CURVE('',#5006,#4997,#5008,.T.);
#5006 = VERTEX_POINT('',#5007);
#5007 = CARTESIAN_POINT('',(-0.154398364486,0.65,0.34));
#5008 = LINE('',#5009,#5010);
#5009 = CARTESIAN_POINT('',(-0.9,0.65,0.34));
#5010 = VECTOR('',#5011,1.);
#5011 = DIRECTION('',(1.,0.,0.));
#5012 = ORIENTED_EDGE('',*,*,#5013,.F.);
#5013 = EDGE_CURVE('',#4967,#5006,#5014,.T.);
#5014 = CIRCLE('',#5015,0.1);
#5015 = AXIS2_PLACEMENT_3D('',#5016,#5017,#5018);
#5016 = CARTESIAN_POINT('',(-0.154398364486,0.75,0.34));
#5017 = DIRECTION('',(-1.,-2.464095846558E-16,0.));
#5018 = DIRECTION('',(2.464095846558E-16,-1.,0.));
#5019 = ORIENTED_EDGE('',*,*,#4974,.T.);
#5020 = CYLINDRICAL_SURFACE('',#5021,0.1);
#5021 = AXIS2_PLACEMENT_3D('',#5022,#5023,#5024);
#5022 = CARTESIAN_POINT('',(-0.9,0.75,0.34));
#5023 = DIRECTION('',(1.,0.,0.));
#5024 = DIRECTION('',(0.,0.,-1.));
#5025 = ADVANCED_FACE('',(#5026),#5051,.T.);
#5026 = FACE_BOUND('',#5027,.T.);
#5027 = EDGE_LOOP('',(#5028,#5029,#5037,#5045));
#5028 = ORIENTED_EDGE('',*,*,#5005,.F.);
#5029 = ORIENTED_EDGE('',*,*,#5030,.T.);
#5030 = EDGE_CURVE('',#5006,#5031,#5033,.T.);
#5031 = VERTEX_POINT('',#5032);
#5032 = CARTESIAN_POINT('',(-0.154398364486,0.65,0.48));
#5033 = LINE('',#5034,#5035);
#5034 = CARTESIAN_POINT('',(-0.154398364486,0.65,0.48));
#5035 = VECTOR('',#5036,1.);
#5036 = DIRECTION('',(0.,0.,1.));
#5037 = ORIENTED_EDGE('',*,*,#5038,.F.);
#5038 = EDGE_CURVE('',#5039,#5031,#5041,.T.);
#5039 = VERTEX_POINT('',#5040);
#5040 = CARTESIAN_POINT('',(0.145601635514,0.65,0.48));
#5041 = LINE('',#5042,#5043);
#5042 = CARTESIAN_POINT('',(-4.398364485981E-03,0.65,0.48));
#5043 = VECTOR('',#5044,1.);
#5044 = DIRECTION('',(-1.,0.,0.));
#5045 = ORIENTED_EDGE('',*,*,#5046,.T.);
#5046 = EDGE_CURVE('',#5039,#4997,#5047,.T.);
#5047 = LINE('',#5048,#5049);
#5048 = CARTESIAN_POINT('',(0.145601635514,0.65,0.48));
#5049 = VECTOR('',#5050,1.);
#5050 = DIRECTION('',(0.,0.,-1.));
#5051 = PLANE('',#5052);
#5052 = AXIS2_PLACEMENT_3D('',#5053,#5054,#5055);
#5053 = CARTESIAN_POINT('',(-0.9,0.65,0.48));
#5054 = DIRECTION('',(0.,1.,0.));
#5055 = DIRECTION('',(0.,-0.,1.));
#5056 = ADVANCED_FACE('',(#5057),#5075,.T.);
#5057 = FACE_BOUND('',#5058,.T.);
#5058 = EDGE_LOOP('',(#5059,#5066,#5067,#5074));
#5059 = ORIENTED_EDGE('',*,*,#5060,.F.);
#5060 = EDGE_CURVE('',#4109,#5031,#5061,.T.);
#5061 = CIRCLE('',#5062,0.24);
#5062 = AXIS2_PLACEMENT_3D('',#5063,#5064,#5065);
#5063 = CARTESIAN_POINT('',(-0.154398364486,0.41,0.48));
#5064 = DIRECTION('',(-1.,-2.464095846558E-16,0.));
#5065 = DIRECTION('',(2.464095846558E-16,-1.,0.));
#5066 = ORIENTED_EDGE('',*,*,#4108,.T.);
#5067 = ORIENTED_EDGE('',*,*,#5068,.F.);
#5068 = EDGE_CURVE('',#5039,#4101,#5069,.T.);
#5069 = CIRCLE('',#5070,0.24);
#5070 = AXIS2_PLACEMENT_3D('',#5071,#5072,#5073);
#5071 = CARTESIAN_POINT('',(0.145601635514,0.41,0.48));
#5072 = DIRECTION('',(1.,-2.464095846558E-16,0.));
#5073 = DIRECTION('',(2.464095846558E-16,1.,0.));
#5074 = ORIENTED_EDGE('',*,*,#5038,.T.);
#5075 = CYLINDRICAL_SURFACE('',#5076,0.24);
#5076 = AXIS2_PLACEMENT_3D('',#5077,#5078,#5079);
#5077 = CARTESIAN_POINT('',(0.145601635514,0.41,0.48));
#5078 = DIRECTION('',(1.,0.,0.));
#5079 = DIRECTION('',(0.,0.,-1.));
#5080 = ADVANCED_FACE('',(#5081),#5161,.F.);
#5081 = FACE_BOUND('',#5082,.T.);
#5082 = EDGE_LOOP('',(#5083,#5093,#5100,#5101,#5109,#5115,#5116,#5124,
    #5132,#5138,#5139,#5147,#5155));
#5083 = ORIENTED_EDGE('',*,*,#5084,.T.);
#5084 = EDGE_CURVE('',#5085,#5087,#5089,.T.);
#5085 = VERTEX_POINT('',#5086);
#5086 = CARTESIAN_POINT('',(-0.85,-0.356963341772,4.178005063473E-02));
#5087 = VERTEX_POINT('',#5088);
#5088 = CARTESIAN_POINT('',(0.899319696192,-0.356963341772,
    4.178005063473E-02));
#5089 = LINE('',#5090,#5091);
#5090 = CARTESIAN_POINT('',(-2.844575263026,-0.356963341772,
    4.178005063473E-02));
#5091 = VECTOR('',#5092,1.);
#5092 = DIRECTION('',(1.,0.,0.));
#5093 = ORIENTED_EDGE('',*,*,#5094,.F.);
#5094 = EDGE_CURVE('',#4406,#5087,#5095,.T.);
#5095 = ELLIPSE('',#5096,5.068968775249E-02,5.E-02);
#5096 = AXIS2_PLACEMENT_3D('',#5097,#5098,#5099);
#5097 = CARTESIAN_POINT('',(0.85,-0.358333333333,5.E-02));
#5098 = DIRECTION('',(0.,0.986393923832,0.164398987305));
#5099 = DIRECTION('',(0.,0.164398987305,-0.986393923832));
#5100 = ORIENTED_EDGE('',*,*,#4405,.T.);
#5101 = ORIENTED_EDGE('',*,*,#5102,.F.);
#5102 = EDGE_CURVE('',#5103,#4408,#5105,.T.);
#5103 = VERTEX_POINT('',#5104);
#5104 = CARTESIAN_POINT('',(0.6,-0.45,0.6));
#5105 = LINE('',#5106,#5107);
#5106 = CARTESIAN_POINT('',(-1.678442577676,-0.45,0.6));
#5107 = VECTOR('',#5108,1.);
#5108 = DIRECTION('',(1.,0.,0.));
#5109 = ORIENTED_EDGE('',*,*,#5110,.F.);
#5110 = EDGE_CURVE('',#4327,#5103,#5111,.T.);
#5111 = LINE('',#5112,#5113);
#5112 = CARTESIAN_POINT('',(0.6,-0.41,0.36));
#5113 = VECTOR('',#5114,1.);
#5114 = DIRECTION('',(0.,-0.164398987305,0.986393923832));
#5115 = ORIENTED_EDGE('',*,*,#4326,.F.);
#5116 = ORIENTED_EDGE('',*,*,#5117,.T.);
#5117 = EDGE_CURVE('',#4319,#5118,#5120,.T.);
#5118 = VERTEX_POINT('',#5119);
#5119 = CARTESIAN_POINT('',(0.3,-0.45,0.6));
#5120 = LINE('',#5121,#5122);
#5121 = CARTESIAN_POINT('',(0.3,-0.35,-5.421010862428E-17));
#5122 = VECTOR('',#5123,1.);
#5123 = DIRECTION('',(-3.713369566477E-17,-0.164398987305,0.986393923832
    ));
#5124 = ORIENTED_EDGE('',*,*,#5125,.F.);
#5125 = EDGE_CURVE('',#5126,#5118,#5128,.T.);
#5126 = VERTEX_POINT('',#5127);
#5127 = CARTESIAN_POINT('',(-0.3,-0.45,0.6));
#5128 = LINE('',#5129,#5130);
#5129 = CARTESIAN_POINT('',(-1.678442577676,-0.45,0.6));
#5130 = VECTOR('',#5131,1.);
#5131 = DIRECTION('',(1.,0.,0.));
#5132 = ORIENTED_EDGE('',*,*,#5133,.F.);
#5133 = EDGE_CURVE('',#4248,#5126,#5134,.T.);
#5134 = LINE('',#5135,#5136);
#5135 = CARTESIAN_POINT('',(-0.3,-0.35,-5.421010862428E-17));
#5136 = VECTOR('',#5137,1.);
#5137 = DIRECTION('',(-3.713369566477E-17,-0.164398987305,0.986393923832
    ));
#5138 = ORIENTED_EDGE('',*,*,#4245,.F.);
#5139 = ORIENTED_EDGE('',*,*,#5140,.T.);
#5140 = EDGE_CURVE('',#4246,#5141,#5143,.T.);
#5141 = VERTEX_POINT('',#5142);
#5142 = CARTESIAN_POINT('',(-0.6,-0.45,0.6));
#5143 = LINE('',#5144,#5145);
#5144 = CARTESIAN_POINT('',(-0.6,-0.41,0.36));
#5145 = VECTOR('',#5146,1.);
#5146 = DIRECTION('',(0.,-0.164398987305,0.986393923832));
#5147 = ORIENTED_EDGE('',*,*,#5148,.F.);
#5148 = EDGE_CURVE('',#5149,#5141,#5151,.T.);
#5149 = VERTEX_POINT('',#5150);
#5150 = CARTESIAN_POINT('',(-0.85,-0.45,0.6));
#5151 = LINE('',#5152,#5153);
#5152 = CARTESIAN_POINT('',(-1.678442577676,-0.45,0.6));
#5153 = VECTOR('',#5154,1.);
#5154 = DIRECTION('',(1.,0.,0.));
#5155 = ORIENTED_EDGE('',*,*,#5156,.F.);
#5156 = EDGE_CURVE('',#5085,#5149,#5157,.T.);
#5157 = LINE('',#5158,#5159);
#5158 = CARTESIAN_POINT('',(-0.85,-0.35,0.));
#5159 = VECTOR('',#5160,1.);
#5160 = DIRECTION('',(0.,-0.164398987305,0.986393923832));
#5161 = PLANE('',#5162);
#5162 = AXIS2_PLACEMENT_3D('',#5163,#5164,#5165);
#5163 = CARTESIAN_POINT('',(-2.844575263026,-0.35,0.));
#5164 = DIRECTION('',(0.,0.986393923832,0.164398987305));
#5165 = DIRECTION('',(0.,-0.164398987305,0.986393923832));
#5166 = ADVANCED_FACE('',(#5167),#5201,.F.);
#5167 = FACE_BOUND('',#5168,.T.);
#5168 = EDGE_LOOP('',(#5169,#5179,#5187,#5195));
#5169 = ORIENTED_EDGE('',*,*,#5170,.T.);
#5170 = EDGE_CURVE('',#5171,#5173,#5175,.T.);
#5171 = VERTEX_POINT('',#5172);
#5172 = CARTESIAN_POINT('',(-0.85,0.307643645581,0.));
#5173 = VERTEX_POINT('',#5174);
#5174 = CARTESIAN_POINT('',(0.85,0.307643645581,0.));
#5175 = LINE('',#5176,#5177);
#5176 = CARTESIAN_POINT('',(0.,0.307643645581,0.));
#5177 = VECTOR('',#5178,1.);
#5178 = DIRECTION('',(1.,0.,0.));
#5179 = ORIENTED_EDGE('',*,*,#5180,.F.);
#5180 = EDGE_CURVE('',#5181,#5173,#5183,.T.);
#5181 = VERTEX_POINT('',#5182);
#5182 = CARTESIAN_POINT('',(0.85,-0.307643645581,0.));
#5183 = LINE('',#5184,#5185);
#5184 = CARTESIAN_POINT('',(0.85,0.,0.));
#5185 = VECTOR('',#5186,1.);
#5186 = DIRECTION('',(0.,1.,0.));
#5187 = ORIENTED_EDGE('',*,*,#5188,.F.);
#5188 = EDGE_CURVE('',#5189,#5181,#5191,.T.);
#5189 = VERTEX_POINT('',#5190);
#5190 = CARTESIAN_POINT('',(-0.85,-0.307643645581,0.));
#5191 = LINE('',#5192,#5193);
#5192 = CARTESIAN_POINT('',(0.,-0.307643645581,0.));
#5193 = VECTOR('',#5194,1.);
#5194 = DIRECTION('',(1.,0.,0.));
#5195 = ORIENTED_EDGE('',*,*,#5196,.F.);
#5196 = EDGE_CURVE('',#5171,#5189,#5197,.T.);
#5197 = LINE('',#5198,#5199);
#5198 = CARTESIAN_POINT('',(-0.85,0.,0.));
#5199 = VECTOR('',#5200,1.);
#5200 = DIRECTION('',(0.,-1.,0.));
#5201 = PLANE('',#5202);
#5202 = AXIS2_PLACEMENT_3D('',#5203,#5204,#5205);
#5203 = CARTESIAN_POINT('',(0.,0.,0.));
#5204 = DIRECTION('',(0.,0.,1.));
#5205 = DIRECTION('',(1.,0.,-0.));
#5206 = ADVANCED_FACE('',(#5207),#5241,.T.);
#5207 = FACE_BOUND('',#5208,.T.);
#5208 = EDGE_LOOP('',(#5209,#5219,#5227,#5235));
#5209 = ORIENTED_EDGE('',*,*,#5210,.F.);
#5210 = EDGE_CURVE('',#5211,#5213,#5215,.T.);
#5211 = VERTEX_POINT('',#5212);
#5212 = CARTESIAN_POINT('',(-0.85,0.313962038997,0.9));
#5213 = VERTEX_POINT('',#5214);
#5214 = CARTESIAN_POINT('',(0.85,0.313962038997,0.9));
#5215 = LINE('',#5216,#5217);
#5216 = CARTESIAN_POINT('',(-0.9,0.313962038997,0.9));
#5217 = VECTOR('',#5218,1.);
#5218 = DIRECTION('',(1.,0.,0.));
#5219 = ORIENTED_EDGE('',*,*,#5220,.T.);
#5220 = EDGE_CURVE('',#5211,#5221,#5223,.T.);
#5221 = VERTEX_POINT('',#5222);
#5222 = CARTESIAN_POINT('',(-0.85,-0.313962038997,0.9));
#5223 = LINE('',#5224,#5225);
#5224 = CARTESIAN_POINT('',(-0.85,-0.35,0.9));
#5225 = VECTOR('',#5226,1.);
#5226 = DIRECTION('',(0.,-1.,0.));
#5227 = ORIENTED_EDGE('',*,*,#5228,.T.);
#5228 = EDGE_CURVE('',#5221,#5229,#5231,.T.);
#5229 = VERTEX_POINT('',#5230);
#5230 = CARTESIAN_POINT('',(0.85,-0.313962038997,0.9));
#5231 = LINE('',#5232,#5233);
#5232 = CARTESIAN_POINT('',(0.,-0.313962038997,0.9));
#5233 = VECTOR('',#5234,1.);
#5234 = DIRECTION('',(1.,0.,0.));
#5235 = ORIENTED_EDGE('',*,*,#5236,.T.);
#5236 = EDGE_CURVE('',#5229,#5213,#5237,.T.);
#5237 = LINE('',#5238,#5239);
#5238 = CARTESIAN_POINT('',(0.85,0.313962038997,0.9));
#5239 = VECTOR('',#5240,1.);
#5240 = DIRECTION('',(0.,1.,0.));
#5241 = PLANE('',#5242);
#5242 = AXIS2_PLACEMENT_3D('',#5243,#5244,#5245);
#5243 = CARTESIAN_POINT('',(0.,0.,0.9));
#5244 = DIRECTION('',(0.,0.,1.));
#5245 = DIRECTION('',(1.,0.,-0.));
#5246 = ADVANCED_FACE('',(#5247),#5302,.T.);
#5247 = FACE_BOUND('',#5248,.T.);
#5248 = EDGE_LOOP('',(#5249,#5259,#5265,#5266,#5272,#5273,#5279,#5280,
    #5286,#5287,#5293,#5294,#5295));
#5249 = ORIENTED_EDGE('',*,*,#5250,.F.);
#5250 = EDGE_CURVE('',#5251,#5253,#5255,.T.);
#5251 = VERTEX_POINT('',#5252);
#5252 = CARTESIAN_POINT('',(-0.85,-0.3613962039,0.865811388301));
#5253 = VERTEX_POINT('',#5254);
#5254 = CARTESIAN_POINT('',(0.897434164903,-0.3613962039,0.865811388301)
  );
#5255 = LINE('',#5256,#5257);
#5256 = CARTESIAN_POINT('',(-1.678442577676,-0.3613962039,0.865811388301
    ));
#5257 = VECTOR('',#5258,1.);
#5258 = DIRECTION('',(1.,0.,0.));
#5259 = ORIENTED_EDGE('',*,*,#5260,.T.);
#5260 = EDGE_CURVE('',#5251,#5149,#5261,.T.);
#5261 = LINE('',#5262,#5263);
#5262 = CARTESIAN_POINT('',(-0.85,-0.45,0.6));
#5263 = VECTOR('',#5264,1.);
#5264 = DIRECTION('',(0.,-0.316227766017,-0.948683298051));
#5265 = ORIENTED_EDGE('',*,*,#5148,.T.);
#5266 = ORIENTED_EDGE('',*,*,#5267,.F.);
#5267 = EDGE_CURVE('',#4462,#5141,#5268,.T.);
#5268 = LINE('',#5269,#5270);
#5269 = CARTESIAN_POINT('',(-0.6,-0.901293473718,-0.753880421153));
#5270 = VECTOR('',#5271,1.);
#5271 = DIRECTION('',(7.792155248084E-17,-0.316227766017,-0.948683298051
    ));
#5272 = ORIENTED_EDGE('',*,*,#4461,.T.);
#5273 = ORIENTED_EDGE('',*,*,#5274,.T.);
#5274 = EDGE_CURVE('',#4464,#5126,#5275,.T.);
#5275 = LINE('',#5276,#5277);
#5276 = CARTESIAN_POINT('',(-0.3,-0.945293473718,-0.885880421153));
#5277 = VECTOR('',#5278,1.);
#5278 = DIRECTION('',(-3.896077624042E-17,-0.316227766017,
    -0.948683298051));
#5279 = ORIENTED_EDGE('',*,*,#5125,.T.);
#5280 = ORIENTED_EDGE('',*,*,#5281,.F.);
#5281 = EDGE_CURVE('',#4512,#5118,#5282,.T.);
#5282 = LINE('',#5283,#5284);
#5283 = CARTESIAN_POINT('',(0.3,-0.35,0.9));
#5284 = VECTOR('',#5285,1.);
#5285 = DIRECTION('',(3.896077624042E-17,-0.316227766017,-0.948683298051
    ));
#5286 = ORIENTED_EDGE('',*,*,#4511,.T.);
#5287 = ORIENTED_EDGE('',*,*,#5288,.T.);
#5288 = EDGE_CURVE('',#4502,#5103,#5289,.T.);
#5289 = LINE('',#5290,#5291);
#5290 = CARTESIAN_POINT('',(0.6,-0.35,0.9));
#5291 = VECTOR('',#5292,1.);
#5292 = DIRECTION('',(0.,-0.316227766017,-0.948683298051));
#5293 = ORIENTED_EDGE('',*,*,#5102,.T.);
#5294 = ORIENTED_EDGE('',*,*,#4447,.F.);
#5295 = ORIENTED_EDGE('',*,*,#5296,.T.);
#5296 = EDGE_CURVE('',#4440,#5253,#5297,.T.);
#5297 = ELLIPSE('',#5298,5.270462766947E-02,5.E-02);
#5298 = AXIS2_PLACEMENT_3D('',#5299,#5300,#5301);
#5299 = CARTESIAN_POINT('',(0.85,-0.366666666667,0.85));
#5300 = DIRECTION('',(0.,-0.948683298051,0.316227766017));
#5301 = DIRECTION('',(0.,-0.316227766017,-0.948683298051));
#5302 = PLANE('',#5303);
#5303 = AXIS2_PLACEMENT_3D('',#5304,#5305,#5306);
#5304 = CARTESIAN_POINT('',(-1.678442577676,-0.35,0.9));
#5305 = DIRECTION('',(0.,-0.948683298051,0.316227766017));
#5306 = DIRECTION('',(0.,-0.316227766017,-0.948683298051));
#5307 = ADVANCED_FACE('',(#5308),#5347,.F.);
#5308 = FACE_BOUND('',#5309,.T.);
#5309 = EDGE_LOOP('',(#5310,#5320,#5326,#5327,#5333,#5334,#5340,#5341));
#5310 = ORIENTED_EDGE('',*,*,#5311,.F.);
#5311 = EDGE_CURVE('',#5312,#5314,#5316,.T.);
#5312 = VERTEX_POINT('',#5313);
#5313 = CARTESIAN_POINT('',(-0.85,0.356963341772,4.178005063473E-02));
#5314 = VERTEX_POINT('',#5315);
#5315 = CARTESIAN_POINT('',(0.85,0.356963341772,4.178005063473E-02));
#5316 = LINE('',#5317,#5318);
#5317 = CARTESIAN_POINT('',(-1.468365537028,0.356963341772,
    4.178005063473E-02));
#5318 = VECTOR('',#5319,1.);
#5319 = DIRECTION('',(1.,0.,0.));
#5320 = ORIENTED_EDGE('',*,*,#5321,.F.);
#5321 = EDGE_CURVE('',#4059,#5312,#5322,.T.);
#5322 = LINE('',#5323,#5324);
#5323 = CARTESIAN_POINT('',(-0.85,0.35,0.));
#5324 = VECTOR('',#5325,1.);
#5325 = DIRECTION('',(0.,-0.164398987305,-0.986393923832));
#5326 = ORIENTED_EDGE('',*,*,#4058,.T.);
#5327 = ORIENTED_EDGE('',*,*,#5328,.F.);
#5328 = EDGE_CURVE('',#4182,#4061,#5329,.T.);
#5329 = LINE('',#5330,#5331);
#5330 = CARTESIAN_POINT('',(-0.154398364486,0.35,-5.421010862428E-17));
#5331 = VECTOR('',#5332,1.);
#5332 = DIRECTION('',(-4.050948617975E-17,0.164398987305,0.986393923832)
  );
#5333 = ORIENTED_EDGE('',*,*,#4181,.T.);
#5334 = ORIENTED_EDGE('',*,*,#5335,.F.);
#5335 = EDGE_CURVE('',#4093,#4174,#5336,.T.);
#5336 = LINE('',#5337,#5338);
#5337 = CARTESIAN_POINT('',(0.145601635514,0.35,0.));
#5338 = VECTOR('',#5339,1.);
#5339 = DIRECTION('',(-4.177540762286E-17,-0.164398987305,
    -0.986393923832));
#5340 = ORIENTED_EDGE('',*,*,#4092,.T.);
#5341 = ORIENTED_EDGE('',*,*,#5342,.T.);
#5342 = EDGE_CURVE('',#4085,#5314,#5343,.T.);
#5343 = LINE('',#5344,#5345);
#5344 = CARTESIAN_POINT('',(0.85,0.35,0.));
#5345 = VECTOR('',#5346,1.);
#5346 = DIRECTION('',(0.,-0.164398987305,-0.986393923832));
#5347 = PLANE('',#5348);
#5348 = AXIS2_PLACEMENT_3D('',#5349,#5350,#5351);
#5349 = CARTESIAN_POINT('',(-1.468365537028,0.35,0.));
#5350 = DIRECTION('',(0.,-0.986393923832,0.164398987305));
#5351 = DIRECTION('',(0.,-0.164398987305,-0.986393923832));
#5352 = ADVANCED_FACE('',(#5353),#5365,.T.);
#5353 = FACE_BOUND('',#5354,.T.);
#5354 = EDGE_LOOP('',(#5355,#5356,#5357,#5358,#5359,#5360,#5361,#5362,
    #5363,#5364));
#5355 = ORIENTED_EDGE('',*,*,#5068,.T.);
#5356 = ORIENTED_EDGE('',*,*,#4100,.F.);
#5357 = ORIENTED_EDGE('',*,*,#5335,.T.);
#5358 = ORIENTED_EDGE('',*,*,#4173,.F.);
#5359 = ORIENTED_EDGE('',*,*,#4130,.T.);
#5360 = ORIENTED_EDGE('',*,*,#4951,.F.);
#5361 = ORIENTED_EDGE('',*,*,#4929,.T.);
#5362 = ORIENTED_EDGE('',*,*,#4982,.F.);
#5363 = ORIENTED_EDGE('',*,*,#4996,.F.);
#5364 = ORIENTED_EDGE('',*,*,#5046,.F.);
#5365 = PLANE('',#5366);
#5366 = AXIS2_PLACEMENT_3D('',#5367,#5368,#5369);
#5367 = CARTESIAN_POINT('',(0.145601635514,0.89,-0.43651176738));
#5368 = DIRECTION('',(1.,-2.464095846558E-16,0.));
#5369 = DIRECTION('',(2.464095846558E-16,1.,0.));
#5370 = ADVANCED_FACE('',(#5371),#5383,.T.);
#5371 = FACE_BOUND('',#5372,.T.);
#5372 = EDGE_LOOP('',(#5373,#5374,#5375,#5376,#5377,#5378,#5379,#5380,
    #5381,#5382));
#5373 = ORIENTED_EDGE('',*,*,#5328,.T.);
#5374 = ORIENTED_EDGE('',*,*,#4116,.F.);
#5375 = ORIENTED_EDGE('',*,*,#5060,.T.);
#5376 = ORIENTED_EDGE('',*,*,#5030,.F.);
#5377 = ORIENTED_EDGE('',*,*,#5013,.F.);
#5378 = ORIENTED_EDGE('',*,*,#4966,.F.);
#5379 = ORIENTED_EDGE('',*,*,#4913,.F.);
#5380 = ORIENTED_EDGE('',*,*,#4944,.F.);
#5381 = ORIENTED_EDGE('',*,*,#4149,.T.);
#5382 = ORIENTED_EDGE('',*,*,#4189,.F.);
#5383 = PLANE('',#5384);
#5384 = AXIS2_PLACEMENT_3D('',#5385,#5386,#5387);
#5385 = CARTESIAN_POINT('',(-0.154398364486,0.45,-0.43651176738));
#5386 = DIRECTION('',(-1.,-2.464095846558E-16,0.));
#5387 = DIRECTION('',(2.464095846558E-16,-1.,0.));
#5388 = ADVANCED_FACE('',(#5389),#5402,.T.);
#5389 = FACE_BOUND('',#5390,.T.);
#5390 = EDGE_LOOP('',(#5391,#5392,#5393,#5394,#5395,#5396,#5397,#5398,
    #5399,#5400,#5401));
#5391 = ORIENTED_EDGE('',*,*,#5133,.T.);
#5392 = ORIENTED_EDGE('',*,*,#5274,.F.);
#5393 = ORIENTED_EDGE('',*,*,#4487,.T.);
#5394 = ORIENTED_EDGE('',*,*,#4638,.T.);
#5395 = ORIENTED_EDGE('',*,*,#4703,.F.);
#5396 = ORIENTED_EDGE('',*,*,#4750,.F.);
#5397 = ORIENTED_EDGE('',*,*,#4822,.F.);
#5398 = ORIENTED_EDGE('',*,*,#4599,.F.);
#5399 = ORIENTED_EDGE('',*,*,#4866,.F.);
#5400 = ORIENTED_EDGE('',*,*,#4213,.T.);
#5401 = ORIENTED_EDGE('',*,*,#4255,.F.);
#5402 = PLANE('',#5403);
#5403 = AXIS2_PLACEMENT_3D('',#5404,#5405,#5406);
#5404 = CARTESIAN_POINT('',(-0.3,-0.89,-0.904311579059));
#5405 = DIRECTION('',(1.,-1.232047923279E-16,0.));
#5406 = DIRECTION('',(1.232047923279E-16,1.,0.));
#5407 = ADVANCED_FACE('',(#5408),#5421,.T.);
#5408 = FACE_BOUND('',#5409,.T.);
#5409 = EDGE_LOOP('',(#5410,#5411,#5412,#5413,#5414,#5415,#5416,#5417,
    #5418,#5419,#5420));
#5410 = ORIENTED_EDGE('',*,*,#4727,.F.);
#5411 = ORIENTED_EDGE('',*,*,#4664,.T.);
#5412 = ORIENTED_EDGE('',*,*,#4519,.F.);
#5413 = ORIENTED_EDGE('',*,*,#5281,.T.);
#5414 = ORIENTED_EDGE('',*,*,#5117,.F.);
#5415 = ORIENTED_EDGE('',*,*,#4318,.T.);
#5416 = ORIENTED_EDGE('',*,*,#4276,.T.);
#5417 = ORIENTED_EDGE('',*,*,#4888,.F.);
#5418 = ORIENTED_EDGE('',*,*,#4567,.T.);
#5419 = ORIENTED_EDGE('',*,*,#4844,.F.);
#5420 = ORIENTED_EDGE('',*,*,#4792,.F.);
#5421 = PLANE('',#5422);
#5422 = AXIS2_PLACEMENT_3D('',#5423,#5424,#5425);
#5423 = CARTESIAN_POINT('',(0.3,-0.89,-0.904311579059));
#5424 = DIRECTION('',(-1.,-1.232047923279E-16,0.));
#5425 = DIRECTION('',(1.232047923279E-16,-1.,0.));
#5426 = ADVANCED_FACE('',(#5427),#5440,.F.);
#5427 = FACE_BOUND('',#5428,.T.);
#5428 = EDGE_LOOP('',(#5429,#5430,#5431,#5432,#5433,#5434,#5435,#5436,
    #5437,#5438,#5439));
#5429 = ORIENTED_EDGE('',*,*,#4621,.F.);
#5430 = ORIENTED_EDGE('',*,*,#4471,.F.);
#5431 = ORIENTED_EDGE('',*,*,#5267,.T.);
#5432 = ORIENTED_EDGE('',*,*,#5140,.F.);
#5433 = ORIENTED_EDGE('',*,*,#4262,.F.);
#5434 = ORIENTED_EDGE('',*,*,#4230,.F.);
#5435 = ORIENTED_EDGE('',*,*,#4859,.T.);
#5436 = ORIENTED_EDGE('',*,*,#4581,.T.);
#5437 = ORIENTED_EDGE('',*,*,#4815,.T.);
#5438 = ORIENTED_EDGE('',*,*,#4767,.T.);
#5439 = ORIENTED_EDGE('',*,*,#4687,.T.);
#5440 = PLANE('',#5441);
#5441 = AXIS2_PLACEMENT_3D('',#5442,#5443,#5444);
#5442 = CARTESIAN_POINT('',(-0.6,-0.45,-0.904311579059));
#5443 = DIRECTION('',(1.,2.464095846558E-16,0.));
#5444 = DIRECTION('',(-2.464095846558E-16,1.,0.));
#5445 = ADVANCED_FACE('',(#5446),#5459,.F.);
#5446 = FACE_BOUND('',#5447,.T.);
#5447 = EDGE_LOOP('',(#5448,#5449,#5450,#5451,#5452,#5453,#5454,#5455,
    #5456,#5457,#5458));
#5448 = ORIENTED_EDGE('',*,*,#4654,.F.);
#5449 = ORIENTED_EDGE('',*,*,#4718,.T.);
#5450 = ORIENTED_EDGE('',*,*,#4800,.T.);
#5451 = ORIENTED_EDGE('',*,*,#4837,.T.);
#5452 = ORIENTED_EDGE('',*,*,#4551,.F.);
#5453 = ORIENTED_EDGE('',*,*,#4881,.T.);
#5454 = ORIENTED_EDGE('',*,*,#4295,.F.);
#5455 = ORIENTED_EDGE('',*,*,#4334,.T.);
#5456 = ORIENTED_EDGE('',*,*,#5110,.T.);
#5457 = ORIENTED_EDGE('',*,*,#5288,.F.);
#5458 = ORIENTED_EDGE('',*,*,#4501,.T.);
#5459 = PLANE('',#5460);
#5460 = AXIS2_PLACEMENT_3D('',#5461,#5462,#5463);
#5461 = CARTESIAN_POINT('',(0.6,-0.45,-0.904311579059));
#5462 = DIRECTION('',(-1.,0.,0.));
#5463 = DIRECTION('',(0.,0.,1.));
#5464 = ADVANCED_FACE('',(#5465),#5483,.T.);
#5465 = FACE_BOUND('',#5466,.T.);
#5466 = EDGE_LOOP('',(#5467,#5468,#5475,#5476));
#5467 = ORIENTED_EDGE('',*,*,#4076,.F.);
#5468 = ORIENTED_EDGE('',*,*,#5469,.F.);
#5469 = EDGE_CURVE('',#5211,#4069,#5470,.T.);
#5470 = CIRCLE('',#5471,5.E-02);
#5471 = AXIS2_PLACEMENT_3D('',#5472,#5473,#5474);
#5472 = CARTESIAN_POINT('',(-0.85,0.313962038997,0.85));
#5473 = DIRECTION('',(-1.,0.,0.));
#5474 = DIRECTION('',(0.,0.,1.));
#5475 = ORIENTED_EDGE('',*,*,#5210,.T.);
#5476 = ORIENTED_EDGE('',*,*,#5477,.T.);
#5477 = EDGE_CURVE('',#5213,#4077,#5478,.T.);
#5478 = CIRCLE('',#5479,5.E-02);
#5479 = AXIS2_PLACEMENT_3D('',#5480,#5481,#5482);
#5480 = CARTESIAN_POINT('',(0.85,0.313962038997,0.85));
#5481 = DIRECTION('',(-1.,0.,0.));
#5482 = DIRECTION('',(0.,0.,1.));
#5483 = CYLINDRICAL_SURFACE('',#5484,5.E-02);
#5484 = AXIS2_PLACEMENT_3D('',#5485,#5486,#5487);
#5485 = CARTESIAN_POINT('',(-1.307609715732,0.313962038997,0.85));
#5486 = DIRECTION('',(-1.,0.,0.));
#5487 = DIRECTION('',(0.,0.,1.));
#5488 = ADVANCED_FACE('',(#5489),#5508,.T.);
#5489 = FACE_BOUND('',#5490,.T.);
#5490 = EDGE_LOOP('',(#5491,#5498,#5499,#5506,#5507));
#5491 = ORIENTED_EDGE('',*,*,#5492,.F.);
#5492 = EDGE_CURVE('',#5213,#4432,#5493,.T.);
#5493 = CIRCLE('',#5494,5.E-02);
#5494 = AXIS2_PLACEMENT_3D('',#5495,#5496,#5497);
#5495 = CARTESIAN_POINT('',(0.85,0.313962038997,0.85));
#5496 = DIRECTION('',(0.,1.,0.));
#5497 = DIRECTION('',(0.,-0.,1.));
#5498 = ORIENTED_EDGE('',*,*,#5236,.F.);
#5499 = ORIENTED_EDGE('',*,*,#5500,.F.);
#5500 = EDGE_CURVE('',#5253,#5229,#5501,.T.);
#5501 = ELLIPSE('',#5502,7.071067811865E-02,5.E-02);
#5502 = AXIS2_PLACEMENT_3D('',#5503,#5504,#5505);
#5503 = CARTESIAN_POINT('',(0.85,-0.313962038997,0.85));
#5504 = DIRECTION('',(-0.707106781187,-0.707106781187,0.));
#5505 = DIRECTION('',(0.707106781187,-0.707106781187,0.));
#5506 = ORIENTED_EDGE('',*,*,#5296,.F.);
#5507 = ORIENTED_EDGE('',*,*,#4439,.T.);
#5508 = CYLINDRICAL_SURFACE('',#5509,5.E-02);
#5509 = AXIS2_PLACEMENT_3D('',#5510,#5511,#5512);
#5510 = CARTESIAN_POINT('',(0.85,0.,0.85));
#5511 = DIRECTION('',(0.,-1.,0.));
#5512 = DIRECTION('',(0.,0.,-1.));
#5513 = ADVANCED_FACE('',(#5514),#5525,.T.);
#5514 = FACE_BOUND('',#5515,.T.);
#5515 = EDGE_LOOP('',(#5516,#5517,#5518));
#5516 = ORIENTED_EDGE('',*,*,#5477,.F.);
#5517 = ORIENTED_EDGE('',*,*,#5492,.T.);
#5518 = ORIENTED_EDGE('',*,*,#5519,.F.);
#5519 = EDGE_CURVE('',#4077,#4432,#5520,.T.);
#5520 = CIRCLE('',#5521,5.E-02);
#5521 = AXIS2_PLACEMENT_3D('',#5522,#5523,#5524);
#5522 = CARTESIAN_POINT('',(0.85,0.313962038997,0.85));
#5523 = DIRECTION('',(0.,0.316227766017,-0.948683298051));
#5524 = DIRECTION('',(0.,0.948683298051,0.316227766017));
#5525 = SPHERICAL_SURFACE('',#5526,5.E-02);
#5526 = AXIS2_PLACEMENT_3D('',#5527,#5528,#5529);
#5527 = CARTESIAN_POINT('',(0.85,0.313962038997,0.85));
#5528 = DIRECTION('',(-1.,0.,0.));
#5529 = DIRECTION('',(0.,0.,1.));
#5530 = ADVANCED_FACE('',(#5531),#5543,.T.);
#5531 = FACE_BOUND('',#5532,.T.);
#5532 = EDGE_LOOP('',(#5533,#5534,#5535,#5542));
#5533 = ORIENTED_EDGE('',*,*,#5500,.T.);
#5534 = ORIENTED_EDGE('',*,*,#5228,.F.);
#5535 = ORIENTED_EDGE('',*,*,#5536,.F.);
#5536 = EDGE_CURVE('',#5251,#5221,#5537,.T.);
#5537 = CIRCLE('',#5538,5.E-02);
#5538 = AXIS2_PLACEMENT_3D('',#5539,#5540,#5541);
#5539 = CARTESIAN_POINT('',(-0.85,-0.313962038997,0.85));
#5540 = DIRECTION('',(-1.,0.,0.));
#5541 = DIRECTION('',(0.,0.,1.));
#5542 = ORIENTED_EDGE('',*,*,#5250,.T.);
#5543 = CYLINDRICAL_SURFACE('',#5544,5.E-02);
#5544 = AXIS2_PLACEMENT_3D('',#5545,#5546,#5547);
#5545 = CARTESIAN_POINT('',(0.,-0.313962038997,0.85));
#5546 = DIRECTION('',(1.,0.,0.));
#5547 = DIRECTION('',(0.,0.,-1.));
#5548 = ADVANCED_FACE('',(#5549),#5567,.T.);
#5549 = FACE_BOUND('',#5550,.T.);
#5550 = EDGE_LOOP('',(#5551,#5558,#5559,#5566));
#5551 = ORIENTED_EDGE('',*,*,#5552,.T.);
#5552 = EDGE_CURVE('',#4376,#5149,#5553,.T.);
#5553 = ELLIPSE('',#5554,5.151918673611E-02,5.E-02);
#5554 = AXIS2_PLACEMENT_3D('',#5555,#5556,#5557);
#5555 = CARTESIAN_POINT('',(-0.85,-0.398638665609,0.595970120166));
#5556 = DIRECTION('',(0.,7.822095202352E-02,0.99693604743));
#5557 = DIRECTION('',(0.,0.99693604743,-7.822095202352E-02));
#5558 = ORIENTED_EDGE('',*,*,#5260,.F.);
#5559 = ORIENTED_EDGE('',*,*,#5560,.F.);
#5560 = EDGE_CURVE('',#4384,#5251,#5561,.T.);
#5561 = CIRCLE('',#5562,5.E-02);
#5562 = AXIS2_PLACEMENT_3D('',#5563,#5564,#5565);
#5563 = CARTESIAN_POINT('',(-0.85,-0.313962038997,0.85));
#5564 = DIRECTION('',(0.,0.316227766017,0.948683298051));
#5565 = DIRECTION('',(0.,-0.948683298051,0.316227766017));
#5566 = ORIENTED_EDGE('',*,*,#4383,.T.);
#5567 = CYLINDRICAL_SURFACE('',#5568,5.E-02);
#5568 = AXIS2_PLACEMENT_3D('',#5569,#5570,#5571);
#5569 = CARTESIAN_POINT('',(-0.85,-0.302565835097,0.884188611699));
#5570 = DIRECTION('',(0.,0.316227766017,0.948683298051));
#5571 = DIRECTION('',(0.,-0.948683298051,0.316227766017));
#5572 = ADVANCED_FACE('',(#5573),#5585,.T.);
#5573 = FACE_BOUND('',#5574,.T.);
#5574 = EDGE_LOOP('',(#5575,#5576,#5577,#5584));
#5575 = ORIENTED_EDGE('',*,*,#5519,.T.);
#5576 = ORIENTED_EDGE('',*,*,#4431,.T.);
#5577 = ORIENTED_EDGE('',*,*,#5578,.F.);
#5578 = EDGE_CURVE('',#4085,#4424,#5579,.T.);
#5579 = ELLIPSE('',#5580,5.151918673611E-02,5.E-02);
#5580 = AXIS2_PLACEMENT_3D('',#5581,#5582,#5583);
#5581 = CARTESIAN_POINT('',(0.85,0.398638665609,0.595970120166));
#5582 = DIRECTION('',(0.,7.822095202352E-02,-0.99693604743));
#5583 = DIRECTION('',(0.,0.99693604743,7.822095202352E-02));
#5584 = ORIENTED_EDGE('',*,*,#4084,.F.);
#5585 = CYLINDRICAL_SURFACE('',#5586,5.E-02);
#5586 = AXIS2_PLACEMENT_3D('',#5587,#5588,#5589);
#5587 = CARTESIAN_POINT('',(0.85,0.302565835097,0.884188611699));
#5588 = DIRECTION('',(0.,0.316227766017,-0.948683298051));
#5589 = DIRECTION('',(0.,0.948683298051,0.316227766017));
#5590 = ADVANCED_FACE('',(#5591),#5602,.T.);
#5591 = FACE_BOUND('',#5592,.T.);
#5592 = EDGE_LOOP('',(#5593,#5594,#5595));
#5593 = ORIENTED_EDGE('',*,*,#5560,.T.);
#5594 = ORIENTED_EDGE('',*,*,#5536,.T.);
#5595 = ORIENTED_EDGE('',*,*,#5596,.T.);
#5596 = EDGE_CURVE('',#5221,#4384,#5597,.T.);
#5597 = CIRCLE('',#5598,5.E-02);
#5598 = AXIS2_PLACEMENT_3D('',#5599,#5600,#5601);
#5599 = CARTESIAN_POINT('',(-0.85,-0.313962038997,0.85));
#5600 = DIRECTION('',(1.084202172486E-15,-1.,0.));
#5601 = DIRECTION('',(1.,1.084202172486E-15,0.));
#5602 = SPHERICAL_SURFACE('',#5603,5.E-02);
#5603 = AXIS2_PLACEMENT_3D('',#5604,#5605,#5606);
#5604 = CARTESIAN_POINT('',(-0.85,-0.313962038997,0.85));
#5605 = DIRECTION('',(-1.,0.,0.));
#5606 = DIRECTION('',(0.,0.,1.));
#5607 = ADVANCED_FACE('',(#5608),#5620,.T.);
#5608 = FACE_BOUND('',#5609,.T.);
#5609 = EDGE_LOOP('',(#5610,#5611,#5612,#5619));
#5610 = ORIENTED_EDGE('',*,*,#5552,.F.);
#5611 = ORIENTED_EDGE('',*,*,#4375,.F.);
#5612 = ORIENTED_EDGE('',*,*,#5613,.F.);
#5613 = EDGE_CURVE('',#5085,#4368,#5614,.T.);
#5614 = CIRCLE('',#5615,5.E-02);
#5615 = AXIS2_PLACEMENT_3D('',#5616,#5617,#5618);
#5616 = CARTESIAN_POINT('',(-0.85,-0.307643645581,5.E-02));
#5617 = DIRECTION('',(1.336813043932E-16,0.164398987305,-0.986393923832)
  );
#5618 = DIRECTION('',(0.,0.986393923832,0.164398987305));
#5619 = ORIENTED_EDGE('',*,*,#5156,.T.);
#5620 = CYLINDRICAL_SURFACE('',#5621,5.E-02);
#5621 = AXIS2_PLACEMENT_3D('',#5622,#5623,#5624);
#5622 = CARTESIAN_POINT('',(-0.85,-0.425004628133,0.754165895311));
#5623 = DIRECTION('',(0.,-0.164398987305,0.986393923832));
#5624 = DIRECTION('',(0.,-0.986393923832,-0.164398987305));
#5625 = ADVANCED_FACE('',(#5626),#5644,.T.);
#5626 = FACE_BOUND('',#5627,.T.);
#5627 = EDGE_LOOP('',(#5628,#5635,#5636,#5643));
#5628 = ORIENTED_EDGE('',*,*,#5629,.F.);
#5629 = EDGE_CURVE('',#5189,#5085,#5630,.T.);
#5630 = CIRCLE('',#5631,5.E-02);
#5631 = AXIS2_PLACEMENT_3D('',#5632,#5633,#5634);
#5632 = CARTESIAN_POINT('',(-0.85,-0.307643645581,5.E-02));
#5633 = DIRECTION('',(-1.,0.,0.));
#5634 = DIRECTION('',(0.,0.,1.));
#5635 = ORIENTED_EDGE('',*,*,#5188,.T.);
#5636 = ORIENTED_EDGE('',*,*,#5637,.F.);
#5637 = EDGE_CURVE('',#5087,#5181,#5638,.T.);
#5638 = ELLIPSE('',#5639,7.071067811865E-02,5.E-02);
#5639 = AXIS2_PLACEMENT_3D('',#5640,#5641,#5642);
#5640 = CARTESIAN_POINT('',(0.85,-0.307643645581,5.E-02));
#5641 = DIRECTION('',(0.707106781187,0.707106781187,0.));
#5642 = DIRECTION('',(0.707106781187,-0.707106781187,0.));
#5643 = ORIENTED_EDGE('',*,*,#5084,.F.);
#5644 = CYLINDRICAL_SURFACE('',#5645,5.E-02);
#5645 = AXIS2_PLACEMENT_3D('',#5646,#5647,#5648);
#5646 = CARTESIAN_POINT('',(-2.844575263026,-0.307643645581,5.E-02));
#5647 = DIRECTION('',(1.,0.,0.));
#5648 = DIRECTION('',(0.,0.,-1.));
#5649 = ADVANCED_FACE('',(#5650),#5663,.T.);
#5650 = FACE_BOUND('',#5651,.T.);
#5651 = EDGE_LOOP('',(#5652,#5653,#5654,#5661,#5662));
#5652 = ORIENTED_EDGE('',*,*,#5637,.T.);
#5653 = ORIENTED_EDGE('',*,*,#5180,.T.);
#5654 = ORIENTED_EDGE('',*,*,#5655,.F.);
#5655 = EDGE_CURVE('',#4416,#5173,#5656,.T.);
#5656 = CIRCLE('',#5657,5.E-02);
#5657 = AXIS2_PLACEMENT_3D('',#5658,#5659,#5660);
#5658 = CARTESIAN_POINT('',(0.85,0.307643645581,5.E-02));
#5659 = DIRECTION('',(0.,1.,1.084202172486E-15));
#5660 = DIRECTION('',(0.,-1.084202172486E-15,1.));
#5661 = ORIENTED_EDGE('',*,*,#4415,.F.);
#5662 = ORIENTED_EDGE('',*,*,#5094,.T.);
#5663 = CYLINDRICAL_SURFACE('',#5664,5.E-02);
#5664 = AXIS2_PLACEMENT_3D('',#5665,#5666,#5667);
#5665 = CARTESIAN_POINT('',(0.85,-0.45,5.E-02));
#5666 = DIRECTION('',(0.,1.,0.));
#5667 = DIRECTION('',(0.,-0.,1.));
#5668 = ADVANCED_FACE('',(#5669),#5681,.T.);
#5669 = FACE_BOUND('',#5670,.T.);
#5670 = EDGE_LOOP('',(#5671,#5672,#5673,#5680));
#5671 = ORIENTED_EDGE('',*,*,#5578,.T.);
#5672 = ORIENTED_EDGE('',*,*,#4423,.T.);
#5673 = ORIENTED_EDGE('',*,*,#5674,.F.);
#5674 = EDGE_CURVE('',#5314,#4416,#5675,.T.);
#5675 = CIRCLE('',#5676,5.E-02);
#5676 = AXIS2_PLACEMENT_3D('',#5677,#5678,#5679);
#5677 = CARTESIAN_POINT('',(0.85,0.307643645581,5.E-02));
#5678 = DIRECTION('',(8.912086959544E-17,-0.164398987305,-0.986393923832
    ));
#5679 = DIRECTION('',(0.,0.986393923832,-0.164398987305));
#5680 = ORIENTED_EDGE('',*,*,#5342,.F.);
#5681 = CYLINDRICAL_SURFACE('',#5682,5.E-02);
#5682 = AXIS2_PLACEMENT_3D('',#5683,#5684,#5685);
#5683 = CARTESIAN_POINT('',(0.85,0.300680303808,8.219949365268E-03));
#5684 = DIRECTION('',(0.,-0.164398987305,-0.986393923832));
#5685 = DIRECTION('',(0.,0.986393923832,-0.164398987305));
#5686 = ADVANCED_FACE('',(#5687),#5699,.T.);
#5687 = FACE_BOUND('',#5688,.T.);
#5688 = EDGE_LOOP('',(#5689,#5690,#5691,#5698));
#5689 = ORIENTED_EDGE('',*,*,#5596,.F.);
#5690 = ORIENTED_EDGE('',*,*,#5220,.F.);
#5691 = ORIENTED_EDGE('',*,*,#5692,.F.);
#5692 = EDGE_CURVE('',#4350,#5211,#5693,.T.);
#5693 = CIRCLE('',#5694,5.E-02);
#5694 = AXIS2_PLACEMENT_3D('',#5695,#5696,#5697);
#5695 = CARTESIAN_POINT('',(-0.85,0.313962038997,0.85));
#5696 = DIRECTION('',(0.,1.,0.));
#5697 = DIRECTION('',(0.,-0.,1.));
#5698 = ORIENTED_EDGE('',*,*,#4391,.T.);
#5699 = CYLINDRICAL_SURFACE('',#5700,5.E-02);
#5700 = AXIS2_PLACEMENT_3D('',#5701,#5702,#5703);
#5701 = CARTESIAN_POINT('',(-0.85,0.,0.85));
#5702 = DIRECTION('',(0.,1.,0.));
#5703 = DIRECTION('',(0.,-0.,1.));
#5704 = ADVANCED_FACE('',(#5705),#5716,.T.);
#5705 = FACE_BOUND('',#5706,.T.);
#5706 = EDGE_LOOP('',(#5707,#5708,#5709));
#5707 = ORIENTED_EDGE('',*,*,#5629,.T.);
#5708 = ORIENTED_EDGE('',*,*,#5613,.T.);
#5709 = ORIENTED_EDGE('',*,*,#5710,.T.);
#5710 = EDGE_CURVE('',#4368,#5189,#5711,.T.);
#5711 = CIRCLE('',#5712,5.E-02);
#5712 = AXIS2_PLACEMENT_3D('',#5713,#5714,#5715);
#5713 = CARTESIAN_POINT('',(-0.85,-0.307643645581,5.E-02));
#5714 = DIRECTION('',(0.,-1.,2.168404344971E-15));
#5715 = DIRECTION('',(0.,-2.168404344971E-15,-1.));
#5716 = SPHERICAL_SURFACE('',#5717,5.E-02);
#5717 = AXIS2_PLACEMENT_3D('',#5718,#5719,#5720);
#5718 = CARTESIAN_POINT('',(-0.85,-0.307643645581,5.E-02));
#5719 = DIRECTION('',(-1.,2.168404344971E-15,4.065758146821E-16));
#5720 = DIRECTION('',(-2.168404344971E-15,-1.,0.));
#5721 = ADVANCED_FACE('',(#5722),#5733,.T.);
#5722 = FACE_BOUND('',#5723,.T.);
#5723 = EDGE_LOOP('',(#5724,#5725,#5726));
#5724 = ORIENTED_EDGE('',*,*,#5674,.T.);
#5725 = ORIENTED_EDGE('',*,*,#5655,.T.);
#5726 = ORIENTED_EDGE('',*,*,#5727,.T.);
#5727 = EDGE_CURVE('',#5173,#5314,#5728,.T.);
#5728 = CIRCLE('',#5729,5.E-02);
#5729 = AXIS2_PLACEMENT_3D('',#5730,#5731,#5732);
#5730 = CARTESIAN_POINT('',(0.85,0.307643645581,5.E-02));
#5731 = DIRECTION('',(1.,-4.396629566708E-15,0.));
#5732 = DIRECTION('',(4.396629566708E-15,1.,0.));
#5733 = SPHERICAL_SURFACE('',#5734,5.E-02);
#5734 = AXIS2_PLACEMENT_3D('',#5735,#5736,#5737);
#5735 = CARTESIAN_POINT('',(0.85,0.307643645581,5.E-02));
#5736 = DIRECTION('',(1.,0.,4.065758146821E-16));
#5737 = DIRECTION('',(4.065758146821E-16,0.,-1.));
#5738 = ADVANCED_FACE('',(#5739),#5750,.T.);
#5739 = FACE_BOUND('',#5740,.T.);
#5740 = EDGE_LOOP('',(#5741,#5742,#5743));
#5741 = ORIENTED_EDGE('',*,*,#5692,.T.);
#5742 = ORIENTED_EDGE('',*,*,#5469,.T.);
#5743 = ORIENTED_EDGE('',*,*,#5744,.F.);
#5744 = EDGE_CURVE('',#4350,#4069,#5745,.T.);
#5745 = CIRCLE('',#5746,5.E-02);
#5746 = AXIS2_PLACEMENT_3D('',#5747,#5748,#5749);
#5747 = CARTESIAN_POINT('',(-0.85,0.313962038997,0.85));
#5748 = DIRECTION('',(0.,0.316227766017,-0.948683298051));
#5749 = DIRECTION('',(0.,0.948683298051,0.316227766017));
#5750 = SPHERICAL_SURFACE('',#5751,5.E-02);
#5751 = AXIS2_PLACEMENT_3D('',#5752,#5753,#5754);
#5752 = CARTESIAN_POINT('',(-0.85,0.313962038997,0.85));
#5753 = DIRECTION('',(1.,0.,0.));
#5754 = DIRECTION('',(0.,0.,-1.));
#5755 = ADVANCED_FACE('',(#5756),#5768,.T.);
#5756 = FACE_BOUND('',#5757,.T.);
#5757 = EDGE_LOOP('',(#5758,#5759,#5760,#5767));
#5758 = ORIENTED_EDGE('',*,*,#5710,.F.);
#5759 = ORIENTED_EDGE('',*,*,#4367,.F.);
#5760 = ORIENTED_EDGE('',*,*,#5761,.F.);
#5761 = EDGE_CURVE('',#5171,#4360,#5762,.T.);
#5762 = CIRCLE('',#5763,5.E-02);
#5763 = AXIS2_PLACEMENT_3D('',#5764,#5765,#5766);
#5764 = CARTESIAN_POINT('',(-0.85,0.307643645581,5.E-02));
#5765 = DIRECTION('',(-1.084202172486E-15,1.,0.));
#5766 = DIRECTION('',(-1.,-1.084202172486E-15,0.));
#5767 = ORIENTED_EDGE('',*,*,#5196,.T.);
#5768 = CYLINDRICAL_SURFACE('',#5769,5.E-02);
#5769 = AXIS2_PLACEMENT_3D('',#5770,#5771,#5772);
#5770 = CARTESIAN_POINT('',(-0.85,0.45,5.E-02));
#5771 = DIRECTION('',(0.,-1.,0.));
#5772 = DIRECTION('',(0.,0.,-1.));
#5773 = ADVANCED_FACE('',(#5774),#5786,.T.);
#5774 = FACE_BOUND('',#5775,.T.);
#5775 = EDGE_LOOP('',(#5776,#5777,#5778,#5785));
#5776 = ORIENTED_EDGE('',*,*,#5727,.F.);
#5777 = ORIENTED_EDGE('',*,*,#5170,.F.);
#5778 = ORIENTED_EDGE('',*,*,#5779,.F.);
#5779 = EDGE_CURVE('',#5312,#5171,#5780,.T.);
#5780 = CIRCLE('',#5781,5.E-02);
#5781 = AXIS2_PLACEMENT_3D('',#5782,#5783,#5784);
#5782 = CARTESIAN_POINT('',(-0.85,0.307643645581,5.E-02));
#5783 = DIRECTION('',(-1.,0.,0.));
#5784 = DIRECTION('',(0.,0.,1.));
#5785 = ORIENTED_EDGE('',*,*,#5311,.T.);
#5786 = CYLINDRICAL_SURFACE('',#5787,5.E-02);
#5787 = AXIS2_PLACEMENT_3D('',#5788,#5789,#5790);
#5788 = CARTESIAN_POINT('',(0.,0.307643645581,5.E-02));
#5789 = DIRECTION('',(1.,0.,0.));
#5790 = DIRECTION('',(0.,0.,-1.));
#5791 = ADVANCED_FACE('',(#5792),#5804,.T.);
#5792 = FACE_BOUND('',#5793,.T.);
#5793 = EDGE_LOOP('',(#5794,#5795,#5796,#5803));
#5794 = ORIENTED_EDGE('',*,*,#5744,.T.);
#5795 = ORIENTED_EDGE('',*,*,#4068,.T.);
#5796 = ORIENTED_EDGE('',*,*,#5797,.F.);
#5797 = EDGE_CURVE('',#4352,#4059,#5798,.T.);
#5798 = ELLIPSE('',#5799,5.151918673611E-02,5.E-02);
#5799 = AXIS2_PLACEMENT_3D('',#5800,#5801,#5802);
#5800 = CARTESIAN_POINT('',(-0.85,0.398638665609,0.595970120166));
#5801 = DIRECTION('',(0.,7.822095202352E-02,-0.99693604743));
#5802 = DIRECTION('',(0.,0.99693604743,7.822095202352E-02));
#5803 = ORIENTED_EDGE('',*,*,#4349,.F.);
#5804 = CYLINDRICAL_SURFACE('',#5805,5.E-02);
#5805 = AXIS2_PLACEMENT_3D('',#5806,#5807,#5808);
#5806 = CARTESIAN_POINT('',(-0.85,0.312565835097,0.854188611699));
#5807 = DIRECTION('',(0.,0.316227766017,-0.948683298051));
#5808 = DIRECTION('',(0.,0.948683298051,0.316227766017));
#5809 = ADVANCED_FACE('',(#5810),#5821,.T.);
#5810 = FACE_BOUND('',#5811,.T.);
#5811 = EDGE_LOOP('',(#5812,#5813,#5814));
#5812 = ORIENTED_EDGE('',*,*,#5779,.T.);
#5813 = ORIENTED_EDGE('',*,*,#5761,.T.);
#5814 = ORIENTED_EDGE('',*,*,#5815,.T.);
#5815 = EDGE_CURVE('',#4360,#5312,#5816,.T.);
#5816 = CIRCLE('',#5817,5.E-02);
#5817 = AXIS2_PLACEMENT_3D('',#5818,#5819,#5820);
#5818 = CARTESIAN_POINT('',(-0.85,0.307643645581,5.E-02));
#5819 = DIRECTION('',(0.,-0.164398987305,-0.986393923832));
#5820 = DIRECTION('',(0.,0.986393923832,-0.164398987305));
#5821 = SPHERICAL_SURFACE('',#5822,5.E-02);
#5822 = AXIS2_PLACEMENT_3D('',#5823,#5824,#5825);
#5823 = CARTESIAN_POINT('',(-0.85,0.307643645581,5.E-02));
#5824 = DIRECTION('',(-1.,0.,4.065758146821E-16));
#5825 = DIRECTION('',(4.065758146821E-16,0.,1.));
#5826 = ADVANCED_FACE('',(#5827),#5833,.T.);
#5827 = FACE_BOUND('',#5828,.T.);
#5828 = EDGE_LOOP('',(#5829,#5830,#5831,#5832));
#5829 = ORIENTED_EDGE('',*,*,#5797,.T.);
#5830 = ORIENTED_EDGE('',*,*,#5321,.T.);
#5831 = ORIENTED_EDGE('',*,*,#5815,.F.);
#5832 = ORIENTED_EDGE('',*,*,#4359,.F.);
#5833 = CYLINDRICAL_SURFACE('',#5834,5.E-02);
#5834 = AXIS2_PLACEMENT_3D('',#5835,#5836,#5837);
#5835 = CARTESIAN_POINT('',(-0.85,0.449328952457,0.900111841257));
#5836 = DIRECTION('',(0.,-0.164398987305,-0.986393923832));
#5837 = DIRECTION('',(0.,0.986393923832,-0.164398987305));
#5838 = ( GEOMETRIC_REPRESENTATION_CONTEXT(3) 
GLOBAL_UNCERTAINTY_ASSIGNED_CONTEXT((#5842)) 
GLOBAL_UNIT_ASSIGNED_CONTEXT((#5839,#5840,#5841)) REPRESENTATION_CONTEXT
('Context #1','3D Context with UNIT and UNCERTAINTY') );
#5839 = ( LENGTH_UNIT() NAMED_UNIT(*) SI_UNIT(.MILLI.,.METRE.) );
#5840 = ( NAMED_UNIT(*) PLANE_ANGLE_UNIT() SI_UNIT($,.RADIAN.) );
#5841 = ( NAMED_UNIT(*) SI_UNIT($,.STERADIAN.) SOLID_ANGLE_UNIT() );
#5842 = UNCERTAINTY_MEASURE_WITH_UNIT(LENGTH_MEASURE(5.E-07),#5839,
  'distance_accuracy_value','confusion accuracy');
#5843 = CONTEXT_DEPENDENT_SHAPE_REPRESENTATION(#5844,#5846);
#5844 = ( REPRESENTATION_RELATIONSHIP('','',#4051,#10) 
REPRESENTATION_RELATIONSHIP_WITH_TRANSFORMATION(#5845) 
SHAPE_REPRESENTATION_RELATIONSHIP() );
#5845 = ITEM_DEFINED_TRANSFORMATION('','',#11,#39);
#5846 = PRODUCT_DEFINITION_SHAPE('Placement','Placement of an item',
  #5847);
#5847 = NEXT_ASSEMBLY_USAGE_OCCURRENCE('7','Q2','',#5,#4046,$);
#5848 = PRODUCT_RELATED_PRODUCT_CATEGORY('part',$,(#4048));
#5849 = CONTEXT_DEPENDENT_SHAPE_REPRESENTATION(#5850,#5852);
#5850 = ( REPRESENTATION_RELATIONSHIP('','',#152,#10) 
REPRESENTATION_RELATIONSHIP_WITH_TRANSFORMATION(#5851) 
SHAPE_REPRESENTATION_RELATIONSHIP() );
#5851 = ITEM_DEFINED_TRANSFORMATION('','',#11,#43);
#5852 = PRODUCT_DEFINITION_SHAPE('Placement','Placement of an item',
  #5853);
#5853 = NEXT_ASSEMBLY_USAGE_OCCURRENCE('8','R2','',#5,#147,$);
#5854 = CONTEXT_DEPENDENT_SHAPE_REPRESENTATION(#5855,#5857);
#5855 = ( REPRESENTATION_RELATIONSHIP('','',#152,#10) 
REPRESENTATION_RELATIONSHIP_WITH_TRANSFORMATION(#5856) 
SHAPE_REPRESENTATION_RELATIONSHIP() );
#5856 = ITEM_DEFINED_TRANSFORMATION('','',#11,#47);
#5857 = PRODUCT_DEFINITION_SHAPE('Placement','Placement of an item',
  #5858);
#5858 = NEXT_ASSEMBLY_USAGE_OCCURRENCE('9','R6','',#5,#147,$);
#5859 = CONTEXT_DEPENDENT_SHAPE_REPRESENTATION(#5860,#5862);
#5860 = ( REPRESENTATION_RELATIONSHIP('','',#961,#10) 
REPRESENTATION_RELATIONSHIP_WITH_TRANSFORMATION(#5861) 
SHAPE_REPRESENTATION_RELATIONSHIP() );
#5861 = ITEM_DEFINED_TRANSFORMATION('','',#11,#51);
#5862 = PRODUCT_DEFINITION_SHAPE('Placement','Placement of an item',
  #5863);
#5863 = NEXT_ASSEMBLY_USAGE_OCCURRENCE('10','C2','',#5,#956,$);
#5864 = CONTEXT_DEPENDENT_SHAPE_REPRESENTATION(#5865,#5867);
#5865 = ( REPRESENTATION_RELATIONSHIP('','',#961,#10) 
REPRESENTATION_RELATIONSHIP_WITH_TRANSFORMATION(#5866) 
SHAPE_REPRESENTATION_RELATIONSHIP() );
#5866 = ITEM_DEFINED_TRANSFORMATION('','',#11,#55);
#5867 = PRODUCT_DEFINITION_SHAPE('Placement','Placement of an item',
  #5868);
#5868 = NEXT_ASSEMBLY_USAGE_OCCURRENCE('11','C14','',#5,#956,$);
#5869 = SHAPE_DEFINITION_REPRESENTATION(#5870,#5876);
#5870 = PRODUCT_DEFINITION_SHAPE('','',#5871);
#5871 = PRODUCT_DEFINITION('design','',#5872,#5875);
#5872 = PRODUCT_DEFINITION_FORMATION('','',#5873);
#5873 = PRODUCT('ST_UFQFPN-20_3x3mm_P0.5mm','ST_UFQFPN-20_3x3mm_P0.5mm',
  '',(#5874));
#5874 = PRODUCT_CONTEXT('',#2,'mechanical');
#5875 = PRODUCT_DEFINITION_CONTEXT('part definition',#2,'design');
#5876 = ADVANCED_BREP_SHAPE_REPRESENTATION('',(#11,#5877),#10032);
#5877 = MANIFOLD_SOLID_BREP('',#5878);
#5878 = CLOSED_SHELL('',(#5879,#5919,#5966,#5990,#6030,#6047,#6704,#6836
    ,#6848,#6987,#7027,#7051,#7084,#7124,#7164,#7188,#7212,#7245,#7278,
    #7318,#7358,#7382,#7406,#7439,#7472,#7512,#7552,#7576,#7600,#7633,
    #7666,#7706,#7746,#7770,#7794,#7827,#7860,#7999,#8131,#8171,#8211,
    #8235,#8259,#8292,#8325,#8365,#8405,#8429,#8453,#8486,#8519,#8559,
    #8599,#8623,#8647,#8680,#8713,#8753,#8793,#8817,#8841,#8874,#8907,
    #8947,#8987,#9011,#9035,#9068,#9101,#9124,#9141,#9158,#9175,#9192,
    #9209,#9226,#9243,#9260,#9277,#9294,#9306,#9323,#9335,#9352,#9364,
    #9381,#9393,#9410,#9422,#9439,#9451,#9468,#9480,#9497,#9509,#9526,
    #9538,#9555,#9572,#9589,#9606,#9623,#9640,#9657,#9674,#9691,#9708,
    #9725,#9737,#9754,#9766,#9783,#9795,#9812,#9824,#9841,#9853,#9870,
    #9882,#9899,#9911,#9928,#9940,#9957,#9969,#9986,#9998,#10023));
#5879 = ADVANCED_FACE('',(#5880),#5914,.F.);
#5880 = FACE_BOUND('',#5881,.F.);
#5881 = EDGE_LOOP('',(#5882,#5892,#5900,#5908));
#5882 = ORIENTED_EDGE('',*,*,#5883,.T.);
#5883 = EDGE_CURVE('',#5884,#5886,#5888,.T.);
#5884 = VERTEX_POINT('',#5885);
#5885 = CARTESIAN_POINT('',(-1.1,1.5,0.));
#5886 = VERTEX_POINT('',#5887);
#5887 = CARTESIAN_POINT('',(-1.1,1.25,0.));
#5888 = LINE('',#5889,#5890);
#5889 = CARTESIAN_POINT('',(-1.1,1.5,0.));
#5890 = VECTOR('',#5891,1.);
#5891 = DIRECTION('',(-4.555315873023E-16,-1.,0.));
#5892 = ORIENTED_EDGE('',*,*,#5893,.T.);
#5893 = EDGE_CURVE('',#5886,#5894,#5896,.T.);
#5894 = VERTEX_POINT('',#5895);
#5895 = CARTESIAN_POINT('',(-0.9,1.25,0.));
#5896 = LINE('',#5897,#5898);
#5897 = CARTESIAN_POINT('',(-1.1,1.25,0.));
#5898 = VECTOR('',#5899,1.);
#5899 = DIRECTION('',(1.,-4.555315873023E-16,0.));
#5900 = ORIENTED_EDGE('',*,*,#5901,.T.);
#5901 = EDGE_CURVE('',#5894,#5902,#5904,.T.);
#5902 = VERTEX_POINT('',#5903);
#5903 = CARTESIAN_POINT('',(-0.9,1.5,0.));
#5904 = LINE('',#5905,#5906);
#5905 = CARTESIAN_POINT('',(-0.9,1.25,0.));
#5906 = VECTOR('',#5907,1.);
#5907 = DIRECTION('',(4.555315873023E-16,1.,0.));
#5908 = ORIENTED_EDGE('',*,*,#5909,.T.);
#5909 = EDGE_CURVE('',#5902,#5884,#5910,.T.);
#5910 = LINE('',#5911,#5912);
#5911 = CARTESIAN_POINT('',(-0.9,1.5,0.));
#5912 = VECTOR('',#5913,1.);
#5913 = DIRECTION('',(-1.,4.555315873023E-16,0.));
#5914 = PLANE('',#5915);
#5915 = AXIS2_PLACEMENT_3D('',#5916,#5917,#5918);
#5916 = CARTESIAN_POINT('',(-1.,1.375,0.));
#5917 = DIRECTION('',(0.,0.,1.));
#5918 = DIRECTION('',(-1.,4.555315873023E-16,0.));
#5919 = ADVANCED_FACE('',(#5920),#5961,.F.);
#5920 = FACE_BOUND('',#5921,.F.);
#5921 = EDGE_LOOP('',(#5922,#5923,#5931,#5939,#5947,#5955));
#5922 = ORIENTED_EDGE('',*,*,#5883,.F.);
#5923 = ORIENTED_EDGE('',*,*,#5924,.T.);
#5924 = EDGE_CURVE('',#5884,#5925,#5927,.T.);
#5925 = VERTEX_POINT('',#5926);
#5926 = CARTESIAN_POINT('',(-1.1,1.5,0.2));
#5927 = LINE('',#5928,#5929);
#5928 = CARTESIAN_POINT('',(-1.1,1.5,0.));
#5929 = VECTOR('',#5930,1.);
#5930 = DIRECTION('',(0.,0.,1.));
#5931 = ORIENTED_EDGE('',*,*,#5932,.T.);
#5932 = EDGE_CURVE('',#5925,#5933,#5935,.T.);
#5933 = VERTEX_POINT('',#5934);
#5934 = CARTESIAN_POINT('',(-1.1,1.45,0.2));
#5935 = LINE('',#5936,#5937);
#5936 = CARTESIAN_POINT('',(-1.1,1.5,0.2));
#5937 = VECTOR('',#5938,1.);
#5938 = DIRECTION('',(-4.555315873023E-16,-1.,0.));
#5939 = ORIENTED_EDGE('',*,*,#5940,.F.);
#5940 = EDGE_CURVE('',#5941,#5933,#5943,.T.);
#5941 = VERTEX_POINT('',#5942);
#5942 = CARTESIAN_POINT('',(-1.1,1.45,0.1));
#5943 = LINE('',#5944,#5945);
#5944 = CARTESIAN_POINT('',(-1.1,1.45,5.E-02));
#5945 = VECTOR('',#5946,1.);
#5946 = DIRECTION('',(0.,0.,1.));
#5947 = ORIENTED_EDGE('',*,*,#5948,.F.);
#5948 = EDGE_CURVE('',#5949,#5941,#5951,.T.);
#5949 = VERTEX_POINT('',#5950);
#5950 = CARTESIAN_POINT('',(-1.1,1.25,0.1));
#5951 = LINE('',#5952,#5953);
#5952 = CARTESIAN_POINT('',(-1.1,1.475,0.1));
#5953 = VECTOR('',#5954,1.);
#5954 = DIRECTION('',(4.555315873023E-16,1.,0.));
#5955 = ORIENTED_EDGE('',*,*,#5956,.F.);
#5956 = EDGE_CURVE('',#5886,#5949,#5957,.T.);
#5957 = LINE('',#5958,#5959);
#5958 = CARTESIAN_POINT('',(-1.1,1.25,0.));
#5959 = VECTOR('',#5960,1.);
#5960 = DIRECTION('',(0.,0.,1.));
#5961 = PLANE('',#5962);
#5962 = AXIS2_PLACEMENT_3D('',#5963,#5964,#5965);
#5963 = CARTESIAN_POINT('',(-1.1,1.5,0.));
#5964 = DIRECTION('',(1.,-4.555315873023E-16,0.));
#5965 = DIRECTION('',(-4.555315873023E-16,-1.,0.));
#5966 = ADVANCED_FACE('',(#5967),#5985,.F.);
#5967 = FACE_BOUND('',#5968,.F.);
#5968 = EDGE_LOOP('',(#5969,#5970,#5971,#5979));
#5969 = ORIENTED_EDGE('',*,*,#5893,.F.);
#5970 = ORIENTED_EDGE('',*,*,#5956,.T.);
#5971 = ORIENTED_EDGE('',*,*,#5972,.F.);
#5972 = EDGE_CURVE('',#5973,#5949,#5975,.T.);
#5973 = VERTEX_POINT('',#5974);
#5974 = CARTESIAN_POINT('',(-0.9,1.25,0.1));
#5975 = LINE('',#5976,#5977);
#5976 = CARTESIAN_POINT('',(-1.275,1.25,0.1));
#5977 = VECTOR('',#5978,1.);
#5978 = DIRECTION('',(-1.,4.555315873023E-16,0.));
#5979 = ORIENTED_EDGE('',*,*,#5980,.F.);
#5980 = EDGE_CURVE('',#5894,#5973,#5981,.T.);
#5981 = LINE('',#5982,#5983);
#5982 = CARTESIAN_POINT('',(-0.9,1.25,0.));
#5983 = VECTOR('',#5984,1.);
#5984 = DIRECTION('',(0.,0.,1.));
#5985 = PLANE('',#5986);
#5986 = AXIS2_PLACEMENT_3D('',#5987,#5988,#5989);
#5987 = CARTESIAN_POINT('',(-1.1,1.25,0.));
#5988 = DIRECTION('',(4.555315873023E-16,1.,0.));
#5989 = DIRECTION('',(1.,-4.555315873023E-16,0.));
#5990 = ADVANCED_FACE('',(#5991),#6025,.F.);
#5991 = FACE_BOUND('',#5992,.F.);
#5992 = EDGE_LOOP('',(#5993,#5994,#5995,#6003,#6011,#6019));
#5993 = ORIENTED_EDGE('',*,*,#5901,.F.);
#5994 = ORIENTED_EDGE('',*,*,#5980,.T.);
#5995 = ORIENTED_EDGE('',*,*,#5996,.F.);
#5996 = EDGE_CURVE('',#5997,#5973,#5999,.T.);
#5997 = VERTEX_POINT('',#5998);
#5998 = CARTESIAN_POINT('',(-0.9,1.45,0.1));
#5999 = LINE('',#6000,#6001);
#6000 = CARTESIAN_POINT('',(-0.9,1.35,0.1));
#6001 = VECTOR('',#6002,1.);
#6002 = DIRECTION('',(-4.555315873023E-16,-1.,0.));
#6003 = ORIENTED_EDGE('',*,*,#6004,.F.);
#6004 = EDGE_CURVE('',#6005,#5997,#6007,.T.);
#6005 = VERTEX_POINT('',#6006);
#6006 = CARTESIAN_POINT('',(-0.9,1.45,0.2));
#6007 = LINE('',#6008,#6009);
#6008 = CARTESIAN_POINT('',(-0.9,1.45,5.E-02));
#6009 = VECTOR('',#6010,1.);
#6010 = DIRECTION('',(-0.,0.,-1.));
#6011 = ORIENTED_EDGE('',*,*,#6012,.T.);
#6012 = EDGE_CURVE('',#6005,#6013,#6015,.T.);
#6013 = VERTEX_POINT('',#6014);
#6014 = CARTESIAN_POINT('',(-0.9,1.5,0.2));
#6015 = LINE('',#6016,#6017);
#6016 = CARTESIAN_POINT('',(-0.9,1.25,0.2));
#6017 = VECTOR('',#6018,1.);
#6018 = DIRECTION('',(4.555315873023E-16,1.,0.));
#6019 = ORIENTED_EDGE('',*,*,#6020,.F.);
#6020 = EDGE_CURVE('',#5902,#6013,#6021,.T.);
#6021 = LINE('',#6022,#6023);
#6022 = CARTESIAN_POINT('',(-0.9,1.5,0.));
#6023 = VECTOR('',#6024,1.);
#6024 = DIRECTION('',(0.,0.,1.));
#6025 = PLANE('',#6026);
#6026 = AXIS2_PLACEMENT_3D('',#6027,#6028,#6029);
#6027 = CARTESIAN_POINT('',(-0.9,1.25,0.));
#6028 = DIRECTION('',(-1.,4.555315873023E-16,0.));
#6029 = DIRECTION('',(4.555315873023E-16,1.,0.));
#6030 = ADVANCED_FACE('',(#6031),#6042,.F.);
#6031 = FACE_BOUND('',#6032,.F.);
#6032 = EDGE_LOOP('',(#6033,#6034,#6040,#6041));
#6033 = ORIENTED_EDGE('',*,*,#6020,.T.);
#6034 = ORIENTED_EDGE('',*,*,#6035,.T.);
#6035 = EDGE_CURVE('',#6013,#5925,#6036,.T.);
#6036 = LINE('',#6037,#6038);
#6037 = CARTESIAN_POINT('',(-0.9,1.5,0.2));
#6038 = VECTOR('',#6039,1.);
#6039 = DIRECTION('',(-1.,4.555315873023E-16,0.));
#6040 = ORIENTED_EDGE('',*,*,#5924,.F.);
#6041 = ORIENTED_EDGE('',*,*,#5909,.F.);
#6042 = PLANE('',#6043);
#6043 = AXIS2_PLACEMENT_3D('',#6044,#6045,#6046);
#6044 = CARTESIAN_POINT('',(-0.9,1.5,0.));
#6045 = DIRECTION('',(-4.555315873023E-16,-1.,0.));
#6046 = DIRECTION('',(-1.,4.555315873023E-16,0.));
#6047 = ADVANCED_FACE('',(#6048),#6699,.F.);
#6048 = FACE_BOUND('',#6049,.F.);
#6049 = EDGE_LOOP('',(#6050,#6058,#6066,#6074,#6082,#6090,#6098,#6106,
    #6114,#6122,#6130,#6138,#6146,#6154,#6162,#6170,#6178,#6186,#6194,
    #6202,#6210,#6218,#6226,#6234,#6242,#6250,#6258,#6266,#6274,#6282,
    #6290,#6298,#6306,#6314,#6322,#6330,#6338,#6346,#6354,#6362,#6370,
    #6378,#6386,#6394,#6402,#6410,#6418,#6426,#6434,#6442,#6450,#6458,
    #6466,#6474,#6482,#6490,#6498,#6506,#6514,#6522,#6530,#6538,#6546,
    #6554,#6562,#6570,#6578,#6586,#6594,#6602,#6610,#6618,#6626,#6634,
    #6642,#6650,#6658,#6666,#6674,#6682,#6690,#6696,#6697,#6698));
#6050 = ORIENTED_EDGE('',*,*,#6051,.F.);
#6051 = EDGE_CURVE('',#6052,#5941,#6054,.T.);
#6052 = VERTEX_POINT('',#6053);
#6053 = CARTESIAN_POINT('',(-1.45,1.45,0.1));
#6054 = LINE('',#6055,#6056);
#6055 = CARTESIAN_POINT('',(-1.45,1.45,0.1));
#6056 = VECTOR('',#6057,1.);
#6057 = DIRECTION('',(1.,-2.22044604925E-16,0.));
#6058 = ORIENTED_EDGE('',*,*,#6059,.T.);
#6059 = EDGE_CURVE('',#6052,#6060,#6062,.T.);
#6060 = VERTEX_POINT('',#6061);
#6061 = CARTESIAN_POINT('',(-1.45,1.1,0.1));
#6062 = LINE('',#6063,#6064);
#6063 = CARTESIAN_POINT('',(-1.45,1.45,0.1));
#6064 = VECTOR('',#6065,1.);
#6065 = DIRECTION('',(-2.22044604925E-16,-1.,0.));
#6066 = ORIENTED_EDGE('',*,*,#6067,.T.);
#6067 = EDGE_CURVE('',#6060,#6068,#6070,.T.);
#6068 = VERTEX_POINT('',#6069);
#6069 = CARTESIAN_POINT('',(-1.25,1.1,0.1));
#6070 = LINE('',#6071,#6072);
#6071 = CARTESIAN_POINT('',(-1.35,1.1,0.1));
#6072 = VECTOR('',#6073,1.);
#6073 = DIRECTION('',(1.,-4.669739647545E-16,0.));
#6074 = ORIENTED_EDGE('',*,*,#6075,.T.);
#6075 = EDGE_CURVE('',#6068,#6076,#6078,.T.);
#6076 = VERTEX_POINT('',#6077);
#6077 = CARTESIAN_POINT('',(-1.25,0.9,0.1));
#6078 = LINE('',#6079,#6080);
#6079 = CARTESIAN_POINT('',(-1.25,1.175,0.1));
#6080 = VECTOR('',#6081,1.);
#6081 = DIRECTION('',(-4.669739647545E-16,-1.,0.));
#6082 = ORIENTED_EDGE('',*,*,#6083,.T.);
#6083 = EDGE_CURVE('',#6076,#6084,#6086,.T.);
#6084 = VERTEX_POINT('',#6085);
#6085 = CARTESIAN_POINT('',(-1.45,0.9,0.1));
#6086 = LINE('',#6087,#6088);
#6087 = CARTESIAN_POINT('',(-1.475,0.9,0.1));
#6088 = VECTOR('',#6089,1.);
#6089 = DIRECTION('',(-1.,4.669739647545E-16,0.));
#6090 = ORIENTED_EDGE('',*,*,#6091,.T.);
#6091 = EDGE_CURVE('',#6084,#6092,#6094,.T.);
#6092 = VERTEX_POINT('',#6093);
#6093 = CARTESIAN_POINT('',(-1.45,0.6,0.1));
#6094 = LINE('',#6095,#6096);
#6095 = CARTESIAN_POINT('',(-1.45,1.45,0.1));
#6096 = VECTOR('',#6097,1.);
#6097 = DIRECTION('',(-2.22044604925E-16,-1.,0.));
#6098 = ORIENTED_EDGE('',*,*,#6099,.T.);
#6099 = EDGE_CURVE('',#6092,#6100,#6102,.T.);
#6100 = VERTEX_POINT('',#6101);
#6101 = CARTESIAN_POINT('',(-1.25,0.6,0.1));
#6102 = LINE('',#6103,#6104);
#6103 = CARTESIAN_POINT('',(-1.35,0.6,0.1));
#6104 = VECTOR('',#6105,1.);
#6105 = DIRECTION('',(1.,-4.669739647545E-16,0.));
#6106 = ORIENTED_EDGE('',*,*,#6107,.T.);
#6107 = EDGE_CURVE('',#6100,#6108,#6110,.T.);
#6108 = VERTEX_POINT('',#6109);
#6109 = CARTESIAN_POINT('',(-1.25,0.4,0.1));
#6110 = LINE('',#6111,#6112);
#6111 = CARTESIAN_POINT('',(-1.25,0.925,0.1));
#6112 = VECTOR('',#6113,1.);
#6113 = DIRECTION('',(-4.669739647545E-16,-1.,0.));
#6114 = ORIENTED_EDGE('',*,*,#6115,.T.);
#6115 = EDGE_CURVE('',#6108,#6116,#6118,.T.);
#6116 = VERTEX_POINT('',#6117);
#6117 = CARTESIAN_POINT('',(-1.45,0.4,0.1));
#6118 = LINE('',#6119,#6120);
#6119 = CARTESIAN_POINT('',(-1.475,0.4,0.1));
#6120 = VECTOR('',#6121,1.);
#6121 = DIRECTION('',(-1.,4.669739647545E-16,0.));
#6122 = ORIENTED_EDGE('',*,*,#6123,.T.);
#6123 = EDGE_CURVE('',#6116,#6124,#6126,.T.);
#6124 = VERTEX_POINT('',#6125);
#6125 = CARTESIAN_POINT('',(-1.45,0.1,0.1));
#6126 = LINE('',#6127,#6128);
#6127 = CARTESIAN_POINT('',(-1.45,1.45,0.1));
#6128 = VECTOR('',#6129,1.);
#6129 = DIRECTION('',(-2.22044604925E-16,-1.,0.));
#6130 = ORIENTED_EDGE('',*,*,#6131,.T.);
#6131 = EDGE_CURVE('',#6124,#6132,#6134,.T.);
#6132 = VERTEX_POINT('',#6133);
#6133 = CARTESIAN_POINT('',(-1.25,0.1,0.1));
#6134 = LINE('',#6135,#6136);
#6135 = CARTESIAN_POINT('',(-1.35,0.1,0.1));
#6136 = VECTOR('',#6137,1.);
#6137 = DIRECTION('',(1.,-4.669739647545E-16,0.));
#6138 = ORIENTED_EDGE('',*,*,#6139,.T.);
#6139 = EDGE_CURVE('',#6132,#6140,#6142,.T.);
#6140 = VERTEX_POINT('',#6141);
#6141 = CARTESIAN_POINT('',(-1.25,-0.1,0.1));
#6142 = LINE('',#6143,#6144);
#6143 = CARTESIAN_POINT('',(-1.25,0.675,0.1));
#6144 = VECTOR('',#6145,1.);
#6145 = DIRECTION('',(-4.669739647545E-16,-1.,0.));
#6146 = ORIENTED_EDGE('',*,*,#6147,.T.);
#6147 = EDGE_CURVE('',#6140,#6148,#6150,.T.);
#6148 = VERTEX_POINT('',#6149);
#6149 = CARTESIAN_POINT('',(-1.45,-0.1,0.1));
#6150 = LINE('',#6151,#6152);
#6151 = CARTESIAN_POINT('',(-1.475,-0.1,0.1));
#6152 = VECTOR('',#6153,1.);
#6153 = DIRECTION('',(-1.,4.669739647545E-16,0.));
#6154 = ORIENTED_EDGE('',*,*,#6155,.T.);
#6155 = EDGE_CURVE('',#6148,#6156,#6158,.T.);
#6156 = VERTEX_POINT('',#6157);
#6157 = CARTESIAN_POINT('',(-1.45,-0.4,0.1));
#6158 = LINE('',#6159,#6160);
#6159 = CARTESIAN_POINT('',(-1.45,1.45,0.1));
#6160 = VECTOR('',#6161,1.);
#6161 = DIRECTION('',(-2.22044604925E-16,-1.,0.));
#6162 = ORIENTED_EDGE('',*,*,#6163,.T.);
#6163 = EDGE_CURVE('',#6156,#6164,#6166,.T.);
#6164 = VERTEX_POINT('',#6165);
#6165 = CARTESIAN_POINT('',(-1.25,-0.4,0.1));
#6166 = LINE('',#6167,#6168);
#6167 = CARTESIAN_POINT('',(-1.35,-0.4,0.1));
#6168 = VECTOR('',#6169,1.);
#6169 = DIRECTION('',(1.,-4.669739647545E-16,0.));
#6170 = ORIENTED_EDGE('',*,*,#6171,.T.);
#6171 = EDGE_CURVE('',#6164,#6172,#6174,.T.);
#6172 = VERTEX_POINT('',#6173);
#6173 = CARTESIAN_POINT('',(-1.25,-0.6,0.1));
#6174 = LINE('',#6175,#6176);
#6175 = CARTESIAN_POINT('',(-1.25,0.425,0.1));
#6176 = VECTOR('',#6177,1.);
#6177 = DIRECTION('',(-4.669739647545E-16,-1.,0.));
#6178 = ORIENTED_EDGE('',*,*,#6179,.T.);
#6179 = EDGE_CURVE('',#6172,#6180,#6182,.T.);
#6180 = VERTEX_POINT('',#6181);
#6181 = CARTESIAN_POINT('',(-1.45,-0.6,0.1));
#6182 = LINE('',#6183,#6184);
#6183 = CARTESIAN_POINT('',(-1.475,-0.6,0.1));
#6184 = VECTOR('',#6185,1.);
#6185 = DIRECTION('',(-1.,4.669739647545E-16,0.));
#6186 = ORIENTED_EDGE('',*,*,#6187,.T.);
#6187 = EDGE_CURVE('',#6180,#6188,#6190,.T.);
#6188 = VERTEX_POINT('',#6189);
#6189 = CARTESIAN_POINT('',(-1.45,-0.9,0.1));
#6190 = LINE('',#6191,#6192);
#6191 = CARTESIAN_POINT('',(-1.45,1.45,0.1));
#6192 = VECTOR('',#6193,1.);
#6193 = DIRECTION('',(-2.22044604925E-16,-1.,0.));
#6194 = ORIENTED_EDGE('',*,*,#6195,.T.);
#6195 = EDGE_CURVE('',#6188,#6196,#6198,.T.);
#6196 = VERTEX_POINT('',#6197);
#6197 = CARTESIAN_POINT('',(-1.25,-0.9,0.1));
#6198 = LINE('',#6199,#6200);
#6199 = CARTESIAN_POINT('',(-1.35,-0.9,0.1));
#6200 = VECTOR('',#6201,1.);
#6201 = DIRECTION('',(1.,-4.669739647545E-16,0.));
#6202 = ORIENTED_EDGE('',*,*,#6203,.T.);
#6203 = EDGE_CURVE('',#6196,#6204,#6206,.T.);
#6204 = VERTEX_POINT('',#6205);
#6205 = CARTESIAN_POINT('',(-1.25,-1.1,0.1));
#6206 = LINE('',#6207,#6208);
#6207 = CARTESIAN_POINT('',(-1.25,0.175,0.1));
#6208 = VECTOR('',#6209,1.);
#6209 = DIRECTION('',(-4.669739647545E-16,-1.,0.));
#6210 = ORIENTED_EDGE('',*,*,#6211,.T.);
#6211 = EDGE_CURVE('',#6204,#6212,#6214,.T.);
#6212 = VERTEX_POINT('',#6213);
#6213 = CARTESIAN_POINT('',(-1.45,-1.1,0.1));
#6214 = LINE('',#6215,#6216);
#6215 = CARTESIAN_POINT('',(-1.475,-1.1,0.1));
#6216 = VECTOR('',#6217,1.);
#6217 = DIRECTION('',(-1.,4.669739647545E-16,0.));
#6218 = ORIENTED_EDGE('',*,*,#6219,.T.);
#6219 = EDGE_CURVE('',#6212,#6220,#6222,.T.);
#6220 = VERTEX_POINT('',#6221);
#6221 = CARTESIAN_POINT('',(-1.45,-1.45,0.1));
#6222 = LINE('',#6223,#6224);
#6223 = CARTESIAN_POINT('',(-1.45,1.45,0.1));
#6224 = VECTOR('',#6225,1.);
#6225 = DIRECTION('',(-2.22044604925E-16,-1.,0.));
#6226 = ORIENTED_EDGE('',*,*,#6227,.T.);
#6227 = EDGE_CURVE('',#6220,#6228,#6230,.T.);
#6228 = VERTEX_POINT('',#6229);
#6229 = CARTESIAN_POINT('',(-1.1,-1.45,0.1));
#6230 = LINE('',#6231,#6232);
#6231 = CARTESIAN_POINT('',(-1.45,-1.45,0.1));
#6232 = VECTOR('',#6233,1.);
#6233 = DIRECTION('',(1.,-2.22044604925E-16,0.));
#6234 = ORIENTED_EDGE('',*,*,#6235,.T.);
#6235 = EDGE_CURVE('',#6228,#6236,#6238,.T.);
#6236 = VERTEX_POINT('',#6237);
#6237 = CARTESIAN_POINT('',(-1.1,-1.25,0.1));
#6238 = LINE('',#6239,#6240);
#6239 = CARTESIAN_POINT('',(-1.1,0.1,0.1));
#6240 = VECTOR('',#6241,1.);
#6241 = DIRECTION('',(5.665538897648E-16,1.,0.));
#6242 = ORIENTED_EDGE('',*,*,#6243,.T.);
#6243 = EDGE_CURVE('',#6236,#6244,#6246,.T.);
#6244 = VERTEX_POINT('',#6245);
#6245 = CARTESIAN_POINT('',(-0.9,-1.25,0.1));
#6246 = LINE('',#6247,#6248);
#6247 = CARTESIAN_POINT('',(-1.175,-1.25,0.1));
#6248 = VECTOR('',#6249,1.);
#6249 = DIRECTION('',(1.,-5.665538897648E-16,0.));
#6250 = ORIENTED_EDGE('',*,*,#6251,.T.);
#6251 = EDGE_CURVE('',#6244,#6252,#6254,.T.);
#6252 = VERTEX_POINT('',#6253);
#6253 = CARTESIAN_POINT('',(-0.9,-1.45,0.1));
#6254 = LINE('',#6255,#6256);
#6255 = CARTESIAN_POINT('',(-0.9,-2.5E-02,0.1));
#6256 = VECTOR('',#6257,1.);
#6257 = DIRECTION('',(-5.665538897648E-16,-1.,0.));
#6258 = ORIENTED_EDGE('',*,*,#6259,.T.);
#6259 = EDGE_CURVE('',#6252,#6260,#6262,.T.);
#6260 = VERTEX_POINT('',#6261);
#6261 = CARTESIAN_POINT('',(-0.6,-1.45,0.1));
#6262 = LINE('',#6263,#6264);
#6263 = CARTESIAN_POINT('',(-1.45,-1.45,0.1));
#6264 = VECTOR('',#6265,1.);
#6265 = DIRECTION('',(1.,-2.22044604925E-16,0.));
#6266 = ORIENTED_EDGE('',*,*,#6267,.T.);
#6267 = EDGE_CURVE('',#6260,#6268,#6270,.T.);
#6268 = VERTEX_POINT('',#6269);
#6269 = CARTESIAN_POINT('',(-0.6,-1.25,0.1));
#6270 = LINE('',#6271,#6272);
#6271 = CARTESIAN_POINT('',(-0.6,0.1,0.1));
#6272 = VECTOR('',#6273,1.);
#6273 = DIRECTION('',(5.665538897648E-16,1.,0.));
#6274 = ORIENTED_EDGE('',*,*,#6275,.T.);
#6275 = EDGE_CURVE('',#6268,#6276,#6278,.T.);
#6276 = VERTEX_POINT('',#6277);
#6277 = CARTESIAN_POINT('',(-0.4,-1.25,0.1));
#6278 = LINE('',#6279,#6280);
#6279 = CARTESIAN_POINT('',(-0.925,-1.25,0.1));
#6280 = VECTOR('',#6281,1.);
#6281 = DIRECTION('',(1.,-5.665538897648E-16,0.));
#6282 = ORIENTED_EDGE('',*,*,#6283,.T.);
#6283 = EDGE_CURVE('',#6276,#6284,#6286,.T.);
#6284 = VERTEX_POINT('',#6285);
#6285 = CARTESIAN_POINT('',(-0.4,-1.45,0.1));
#6286 = LINE('',#6287,#6288);
#6287 = CARTESIAN_POINT('',(-0.4,-2.5E-02,0.1));
#6288 = VECTOR('',#6289,1.);
#6289 = DIRECTION('',(-5.665538897648E-16,-1.,0.));
#6290 = ORIENTED_EDGE('',*,*,#6291,.T.);
#6291 = EDGE_CURVE('',#6284,#6292,#6294,.T.);
#6292 = VERTEX_POINT('',#6293);
#6293 = CARTESIAN_POINT('',(-0.1,-1.45,0.1));
#6294 = LINE('',#6295,#6296);
#6295 = CARTESIAN_POINT('',(-1.45,-1.45,0.1));
#6296 = VECTOR('',#6297,1.);
#6297 = DIRECTION('',(1.,-2.22044604925E-16,0.));
#6298 = ORIENTED_EDGE('',*,*,#6299,.T.);
#6299 = EDGE_CURVE('',#6292,#6300,#6302,.T.);
#6300 = VERTEX_POINT('',#6301);
#6301 = CARTESIAN_POINT('',(-0.1,-1.25,0.1));
#6302 = LINE('',#6303,#6304);
#6303 = CARTESIAN_POINT('',(-0.1,0.1,0.1));
#6304 = VECTOR('',#6305,1.);
#6305 = DIRECTION('',(5.665538897648E-16,1.,0.));
#6306 = ORIENTED_EDGE('',*,*,#6307,.T.);
#6307 = EDGE_CURVE('',#6300,#6308,#6310,.T.);
#6308 = VERTEX_POINT('',#6309);
#6309 = CARTESIAN_POINT('',(0.1,-1.25,0.1));
#6310 = LINE('',#6311,#6312);
#6311 = CARTESIAN_POINT('',(-0.675,-1.25,0.1));
#6312 = VECTOR('',#6313,1.);
#6313 = DIRECTION('',(1.,-5.665538897648E-16,0.));
#6314 = ORIENTED_EDGE('',*,*,#6315,.T.);
#6315 = EDGE_CURVE('',#6308,#6316,#6318,.T.);
#6316 = VERTEX_POINT('',#6317);
#6317 = CARTESIAN_POINT('',(0.1,-1.45,0.1));
#6318 = LINE('',#6319,#6320);
#6319 = CARTESIAN_POINT('',(0.1,-2.5E-02,0.1));
#6320 = VECTOR('',#6321,1.);
#6321 = DIRECTION('',(-5.665538897648E-16,-1.,0.));
#6322 = ORIENTED_EDGE('',*,*,#6323,.T.);
#6323 = EDGE_CURVE('',#6316,#6324,#6326,.T.);
#6324 = VERTEX_POINT('',#6325);
#6325 = CARTESIAN_POINT('',(0.4,-1.45,0.1));
#6326 = LINE('',#6327,#6328);
#6327 = CARTESIAN_POINT('',(-1.45,-1.45,0.1));
#6328 = VECTOR('',#6329,1.);
#6329 = DIRECTION('',(1.,-2.22044604925E-16,0.));
#6330 = ORIENTED_EDGE('',*,*,#6331,.T.);
#6331 = EDGE_CURVE('',#6324,#6332,#6334,.T.);
#6332 = VERTEX_POINT('',#6333);
#6333 = CARTESIAN_POINT('',(0.4,-1.25,0.1));
#6334 = LINE('',#6335,#6336);
#6335 = CARTESIAN_POINT('',(0.4,0.1,0.1));
#6336 = VECTOR('',#6337,1.);
#6337 = DIRECTION('',(5.665538897648E-16,1.,0.));
#6338 = ORIENTED_EDGE('',*,*,#6339,.T.);
#6339 = EDGE_CURVE('',#6332,#6340,#6342,.T.);
#6340 = VERTEX_POINT('',#6341);
#6341 = CARTESIAN_POINT('',(0.6,-1.25,0.1));
#6342 = LINE('',#6343,#6344);
#6343 = CARTESIAN_POINT('',(-0.425,-1.25,0.1));
#6344 = VECTOR('',#6345,1.);
#6345 = DIRECTION('',(1.,-5.665538897648E-16,0.));
#6346 = ORIENTED_EDGE('',*,*,#6347,.T.);
#6347 = EDGE_CURVE('',#6340,#6348,#6350,.T.);
#6348 = VERTEX_POINT('',#6349);
#6349 = CARTESIAN_POINT('',(0.6,-1.45,0.1));
#6350 = LINE('',#6351,#6352);
#6351 = CARTESIAN_POINT('',(0.6,-2.5E-02,0.1));
#6352 = VECTOR('',#6353,1.);
#6353 = DIRECTION('',(-5.665538897648E-16,-1.,0.));
#6354 = ORIENTED_EDGE('',*,*,#6355,.T.);
#6355 = EDGE_CURVE('',#6348,#6356,#6358,.T.);
#6356 = VERTEX_POINT('',#6357);
#6357 = CARTESIAN_POINT('',(0.9,-1.45,0.1));
#6358 = LINE('',#6359,#6360);
#6359 = CARTESIAN_POINT('',(-1.45,-1.45,0.1));
#6360 = VECTOR('',#6361,1.);
#6361 = DIRECTION('',(1.,-2.22044604925E-16,0.));
#6362 = ORIENTED_EDGE('',*,*,#6363,.T.);
#6363 = EDGE_CURVE('',#6356,#6364,#6366,.T.);
#6364 = VERTEX_POINT('',#6365);
#6365 = CARTESIAN_POINT('',(0.9,-1.25,0.1));
#6366 = LINE('',#6367,#6368);
#6367 = CARTESIAN_POINT('',(0.9,0.1,0.1));
#6368 = VECTOR('',#6369,1.);
#6369 = DIRECTION('',(5.665538897648E-16,1.,0.));
#6370 = ORIENTED_EDGE('',*,*,#6371,.T.);
#6371 = EDGE_CURVE('',#6364,#6372,#6374,.T.);
#6372 = VERTEX_POINT('',#6373);
#6373 = CARTESIAN_POINT('',(1.1,-1.25,0.1));
#6374 = LINE('',#6375,#6376);
#6375 = CARTESIAN_POINT('',(-0.175,-1.25,0.1));
#6376 = VECTOR('',#6377,1.);
#6377 = DIRECTION('',(1.,-5.665538897648E-16,0.));
#6378 = ORIENTED_EDGE('',*,*,#6379,.T.);
#6379 = EDGE_CURVE('',#6372,#6380,#6382,.T.);
#6380 = VERTEX_POINT('',#6381);
#6381 = CARTESIAN_POINT('',(1.1,-1.45,0.1));
#6382 = LINE('',#6383,#6384);
#6383 = CARTESIAN_POINT('',(1.1,-2.5E-02,0.1));
#6384 = VECTOR('',#6385,1.);
#6385 = DIRECTION('',(-5.665538897648E-16,-1.,0.));
#6386 = ORIENTED_EDGE('',*,*,#6387,.T.);
#6387 = EDGE_CURVE('',#6380,#6388,#6390,.T.);
#6388 = VERTEX_POINT('',#6389);
#6389 = CARTESIAN_POINT('',(1.45,-1.45,0.1));
#6390 = LINE('',#6391,#6392);
#6391 = CARTESIAN_POINT('',(-1.45,-1.45,0.1));
#6392 = VECTOR('',#6393,1.);
#6393 = DIRECTION('',(1.,-2.22044604925E-16,0.));
#6394 = ORIENTED_EDGE('',*,*,#6395,.F.);
#6395 = EDGE_CURVE('',#6396,#6388,#6398,.T.);
#6396 = VERTEX_POINT('',#6397);
#6397 = CARTESIAN_POINT('',(1.45,-1.1,0.1));
#6398 = LINE('',#6399,#6400);
#6399 = CARTESIAN_POINT('',(1.45,1.45,0.1));
#6400 = VECTOR('',#6401,1.);
#6401 = DIRECTION('',(-2.22044604925E-16,-1.,0.));
#6402 = ORIENTED_EDGE('',*,*,#6403,.T.);
#6403 = EDGE_CURVE('',#6396,#6404,#6406,.T.);
#6404 = VERTEX_POINT('',#6405);
#6405 = CARTESIAN_POINT('',(1.25,-1.1,0.1));
#6406 = LINE('',#6407,#6408);
#6407 = CARTESIAN_POINT('',(-0.1,-1.1,0.1));
#6408 = VECTOR('',#6409,1.);
#6409 = DIRECTION('',(-1.,3.445092848398E-16,0.));
#6410 = ORIENTED_EDGE('',*,*,#6411,.T.);
#6411 = EDGE_CURVE('',#6404,#6412,#6414,.T.);
#6412 = VERTEX_POINT('',#6413);
#6413 = CARTESIAN_POINT('',(1.25,-0.9,0.1));
#6414 = LINE('',#6415,#6416);
#6415 = CARTESIAN_POINT('',(1.25,0.275,0.1));
#6416 = VECTOR('',#6417,1.);
#6417 = DIRECTION('',(3.445092848398E-16,1.,0.));
#6418 = ORIENTED_EDGE('',*,*,#6419,.T.);
#6419 = EDGE_CURVE('',#6412,#6420,#6422,.T.);
#6420 = VERTEX_POINT('',#6421);
#6421 = CARTESIAN_POINT('',(1.45,-0.9,0.1));
#6422 = LINE('',#6423,#6424);
#6423 = CARTESIAN_POINT('',(2.5E-02,-0.9,0.1));
#6424 = VECTOR('',#6425,1.);
#6425 = DIRECTION('',(1.,-3.445092848398E-16,0.));
#6426 = ORIENTED_EDGE('',*,*,#6427,.F.);
#6427 = EDGE_CURVE('',#6428,#6420,#6430,.T.);
#6428 = VERTEX_POINT('',#6429);
#6429 = CARTESIAN_POINT('',(1.45,-0.6,0.1));
#6430 = LINE('',#6431,#6432);
#6431 = CARTESIAN_POINT('',(1.45,1.45,0.1));
#6432 = VECTOR('',#6433,1.);
#6433 = DIRECTION('',(-2.22044604925E-16,-1.,0.));
#6434 = ORIENTED_EDGE('',*,*,#6435,.T.);
#6435 = EDGE_CURVE('',#6428,#6436,#6438,.T.);
#6436 = VERTEX_POINT('',#6437);
#6437 = CARTESIAN_POINT('',(1.25,-0.6,0.1));
#6438 = LINE('',#6439,#6440);
#6439 = CARTESIAN_POINT('',(-0.1,-0.6,0.1));
#6440 = VECTOR('',#6441,1.);
#6441 = DIRECTION('',(-1.,3.445092848398E-16,0.));
#6442 = ORIENTED_EDGE('',*,*,#6443,.T.);
#6443 = EDGE_CURVE('',#6436,#6444,#6446,.T.);
#6444 = VERTEX_POINT('',#6445);
#6445 = CARTESIAN_POINT('',(1.25,-0.4,0.1));
#6446 = LINE('',#6447,#6448);
#6447 = CARTESIAN_POINT('',(1.25,0.525,0.1));
#6448 = VECTOR('',#6449,1.);
#6449 = DIRECTION('',(3.445092848398E-16,1.,0.));
#6450 = ORIENTED_EDGE('',*,*,#6451,.T.);
#6451 = EDGE_CURVE('',#6444,#6452,#6454,.T.);
#6452 = VERTEX_POINT('',#6453);
#6453 = CARTESIAN_POINT('',(1.45,-0.4,0.1));
#6454 = LINE('',#6455,#6456);
#6455 = CARTESIAN_POINT('',(2.5E-02,-0.4,0.1));
#6456 = VECTOR('',#6457,1.);
#6457 = DIRECTION('',(1.,-3.445092848398E-16,0.));
#6458 = ORIENTED_EDGE('',*,*,#6459,.F.);
#6459 = EDGE_CURVE('',#6460,#6452,#6462,.T.);
#6460 = VERTEX_POINT('',#6461);
#6461 = CARTESIAN_POINT('',(1.45,-0.1,0.1));
#6462 = LINE('',#6463,#6464);
#6463 = CARTESIAN_POINT('',(1.45,1.45,0.1));
#6464 = VECTOR('',#6465,1.);
#6465 = DIRECTION('',(-2.22044604925E-16,-1.,0.));
#6466 = ORIENTED_EDGE('',*,*,#6467,.T.);
#6467 = EDGE_CURVE('',#6460,#6468,#6470,.T.);
#6468 = VERTEX_POINT('',#6469);
#6469 = CARTESIAN_POINT('',(1.25,-0.1,0.1));
#6470 = LINE('',#6471,#6472);
#6471 = CARTESIAN_POINT('',(-0.1,-0.1,0.1));
#6472 = VECTOR('',#6473,1.);
#6473 = DIRECTION('',(-1.,3.445092848398E-16,0.));
#6474 = ORIENTED_EDGE('',*,*,#6475,.T.);
#6475 = EDGE_CURVE('',#6468,#6476,#6478,.T.);
#6476 = VERTEX_POINT('',#6477);
#6477 = CARTESIAN_POINT('',(1.25,0.1,0.1));
#6478 = LINE('',#6479,#6480);
#6479 = CARTESIAN_POINT('',(1.25,0.775,0.1));
#6480 = VECTOR('',#6481,1.);
#6481 = DIRECTION('',(3.445092848398E-16,1.,0.));
#6482 = ORIENTED_EDGE('',*,*,#6483,.T.);
#6483 = EDGE_CURVE('',#6476,#6484,#6486,.T.);
#6484 = VERTEX_POINT('',#6485);
#6485 = CARTESIAN_POINT('',(1.45,0.1,0.1));
#6486 = LINE('',#6487,#6488);
#6487 = CARTESIAN_POINT('',(2.5E-02,0.1,0.1));
#6488 = VECTOR('',#6489,1.);
#6489 = DIRECTION('',(1.,-3.445092848398E-16,0.));
#6490 = ORIENTED_EDGE('',*,*,#6491,.F.);
#6491 = EDGE_CURVE('',#6492,#6484,#6494,.T.);
#6492 = VERTEX_POINT('',#6493);
#6493 = CARTESIAN_POINT('',(1.45,0.4,0.1));
#6494 = LINE('',#6495,#6496);
#6495 = CARTESIAN_POINT('',(1.45,1.45,0.1));
#6496 = VECTOR('',#6497,1.);
#6497 = DIRECTION('',(-2.22044604925E-16,-1.,0.));
#6498 = ORIENTED_EDGE('',*,*,#6499,.T.);
#6499 = EDGE_CURVE('',#6492,#6500,#6502,.T.);
#6500 = VERTEX_POINT('',#6501);
#6501 = CARTESIAN_POINT('',(1.25,0.4,0.1));
#6502 = LINE('',#6503,#6504);
#6503 = CARTESIAN_POINT('',(-0.1,0.4,0.1));
#6504 = VECTOR('',#6505,1.);
#6505 = DIRECTION('',(-1.,3.445092848398E-16,0.));
#6506 = ORIENTED_EDGE('',*,*,#6507,.T.);
#6507 = EDGE_CURVE('',#6500,#6508,#6510,.T.);
#6508 = VERTEX_POINT('',#6509);
#6509 = CARTESIAN_POINT('',(1.25,0.6,0.1));
#6510 = LINE('',#6511,#6512);
#6511 = CARTESIAN_POINT('',(1.25,1.025,0.1));
#6512 = VECTOR('',#6513,1.);
#6513 = DIRECTION('',(3.445092848398E-16,1.,0.));
#6514 = ORIENTED_EDGE('',*,*,#6515,.T.);
#6515 = EDGE_CURVE('',#6508,#6516,#6518,.T.);
#6516 = VERTEX_POINT('',#6517);
#6517 = CARTESIAN_POINT('',(1.45,0.6,0.1));
#6518 = LINE('',#6519,#6520);
#6519 = CARTESIAN_POINT('',(2.5E-02,0.6,0.1));
#6520 = VECTOR('',#6521,1.);
#6521 = DIRECTION('',(1.,-3.445092848398E-16,0.));
#6522 = ORIENTED_EDGE('',*,*,#6523,.F.);
#6523 = EDGE_CURVE('',#6524,#6516,#6526,.T.);
#6524 = VERTEX_POINT('',#6525);
#6525 = CARTESIAN_POINT('',(1.45,0.9,0.1));
#6526 = LINE('',#6527,#6528);
#6527 = CARTESIAN_POINT('',(1.45,1.45,0.1));
#6528 = VECTOR('',#6529,1.);
#6529 = DIRECTION('',(-2.22044604925E-16,-1.,0.));
#6530 = ORIENTED_EDGE('',*,*,#6531,.T.);
#6531 = EDGE_CURVE('',#6524,#6532,#6534,.T.);
#6532 = VERTEX_POINT('',#6533);
#6533 = CARTESIAN_POINT('',(1.25,0.9,0.1));
#6534 = LINE('',#6535,#6536);
#6535 = CARTESIAN_POINT('',(-0.1,0.9,0.1));
#6536 = VECTOR('',#6537,1.);
#6537 = DIRECTION('',(-1.,3.445092848398E-16,0.));
#6538 = ORIENTED_EDGE('',*,*,#6539,.T.);
#6539 = EDGE_CURVE('',#6532,#6540,#6542,.T.);
#6540 = VERTEX_POINT('',#6541);
#6541 = CARTESIAN_POINT('',(1.25,1.1,0.1));
#6542 = LINE('',#6543,#6544);
#6543 = CARTESIAN_POINT('',(1.25,1.275,0.1));
#6544 = VECTOR('',#6545,1.);
#6545 = DIRECTION('',(3.445092848398E-16,1.,0.));
#6546 = ORIENTED_EDGE('',*,*,#6547,.T.);
#6547 = EDGE_CURVE('',#6540,#6548,#6550,.T.);
#6548 = VERTEX_POINT('',#6549);
#6549 = CARTESIAN_POINT('',(1.45,1.1,0.1));
#6550 = LINE('',#6551,#6552);
#6551 = CARTESIAN_POINT('',(2.5E-02,1.1,0.1));
#6552 = VECTOR('',#6553,1.);
#6553 = DIRECTION('',(1.,-3.445092848398E-16,0.));
#6554 = ORIENTED_EDGE('',*,*,#6555,.F.);
#6555 = EDGE_CURVE('',#6556,#6548,#6558,.T.);
#6556 = VERTEX_POINT('',#6557);
#6557 = CARTESIAN_POINT('',(1.45,1.45,0.1));
#6558 = LINE('',#6559,#6560);
#6559 = CARTESIAN_POINT('',(1.45,1.45,0.1));
#6560 = VECTOR('',#6561,1.);
#6561 = DIRECTION('',(-2.22044604925E-16,-1.,0.));
#6562 = ORIENTED_EDGE('',*,*,#6563,.F.);
#6563 = EDGE_CURVE('',#6564,#6556,#6566,.T.);
#6564 = VERTEX_POINT('',#6565);
#6565 = CARTESIAN_POINT('',(1.1,1.45,0.1));
#6566 = LINE('',#6567,#6568);
#6567 = CARTESIAN_POINT('',(-1.45,1.45,0.1));
#6568 = VECTOR('',#6569,1.);
#6569 = DIRECTION('',(1.,-2.22044604925E-16,0.));
#6570 = ORIENTED_EDGE('',*,*,#6571,.T.);
#6571 = EDGE_CURVE('',#6564,#6572,#6574,.T.);
#6572 = VERTEX_POINT('',#6573);
#6573 = CARTESIAN_POINT('',(1.1,1.25,0.1));
#6574 = LINE('',#6575,#6576);
#6575 = CARTESIAN_POINT('',(1.1,1.35,0.1));
#6576 = VECTOR('',#6577,1.);
#6577 = DIRECTION('',(-4.555315873023E-16,-1.,0.));
#6578 = ORIENTED_EDGE('',*,*,#6579,.T.);
#6579 = EDGE_CURVE('',#6572,#6580,#6582,.T.);
#6580 = VERTEX_POINT('',#6581);
#6581 = CARTESIAN_POINT('',(0.9,1.25,0.1));
#6582 = LINE('',#6583,#6584);
#6583 = CARTESIAN_POINT('',(-0.275,1.25,0.1));
#6584 = VECTOR('',#6585,1.);
#6585 = DIRECTION('',(-1.,4.555315873023E-16,0.));
#6586 = ORIENTED_EDGE('',*,*,#6587,.T.);
#6587 = EDGE_CURVE('',#6580,#6588,#6590,.T.);
#6588 = VERTEX_POINT('',#6589);
#6589 = CARTESIAN_POINT('',(0.9,1.45,0.1));
#6590 = LINE('',#6591,#6592);
#6591 = CARTESIAN_POINT('',(0.9,1.475,0.1));
#6592 = VECTOR('',#6593,1.);
#6593 = DIRECTION('',(4.555315873023E-16,1.,0.));
#6594 = ORIENTED_EDGE('',*,*,#6595,.F.);
#6595 = EDGE_CURVE('',#6596,#6588,#6598,.T.);
#6596 = VERTEX_POINT('',#6597);
#6597 = CARTESIAN_POINT('',(0.6,1.45,0.1));
#6598 = LINE('',#6599,#6600);
#6599 = CARTESIAN_POINT('',(-1.45,1.45,0.1));
#6600 = VECTOR('',#6601,1.);
#6601 = DIRECTION('',(1.,-2.22044604925E-16,0.));
#6602 = ORIENTED_EDGE('',*,*,#6603,.T.);
#6603 = EDGE_CURVE('',#6596,#6604,#6606,.T.);
#6604 = VERTEX_POINT('',#6605);
#6605 = CARTESIAN_POINT('',(0.6,1.25,0.1));
#6606 = LINE('',#6607,#6608);
#6607 = CARTESIAN_POINT('',(0.6,1.35,0.1));
#6608 = VECTOR('',#6609,1.);
#6609 = DIRECTION('',(-4.555315873023E-16,-1.,0.));
#6610 = ORIENTED_EDGE('',*,*,#6611,.T.);
#6611 = EDGE_CURVE('',#6604,#6612,#6614,.T.);
#6612 = VERTEX_POINT('',#6613);
#6613 = CARTESIAN_POINT('',(0.4,1.25,0.1));
#6614 = LINE('',#6615,#6616);
#6615 = CARTESIAN_POINT('',(-0.525,1.25,0.1));
#6616 = VECTOR('',#6617,1.);
#6617 = DIRECTION('',(-1.,4.555315873023E-16,0.));
#6618 = ORIENTED_EDGE('',*,*,#6619,.T.);
#6619 = EDGE_CURVE('',#6612,#6620,#6622,.T.);
#6620 = VERTEX_POINT('',#6621);
#6621 = CARTESIAN_POINT('',(0.4,1.45,0.1));
#6622 = LINE('',#6623,#6624);
#6623 = CARTESIAN_POINT('',(0.4,1.475,0.1));
#6624 = VECTOR('',#6625,1.);
#6625 = DIRECTION('',(4.555315873023E-16,1.,0.));
#6626 = ORIENTED_EDGE('',*,*,#6627,.F.);
#6627 = EDGE_CURVE('',#6628,#6620,#6630,.T.);
#6628 = VERTEX_POINT('',#6629);
#6629 = CARTESIAN_POINT('',(0.1,1.45,0.1));
#6630 = LINE('',#6631,#6632);
#6631 = CARTESIAN_POINT('',(-1.45,1.45,0.1));
#6632 = VECTOR('',#6633,1.);
#6633 = DIRECTION('',(1.,-2.22044604925E-16,0.));
#6634 = ORIENTED_EDGE('',*,*,#6635,.T.);
#6635 = EDGE_CURVE('',#6628,#6636,#6638,.T.);
#6636 = VERTEX_POINT('',#6637);
#6637 = CARTESIAN_POINT('',(0.1,1.25,0.1));
#6638 = LINE('',#6639,#6640);
#6639 = CARTESIAN_POINT('',(0.1,1.35,0.1));
#6640 = VECTOR('',#6641,1.);
#6641 = DIRECTION('',(-4.555315873023E-16,-1.,0.));
#6642 = ORIENTED_EDGE('',*,*,#6643,.T.);
#6643 = EDGE_CURVE('',#6636,#6644,#6646,.T.);
#6644 = VERTEX_POINT('',#6645);
#6645 = CARTESIAN_POINT('',(-0.1,1.25,0.1));
#6646 = LINE('',#6647,#6648);
#6647 = CARTESIAN_POINT('',(-0.775,1.25,0.1));
#6648 = VECTOR('',#6649,1.);
#6649 = DIRECTION('',(-1.,4.555315873023E-16,0.));
#6650 = ORIENTED_EDGE('',*,*,#6651,.T.);
#6651 = EDGE_CURVE('',#6644,#6652,#6654,.T.);
#6652 = VERTEX_POINT('',#6653);
#6653 = CARTESIAN_POINT('',(-0.1,1.45,0.1));
#6654 = LINE('',#6655,#6656);
#6655 = CARTESIAN_POINT('',(-0.1,1.475,0.1));
#6656 = VECTOR('',#6657,1.);
#6657 = DIRECTION('',(4.555315873023E-16,1.,0.));
#6658 = ORIENTED_EDGE('',*,*,#6659,.F.);
#6659 = EDGE_CURVE('',#6660,#6652,#6662,.T.);
#6660 = VERTEX_POINT('',#6661);
#6661 = CARTESIAN_POINT('',(-0.4,1.45,0.1));
#6662 = LINE('',#6663,#6664);
#6663 = CARTESIAN_POINT('',(-1.45,1.45,0.1));
#6664 = VECTOR('',#6665,1.);
#6665 = DIRECTION('',(1.,-2.22044604925E-16,0.));
#6666 = ORIENTED_EDGE('',*,*,#6667,.T.);
#6667 = EDGE_CURVE('',#6660,#6668,#6670,.T.);
#6668 = VERTEX_POINT('',#6669);
#6669 = CARTESIAN_POINT('',(-0.4,1.25,0.1));
#6670 = LINE('',#6671,#6672);
#6671 = CARTESIAN_POINT('',(-0.4,1.35,0.1));
#6672 = VECTOR('',#6673,1.);
#6673 = DIRECTION('',(-4.555315873023E-16,-1.,0.));
#6674 = ORIENTED_EDGE('',*,*,#6675,.T.);
#6675 = EDGE_CURVE('',#6668,#6676,#6678,.T.);
#6676 = VERTEX_POINT('',#6677);
#6677 = CARTESIAN_POINT('',(-0.6,1.25,0.1));
#6678 = LINE('',#6679,#6680);
#6679 = CARTESIAN_POINT('',(-1.025,1.25,0.1));
#6680 = VECTOR('',#6681,1.);
#6681 = DIRECTION('',(-1.,4.555315873023E-16,0.));
#6682 = ORIENTED_EDGE('',*,*,#6683,.T.);
#6683 = EDGE_CURVE('',#6676,#6684,#6686,.T.);
#6684 = VERTEX_POINT('',#6685);
#6685 = CARTESIAN_POINT('',(-0.6,1.45,0.1));
#6686 = LINE('',#6687,#6688);
#6687 = CARTESIAN_POINT('',(-0.6,1.475,0.1));
#6688 = VECTOR('',#6689,1.);
#6689 = DIRECTION('',(4.555315873023E-16,1.,0.));
#6690 = ORIENTED_EDGE('',*,*,#6691,.F.);
#6691 = EDGE_CURVE('',#5997,#6684,#6692,.T.);
#6692 = LINE('',#6693,#6694);
#6693 = CARTESIAN_POINT('',(-1.45,1.45,0.1));
#6694 = VECTOR('',#6695,1.);
#6695 = DIRECTION('',(1.,-2.22044604925E-16,0.));
#6696 = ORIENTED_EDGE('',*,*,#5996,.T.);
#6697 = ORIENTED_EDGE('',*,*,#5972,.T.);
#6698 = ORIENTED_EDGE('',*,*,#5948,.T.);
#6699 = PLANE('',#6700);
#6700 = AXIS2_PLACEMENT_3D('',#6701,#6702,#6703);
#6701 = CARTESIAN_POINT('',(-1.45,1.45,0.1));
#6702 = DIRECTION('',(0.,0.,1.));
#6703 = DIRECTION('',(-2.22044604925E-16,-1.,0.));
#6704 = ADVANCED_FACE('',(#6705),#6831,.F.);
#6705 = FACE_BOUND('',#6706,.F.);
#6706 = EDGE_LOOP('',(#6707,#6717,#6723,#6724,#6725,#6731,#6732,#6733,
    #6741,#6749,#6755,#6756,#6764,#6772,#6778,#6779,#6787,#6795,#6801,
    #6802,#6810,#6818,#6824,#6825));
#6707 = ORIENTED_EDGE('',*,*,#6708,.F.);
#6708 = EDGE_CURVE('',#6709,#6711,#6713,.T.);
#6709 = VERTEX_POINT('',#6710);
#6710 = CARTESIAN_POINT('',(-1.45,1.45,0.6));
#6711 = VERTEX_POINT('',#6712);
#6712 = CARTESIAN_POINT('',(1.45,1.45,0.6));
#6713 = LINE('',#6714,#6715);
#6714 = CARTESIAN_POINT('',(-1.45,1.45,0.6));
#6715 = VECTOR('',#6716,1.);
#6716 = DIRECTION('',(1.,-2.22044604925E-16,0.));
#6717 = ORIENTED_EDGE('',*,*,#6718,.F.);
#6718 = EDGE_CURVE('',#6052,#6709,#6719,.T.);
#6719 = LINE('',#6720,#6721);
#6720 = CARTESIAN_POINT('',(-1.45,1.45,0.1));
#6721 = VECTOR('',#6722,1.);
#6722 = DIRECTION('',(0.,0.,1.));
#6723 = ORIENTED_EDGE('',*,*,#6051,.T.);
#6724 = ORIENTED_EDGE('',*,*,#5940,.T.);
#6725 = ORIENTED_EDGE('',*,*,#6726,.F.);
#6726 = EDGE_CURVE('',#6005,#5933,#6727,.T.);
#6727 = LINE('',#6728,#6729);
#6728 = CARTESIAN_POINT('',(-1.225,1.45,0.2));
#6729 = VECTOR('',#6730,1.);
#6730 = DIRECTION('',(-1.,2.22044604925E-16,0.));
#6731 = ORIENTED_EDGE('',*,*,#6004,.T.);
#6732 = ORIENTED_EDGE('',*,*,#6691,.T.);
#6733 = ORIENTED_EDGE('',*,*,#6734,.T.);
#6734 = EDGE_CURVE('',#6684,#6735,#6737,.T.);
#6735 = VERTEX_POINT('',#6736);
#6736 = CARTESIAN_POINT('',(-0.6,1.45,0.2));
#6737 = LINE('',#6738,#6739);
#6738 = CARTESIAN_POINT('',(-0.6,1.45,5.E-02));
#6739 = VECTOR('',#6740,1.);
#6740 = DIRECTION('',(0.,0.,1.));
#6741 = ORIENTED_EDGE('',*,*,#6742,.F.);
#6742 = EDGE_CURVE('',#6743,#6735,#6745,.T.);
#6743 = VERTEX_POINT('',#6744);
#6744 = CARTESIAN_POINT('',(-0.4,1.45,0.2));
#6745 = LINE('',#6746,#6747);
#6746 = CARTESIAN_POINT('',(-0.975,1.45,0.2));
#6747 = VECTOR('',#6748,1.);
#6748 = DIRECTION('',(-1.,2.22044604925E-16,0.));
#6749 = ORIENTED_EDGE('',*,*,#6750,.T.);
#6750 = EDGE_CURVE('',#6743,#6660,#6751,.T.);
#6751 = LINE('',#6752,#6753);
#6752 = CARTESIAN_POINT('',(-0.4,1.45,5.E-02));
#6753 = VECTOR('',#6754,1.);
#6754 = DIRECTION('',(-0.,0.,-1.));
#6755 = ORIENTED_EDGE('',*,*,#6659,.T.);
#6756 = ORIENTED_EDGE('',*,*,#6757,.T.);
#6757 = EDGE_CURVE('',#6652,#6758,#6760,.T.);
#6758 = VERTEX_POINT('',#6759);
#6759 = CARTESIAN_POINT('',(-0.1,1.45,0.2));
#6760 = LINE('',#6761,#6762);
#6761 = CARTESIAN_POINT('',(-0.1,1.45,5.E-02));
#6762 = VECTOR('',#6763,1.);
#6763 = DIRECTION('',(0.,0.,1.));
#6764 = ORIENTED_EDGE('',*,*,#6765,.F.);
#6765 = EDGE_CURVE('',#6766,#6758,#6768,.T.);
#6766 = VERTEX_POINT('',#6767);
#6767 = CARTESIAN_POINT('',(0.1,1.45,0.2));
#6768 = LINE('',#6769,#6770);
#6769 = CARTESIAN_POINT('',(-0.725,1.45,0.2));
#6770 = VECTOR('',#6771,1.);
#6771 = DIRECTION('',(-1.,2.22044604925E-16,0.));
#6772 = ORIENTED_EDGE('',*,*,#6773,.T.);
#6773 = EDGE_CURVE('',#6766,#6628,#6774,.T.);
#6774 = LINE('',#6775,#6776);
#6775 = CARTESIAN_POINT('',(0.1,1.45,5.E-02));
#6776 = VECTOR('',#6777,1.);
#6777 = DIRECTION('',(-0.,0.,-1.));
#6778 = ORIENTED_EDGE('',*,*,#6627,.T.);
#6779 = ORIENTED_EDGE('',*,*,#6780,.T.);
#6780 = EDGE_CURVE('',#6620,#6781,#6783,.T.);
#6781 = VERTEX_POINT('',#6782);
#6782 = CARTESIAN_POINT('',(0.4,1.45,0.2));
#6783 = LINE('',#6784,#6785);
#6784 = CARTESIAN_POINT('',(0.4,1.45,5.E-02));
#6785 = VECTOR('',#6786,1.);
#6786 = DIRECTION('',(0.,0.,1.));
#6787 = ORIENTED_EDGE('',*,*,#6788,.F.);
#6788 = EDGE_CURVE('',#6789,#6781,#6791,.T.);
#6789 = VERTEX_POINT('',#6790);
#6790 = CARTESIAN_POINT('',(0.6,1.45,0.2));
#6791 = LINE('',#6792,#6793);
#6792 = CARTESIAN_POINT('',(-0.475,1.45,0.2));
#6793 = VECTOR('',#6794,1.);
#6794 = DIRECTION('',(-1.,2.22044604925E-16,0.));
#6795 = ORIENTED_EDGE('',*,*,#6796,.T.);
#6796 = EDGE_CURVE('',#6789,#6596,#6797,.T.);
#6797 = LINE('',#6798,#6799);
#6798 = CARTESIAN_POINT('',(0.6,1.45,5.E-02));
#6799 = VECTOR('',#6800,1.);
#6800 = DIRECTION('',(-0.,0.,-1.));
#6801 = ORIENTED_EDGE('',*,*,#6595,.T.);
#6802 = ORIENTED_EDGE('',*,*,#6803,.T.);
#6803 = EDGE_CURVE('',#6588,#6804,#6806,.T.);
#6804 = VERTEX_POINT('',#6805);
#6805 = CARTESIAN_POINT('',(0.9,1.45,0.2));
#6806 = LINE('',#6807,#6808);
#6807 = CARTESIAN_POINT('',(0.9,1.45,5.E-02));
#6808 = VECTOR('',#6809,1.);
#6809 = DIRECTION('',(0.,0.,1.));
#6810 = ORIENTED_EDGE('',*,*,#6811,.F.);
#6811 = EDGE_CURVE('',#6812,#6804,#6814,.T.);
#6812 = VERTEX_POINT('',#6813);
#6813 = CARTESIAN_POINT('',(1.1,1.45,0.2));
#6814 = LINE('',#6815,#6816);
#6815 = CARTESIAN_POINT('',(-0.225,1.45,0.2));
#6816 = VECTOR('',#6817,1.);
#6817 = DIRECTION('',(-1.,2.22044604925E-16,0.));
#6818 = ORIENTED_EDGE('',*,*,#6819,.T.);
#6819 = EDGE_CURVE('',#6812,#6564,#6820,.T.);
#6820 = LINE('',#6821,#6822);
#6821 = CARTESIAN_POINT('',(1.1,1.45,5.E-02));
#6822 = VECTOR('',#6823,1.);
#6823 = DIRECTION('',(-0.,0.,-1.));
#6824 = ORIENTED_EDGE('',*,*,#6563,.T.);
#6825 = ORIENTED_EDGE('',*,*,#6826,.T.);
#6826 = EDGE_CURVE('',#6556,#6711,#6827,.T.);
#6827 = LINE('',#6828,#6829);
#6828 = CARTESIAN_POINT('',(1.45,1.45,0.1));
#6829 = VECTOR('',#6830,1.);
#6830 = DIRECTION('',(0.,0.,1.));
#6831 = PLANE('',#6832);
#6832 = AXIS2_PLACEMENT_3D('',#6833,#6834,#6835);
#6833 = CARTESIAN_POINT('',(-1.45,1.45,0.1));
#6834 = DIRECTION('',(-2.22044604925E-16,-1.,0.));
#6835 = DIRECTION('',(0.,0.,1.));
#6836 = ADVANCED_FACE('',(#6837),#6843,.T.);
#6837 = FACE_BOUND('',#6838,.T.);
#6838 = EDGE_LOOP('',(#6839,#6840,#6841,#6842));
#6839 = ORIENTED_EDGE('',*,*,#6035,.T.);
#6840 = ORIENTED_EDGE('',*,*,#5932,.T.);
#6841 = ORIENTED_EDGE('',*,*,#6726,.F.);
#6842 = ORIENTED_EDGE('',*,*,#6012,.T.);
#6843 = PLANE('',#6844);
#6844 = AXIS2_PLACEMENT_3D('',#6845,#6846,#6847);
#6845 = CARTESIAN_POINT('',(-1.,1.375,0.2));
#6846 = DIRECTION('',(0.,0.,1.));
#6847 = DIRECTION('',(-1.,4.555315873023E-16,0.));
#6848 = ADVANCED_FACE('',(#6849),#6982,.F.);
#6849 = FACE_BOUND('',#6850,.F.);
#6850 = EDGE_LOOP('',(#6851,#6852,#6853,#6861,#6867,#6868,#6876,#6884,
    #6890,#6891,#6899,#6907,#6913,#6914,#6922,#6930,#6936,#6937,#6945,
    #6953,#6959,#6960,#6968,#6976));
#6851 = ORIENTED_EDGE('',*,*,#6059,.F.);
#6852 = ORIENTED_EDGE('',*,*,#6718,.T.);
#6853 = ORIENTED_EDGE('',*,*,#6854,.T.);
#6854 = EDGE_CURVE('',#6709,#6855,#6857,.T.);
#6855 = VERTEX_POINT('',#6856);
#6856 = CARTESIAN_POINT('',(-1.45,-1.45,0.6));
#6857 = LINE('',#6858,#6859);
#6858 = CARTESIAN_POINT('',(-1.45,1.45,0.6));
#6859 = VECTOR('',#6860,1.);
#6860 = DIRECTION('',(-2.22044604925E-16,-1.,0.));
#6861 = ORIENTED_EDGE('',*,*,#6862,.F.);
#6862 = EDGE_CURVE('',#6220,#6855,#6863,.T.);
#6863 = LINE('',#6864,#6865);
#6864 = CARTESIAN_POINT('',(-1.45,-1.45,0.1));
#6865 = VECTOR('',#6866,1.);
#6866 = DIRECTION('',(0.,0.,1.));
#6867 = ORIENTED_EDGE('',*,*,#6219,.F.);
#6868 = ORIENTED_EDGE('',*,*,#6869,.T.);
#6869 = EDGE_CURVE('',#6212,#6870,#6872,.T.);
#6870 = VERTEX_POINT('',#6871);
#6871 = CARTESIAN_POINT('',(-1.45,-1.1,0.2));
#6872 = LINE('',#6873,#6874);
#6873 = CARTESIAN_POINT('',(-1.45,-1.1,5.E-02));
#6874 = VECTOR('',#6875,1.);
#6875 = DIRECTION('',(0.,0.,1.));
#6876 = ORIENTED_EDGE('',*,*,#6877,.F.);
#6877 = EDGE_CURVE('',#6878,#6870,#6880,.T.);
#6878 = VERTEX_POINT('',#6879);
#6879 = CARTESIAN_POINT('',(-1.45,-0.9,0.2));
#6880 = LINE('',#6881,#6882);
#6881 = CARTESIAN_POINT('',(-1.45,0.225,0.2));
#6882 = VECTOR('',#6883,1.);
#6883 = DIRECTION('',(-2.22044604925E-16,-1.,0.));
#6884 = ORIENTED_EDGE('',*,*,#6885,.T.);
#6885 = EDGE_CURVE('',#6878,#6188,#6886,.T.);
#6886 = LINE('',#6887,#6888);
#6887 = CARTESIAN_POINT('',(-1.45,-0.9,5.E-02));
#6888 = VECTOR('',#6889,1.);
#6889 = DIRECTION('',(0.,-0.,-1.));
#6890 = ORIENTED_EDGE('',*,*,#6187,.F.);
#6891 = ORIENTED_EDGE('',*,*,#6892,.T.);
#6892 = EDGE_CURVE('',#6180,#6893,#6895,.T.);
#6893 = VERTEX_POINT('',#6894);
#6894 = CARTESIAN_POINT('',(-1.45,-0.6,0.2));
#6895 = LINE('',#6896,#6897);
#6896 = CARTESIAN_POINT('',(-1.45,-0.6,5.E-02));
#6897 = VECTOR('',#6898,1.);
#6898 = DIRECTION('',(0.,0.,1.));
#6899 = ORIENTED_EDGE('',*,*,#6900,.F.);
#6900 = EDGE_CURVE('',#6901,#6893,#6903,.T.);
#6901 = VERTEX_POINT('',#6902);
#6902 = CARTESIAN_POINT('',(-1.45,-0.4,0.2));
#6903 = LINE('',#6904,#6905);
#6904 = CARTESIAN_POINT('',(-1.45,0.475,0.2));
#6905 = VECTOR('',#6906,1.);
#6906 = DIRECTION('',(-2.22044604925E-16,-1.,0.));
#6907 = ORIENTED_EDGE('',*,*,#6908,.T.);
#6908 = EDGE_CURVE('',#6901,#6156,#6909,.T.);
#6909 = LINE('',#6910,#6911);
#6910 = CARTESIAN_POINT('',(-1.45,-0.4,5.E-02));
#6911 = VECTOR('',#6912,1.);
#6912 = DIRECTION('',(0.,-0.,-1.));
#6913 = ORIENTED_EDGE('',*,*,#6155,.F.);
#6914 = ORIENTED_EDGE('',*,*,#6915,.T.);
#6915 = EDGE_CURVE('',#6148,#6916,#6918,.T.);
#6916 = VERTEX_POINT('',#6917);
#6917 = CARTESIAN_POINT('',(-1.45,-0.1,0.2));
#6918 = LINE('',#6919,#6920);
#6919 = CARTESIAN_POINT('',(-1.45,-0.1,5.E-02));
#6920 = VECTOR('',#6921,1.);
#6921 = DIRECTION('',(0.,0.,1.));
#6922 = ORIENTED_EDGE('',*,*,#6923,.F.);
#6923 = EDGE_CURVE('',#6924,#6916,#6926,.T.);
#6924 = VERTEX_POINT('',#6925);
#6925 = CARTESIAN_POINT('',(-1.45,0.1,0.2));
#6926 = LINE('',#6927,#6928);
#6927 = CARTESIAN_POINT('',(-1.45,0.725,0.2));
#6928 = VECTOR('',#6929,1.);
#6929 = DIRECTION('',(-2.22044604925E-16,-1.,0.));
#6930 = ORIENTED_EDGE('',*,*,#6931,.T.);
#6931 = EDGE_CURVE('',#6924,#6124,#6932,.T.);
#6932 = LINE('',#6933,#6934);
#6933 = CARTESIAN_POINT('',(-1.45,0.1,5.E-02));
#6934 = VECTOR('',#6935,1.);
#6935 = DIRECTION('',(0.,-0.,-1.));
#6936 = ORIENTED_EDGE('',*,*,#6123,.F.);
#6937 = ORIENTED_EDGE('',*,*,#6938,.T.);
#6938 = EDGE_CURVE('',#6116,#6939,#6941,.T.);
#6939 = VERTEX_POINT('',#6940);
#6940 = CARTESIAN_POINT('',(-1.45,0.4,0.2));
#6941 = LINE('',#6942,#6943);
#6942 = CARTESIAN_POINT('',(-1.45,0.4,5.E-02));
#6943 = VECTOR('',#6944,1.);
#6944 = DIRECTION('',(0.,0.,1.));
#6945 = ORIENTED_EDGE('',*,*,#6946,.F.);
#6946 = EDGE_CURVE('',#6947,#6939,#6949,.T.);
#6947 = VERTEX_POINT('',#6948);
#6948 = CARTESIAN_POINT('',(-1.45,0.6,0.2));
#6949 = LINE('',#6950,#6951);
#6950 = CARTESIAN_POINT('',(-1.45,0.975,0.2));
#6951 = VECTOR('',#6952,1.);
#6952 = DIRECTION('',(-2.22044604925E-16,-1.,0.));
#6953 = ORIENTED_EDGE('',*,*,#6954,.T.);
#6954 = EDGE_CURVE('',#6947,#6092,#6955,.T.);
#6955 = LINE('',#6956,#6957);
#6956 = CARTESIAN_POINT('',(-1.45,0.6,5.E-02));
#6957 = VECTOR('',#6958,1.);
#6958 = DIRECTION('',(0.,-0.,-1.));
#6959 = ORIENTED_EDGE('',*,*,#6091,.F.);
#6960 = ORIENTED_EDGE('',*,*,#6961,.T.);
#6961 = EDGE_CURVE('',#6084,#6962,#6964,.T.);
#6962 = VERTEX_POINT('',#6963);
#6963 = CARTESIAN_POINT('',(-1.45,0.9,0.2));
#6964 = LINE('',#6965,#6966);
#6965 = CARTESIAN_POINT('',(-1.45,0.9,5.E-02));
#6966 = VECTOR('',#6967,1.);
#6967 = DIRECTION('',(0.,0.,1.));
#6968 = ORIENTED_EDGE('',*,*,#6969,.F.);
#6969 = EDGE_CURVE('',#6970,#6962,#6972,.T.);
#6970 = VERTEX_POINT('',#6971);
#6971 = CARTESIAN_POINT('',(-1.45,1.1,0.2));
#6972 = LINE('',#6973,#6974);
#6973 = CARTESIAN_POINT('',(-1.45,1.225,0.2));
#6974 = VECTOR('',#6975,1.);
#6975 = DIRECTION('',(-2.22044604925E-16,-1.,0.));
#6976 = ORIENTED_EDGE('',*,*,#6977,.T.);
#6977 = EDGE_CURVE('',#6970,#6060,#6978,.T.);
#6978 = LINE('',#6979,#6980);
#6979 = CARTESIAN_POINT('',(-1.45,1.1,5.E-02));
#6980 = VECTOR('',#6981,1.);
#6981 = DIRECTION('',(0.,-0.,-1.));
#6982 = PLANE('',#6983);
#6983 = AXIS2_PLACEMENT_3D('',#6984,#6985,#6986);
#6984 = CARTESIAN_POINT('',(-1.45,1.45,0.1));
#6985 = DIRECTION('',(1.,-2.22044604925E-16,0.));
#6986 = DIRECTION('',(0.,0.,1.));
#6987 = ADVANCED_FACE('',(#6988),#7022,.F.);
#6988 = FACE_BOUND('',#6989,.F.);
#6989 = EDGE_LOOP('',(#6990,#7000,#7006,#7007,#7008,#7016));
#6990 = ORIENTED_EDGE('',*,*,#6991,.F.);
#6991 = EDGE_CURVE('',#6992,#6994,#6996,.T.);
#6992 = VERTEX_POINT('',#6993);
#6993 = CARTESIAN_POINT('',(-1.25,1.1,0.));
#6994 = VERTEX_POINT('',#6995);
#6995 = CARTESIAN_POINT('',(-1.5,1.1,0.));
#6996 = LINE('',#6997,#6998);
#6997 = CARTESIAN_POINT('',(-1.25,1.1,0.));
#6998 = VECTOR('',#6999,1.);
#6999 = DIRECTION('',(-1.,4.669739647545E-16,0.));
#7000 = ORIENTED_EDGE('',*,*,#7001,.T.);
#7001 = EDGE_CURVE('',#6992,#6068,#7002,.T.);
#7002 = LINE('',#7003,#7004);
#7003 = CARTESIAN_POINT('',(-1.25,1.1,0.));
#7004 = VECTOR('',#7005,1.);
#7005 = DIRECTION('',(0.,0.,1.));
#7006 = ORIENTED_EDGE('',*,*,#6067,.F.);
#7007 = ORIENTED_EDGE('',*,*,#6977,.F.);
#7008 = ORIENTED_EDGE('',*,*,#7009,.T.);
#7009 = EDGE_CURVE('',#6970,#7010,#7012,.T.);
#7010 = VERTEX_POINT('',#7011);
#7011 = CARTESIAN_POINT('',(-1.5,1.1,0.2));
#7012 = LINE('',#7013,#7014);
#7013 = CARTESIAN_POINT('',(-1.25,1.1,0.2));
#7014 = VECTOR('',#7015,1.);
#7015 = DIRECTION('',(-1.,4.669739647545E-16,0.));
#7016 = ORIENTED_EDGE('',*,*,#7017,.F.);
#7017 = EDGE_CURVE('',#6994,#7010,#7018,.T.);
#7018 = LINE('',#7019,#7020);
#7019 = CARTESIAN_POINT('',(-1.5,1.1,0.));
#7020 = VECTOR('',#7021,1.);
#7021 = DIRECTION('',(0.,0.,1.));
#7022 = PLANE('',#7023);
#7023 = AXIS2_PLACEMENT_3D('',#7024,#7025,#7026);
#7024 = CARTESIAN_POINT('',(-1.25,1.1,0.));
#7025 = DIRECTION('',(-4.669739647545E-16,-1.,0.));
#7026 = DIRECTION('',(-1.,4.669739647545E-16,0.));
#7027 = ADVANCED_FACE('',(#7028),#7046,.F.);
#7028 = FACE_BOUND('',#7029,.F.);
#7029 = EDGE_LOOP('',(#7030,#7038,#7044,#7045));
#7030 = ORIENTED_EDGE('',*,*,#7031,.F.);
#7031 = EDGE_CURVE('',#7032,#6992,#7034,.T.);
#7032 = VERTEX_POINT('',#7033);
#7033 = CARTESIAN_POINT('',(-1.25,0.9,0.));
#7034 = LINE('',#7035,#7036);
#7035 = CARTESIAN_POINT('',(-1.25,0.9,0.));
#7036 = VECTOR('',#7037,1.);
#7037 = DIRECTION('',(4.669739647545E-16,1.,0.));
#7038 = ORIENTED_EDGE('',*,*,#7039,.T.);
#7039 = EDGE_CURVE('',#7032,#6076,#7040,.T.);
#7040 = LINE('',#7041,#7042);
#7041 = CARTESIAN_POINT('',(-1.25,0.9,0.));
#7042 = VECTOR('',#7043,1.);
#7043 = DIRECTION('',(0.,0.,1.));
#7044 = ORIENTED_EDGE('',*,*,#6075,.F.);
#7045 = ORIENTED_EDGE('',*,*,#7001,.F.);
#7046 = PLANE('',#7047);
#7047 = AXIS2_PLACEMENT_3D('',#7048,#7049,#7050);
#7048 = CARTESIAN_POINT('',(-1.25,0.9,0.));
#7049 = DIRECTION('',(-1.,4.669739647545E-16,0.));
#7050 = DIRECTION('',(4.669739647545E-16,1.,0.));
#7051 = ADVANCED_FACE('',(#7052),#7079,.F.);
#7052 = FACE_BOUND('',#7053,.F.);
#7053 = EDGE_LOOP('',(#7054,#7062,#7070,#7076,#7077,#7078));
#7054 = ORIENTED_EDGE('',*,*,#7055,.F.);
#7055 = EDGE_CURVE('',#7056,#7032,#7058,.T.);
#7056 = VERTEX_POINT('',#7057);
#7057 = CARTESIAN_POINT('',(-1.5,0.9,0.));
#7058 = LINE('',#7059,#7060);
#7059 = CARTESIAN_POINT('',(-1.5,0.9,0.));
#7060 = VECTOR('',#7061,1.);
#7061 = DIRECTION('',(1.,-4.669739647545E-16,0.));
#7062 = ORIENTED_EDGE('',*,*,#7063,.T.);
#7063 = EDGE_CURVE('',#7056,#7064,#7066,.T.);
#7064 = VERTEX_POINT('',#7065);
#7065 = CARTESIAN_POINT('',(-1.5,0.9,0.2));
#7066 = LINE('',#7067,#7068);
#7067 = CARTESIAN_POINT('',(-1.5,0.9,0.));
#7068 = VECTOR('',#7069,1.);
#7069 = DIRECTION('',(0.,0.,1.));
#7070 = ORIENTED_EDGE('',*,*,#7071,.T.);
#7071 = EDGE_CURVE('',#7064,#6962,#7072,.T.);
#7072 = LINE('',#7073,#7074);
#7073 = CARTESIAN_POINT('',(-1.5,0.9,0.2));
#7074 = VECTOR('',#7075,1.);
#7075 = DIRECTION('',(1.,-4.669739647545E-16,0.));
#7076 = ORIENTED_EDGE('',*,*,#6961,.F.);
#7077 = ORIENTED_EDGE('',*,*,#6083,.F.);
#7078 = ORIENTED_EDGE('',*,*,#7039,.F.);
#7079 = PLANE('',#7080);
#7080 = AXIS2_PLACEMENT_3D('',#7081,#7082,#7083);
#7081 = CARTESIAN_POINT('',(-1.5,0.9,0.));
#7082 = DIRECTION('',(4.669739647545E-16,1.,0.));
#7083 = DIRECTION('',(1.,-4.669739647545E-16,0.));
#7084 = ADVANCED_FACE('',(#7085),#7119,.F.);
#7085 = FACE_BOUND('',#7086,.F.);
#7086 = EDGE_LOOP('',(#7087,#7097,#7105,#7111,#7112,#7113));
#7087 = ORIENTED_EDGE('',*,*,#7088,.F.);
#7088 = EDGE_CURVE('',#7089,#7091,#7093,.T.);
#7089 = VERTEX_POINT('',#7090);
#7090 = CARTESIAN_POINT('',(-0.6,1.5,0.));
#7091 = VERTEX_POINT('',#7092);
#7092 = CARTESIAN_POINT('',(-0.6,1.25,0.));
#7093 = LINE('',#7094,#7095);
#7094 = CARTESIAN_POINT('',(-0.6,1.5,0.));
#7095 = VECTOR('',#7096,1.);
#7096 = DIRECTION('',(-4.555315873023E-16,-1.,0.));
#7097 = ORIENTED_EDGE('',*,*,#7098,.T.);
#7098 = EDGE_CURVE('',#7089,#7099,#7101,.T.);
#7099 = VERTEX_POINT('',#7100);
#7100 = CARTESIAN_POINT('',(-0.6,1.5,0.2));
#7101 = LINE('',#7102,#7103);
#7102 = CARTESIAN_POINT('',(-0.6,1.5,0.));
#7103 = VECTOR('',#7104,1.);
#7104 = DIRECTION('',(0.,0.,1.));
#7105 = ORIENTED_EDGE('',*,*,#7106,.T.);
#7106 = EDGE_CURVE('',#7099,#6735,#7107,.T.);
#7107 = LINE('',#7108,#7109);
#7108 = CARTESIAN_POINT('',(-0.6,1.5,0.2));
#7109 = VECTOR('',#7110,1.);
#7110 = DIRECTION('',(-4.555315873023E-16,-1.,0.));
#7111 = ORIENTED_EDGE('',*,*,#6734,.F.);
#7112 = ORIENTED_EDGE('',*,*,#6683,.F.);
#7113 = ORIENTED_EDGE('',*,*,#7114,.F.);
#7114 = EDGE_CURVE('',#7091,#6676,#7115,.T.);
#7115 = LINE('',#7116,#7117);
#7116 = CARTESIAN_POINT('',(-0.6,1.25,0.));
#7117 = VECTOR('',#7118,1.);
#7118 = DIRECTION('',(0.,0.,1.));
#7119 = PLANE('',#7120);
#7120 = AXIS2_PLACEMENT_3D('',#7121,#7122,#7123);
#7121 = CARTESIAN_POINT('',(-0.6,1.5,0.));
#7122 = DIRECTION('',(1.,-4.555315873023E-16,0.));
#7123 = DIRECTION('',(-4.555315873023E-16,-1.,0.));
#7124 = ADVANCED_FACE('',(#7125),#7159,.F.);
#7125 = FACE_BOUND('',#7126,.F.);
#7126 = EDGE_LOOP('',(#7127,#7137,#7143,#7144,#7145,#7153));
#7127 = ORIENTED_EDGE('',*,*,#7128,.F.);
#7128 = EDGE_CURVE('',#7129,#7131,#7133,.T.);
#7129 = VERTEX_POINT('',#7130);
#7130 = CARTESIAN_POINT('',(-1.25,0.6,0.));
#7131 = VERTEX_POINT('',#7132);
#7132 = CARTESIAN_POINT('',(-1.5,0.6,0.));
#7133 = LINE('',#7134,#7135);
#7134 = CARTESIAN_POINT('',(-1.25,0.6,0.));
#7135 = VECTOR('',#7136,1.);
#7136 = DIRECTION('',(-1.,4.669739647545E-16,0.));
#7137 = ORIENTED_EDGE('',*,*,#7138,.T.);
#7138 = EDGE_CURVE('',#7129,#6100,#7139,.T.);
#7139 = LINE('',#7140,#7141);
#7140 = CARTESIAN_POINT('',(-1.25,0.6,0.));
#7141 = VECTOR('',#7142,1.);
#7142 = DIRECTION('',(0.,0.,1.));
#7143 = ORIENTED_EDGE('',*,*,#6099,.F.);
#7144 = ORIENTED_EDGE('',*,*,#6954,.F.);
#7145 = ORIENTED_EDGE('',*,*,#7146,.T.);
#7146 = EDGE_CURVE('',#6947,#7147,#7149,.T.);
#7147 = VERTEX_POINT('',#7148);
#7148 = CARTESIAN_POINT('',(-1.5,0.6,0.2));
#7149 = LINE('',#7150,#7151);
#7150 = CARTESIAN_POINT('',(-1.25,0.6,0.2));
#7151 = VECTOR('',#7152,1.);
#7152 = DIRECTION('',(-1.,4.669739647545E-16,0.));
#7153 = ORIENTED_EDGE('',*,*,#7154,.F.);
#7154 = EDGE_CURVE('',#7131,#7147,#7155,.T.);
#7155 = LINE('',#7156,#7157);
#7156 = CARTESIAN_POINT('',(-1.5,0.6,0.));
#7157 = VECTOR('',#7158,1.);
#7158 = DIRECTION('',(0.,0.,1.));
#7159 = PLANE('',#7160);
#7160 = AXIS2_PLACEMENT_3D('',#7161,#7162,#7163);
#7161 = CARTESIAN_POINT('',(-1.25,0.6,0.));
#7162 = DIRECTION('',(-4.669739647545E-16,-1.,0.));
#7163 = DIRECTION('',(-1.,4.669739647545E-16,0.));
#7164 = ADVANCED_FACE('',(#7165),#7183,.F.);
#7165 = FACE_BOUND('',#7166,.F.);
#7166 = EDGE_LOOP('',(#7167,#7175,#7176,#7177));
#7167 = ORIENTED_EDGE('',*,*,#7168,.F.);
#7168 = EDGE_CURVE('',#7091,#7169,#7171,.T.);
#7169 = VERTEX_POINT('',#7170);
#7170 = CARTESIAN_POINT('',(-0.4,1.25,0.));
#7171 = LINE('',#7172,#7173);
#7172 = CARTESIAN_POINT('',(-0.6,1.25,0.));
#7173 = VECTOR('',#7174,1.);
#7174 = DIRECTION('',(1.,-4.555315873023E-16,0.));
#7175 = ORIENTED_EDGE('',*,*,#7114,.T.);
#7176 = ORIENTED_EDGE('',*,*,#6675,.F.);
#7177 = ORIENTED_EDGE('',*,*,#7178,.F.);
#7178 = EDGE_CURVE('',#7169,#6668,#7179,.T.);
#7179 = LINE('',#7180,#7181);
#7180 = CARTESIAN_POINT('',(-0.4,1.25,0.));
#7181 = VECTOR('',#7182,1.);
#7182 = DIRECTION('',(0.,0.,1.));
#7183 = PLANE('',#7184);
#7184 = AXIS2_PLACEMENT_3D('',#7185,#7186,#7187);
#7185 = CARTESIAN_POINT('',(-0.6,1.25,0.));
#7186 = DIRECTION('',(4.555315873023E-16,1.,0.));
#7187 = DIRECTION('',(1.,-4.555315873023E-16,0.));
#7188 = ADVANCED_FACE('',(#7189),#7207,.F.);
#7189 = FACE_BOUND('',#7190,.F.);
#7190 = EDGE_LOOP('',(#7191,#7199,#7205,#7206));
#7191 = ORIENTED_EDGE('',*,*,#7192,.F.);
#7192 = EDGE_CURVE('',#7193,#7129,#7195,.T.);
#7193 = VERTEX_POINT('',#7194);
#7194 = CARTESIAN_POINT('',(-1.25,0.4,0.));
#7195 = LINE('',#7196,#7197);
#7196 = CARTESIAN_POINT('',(-1.25,0.4,0.));
#7197 = VECTOR('',#7198,1.);
#7198 = DIRECTION('',(4.669739647545E-16,1.,0.));
#7199 = ORIENTED_EDGE('',*,*,#7200,.T.);
#7200 = EDGE_CURVE('',#7193,#6108,#7201,.T.);
#7201 = LINE('',#7202,#7203);
#7202 = CARTESIAN_POINT('',(-1.25,0.4,0.));
#7203 = VECTOR('',#7204,1.);
#7204 = DIRECTION('',(0.,0.,1.));
#7205 = ORIENTED_EDGE('',*,*,#6107,.F.);
#7206 = ORIENTED_EDGE('',*,*,#7138,.F.);
#7207 = PLANE('',#7208);
#7208 = AXIS2_PLACEMENT_3D('',#7209,#7210,#7211);
#7209 = CARTESIAN_POINT('',(-1.25,0.4,0.));
#7210 = DIRECTION('',(-1.,4.669739647545E-16,0.));
#7211 = DIRECTION('',(4.669739647545E-16,1.,0.));
#7212 = ADVANCED_FACE('',(#7213),#7240,.F.);
#7213 = FACE_BOUND('',#7214,.F.);
#7214 = EDGE_LOOP('',(#7215,#7223,#7224,#7225,#7226,#7234));
#7215 = ORIENTED_EDGE('',*,*,#7216,.F.);
#7216 = EDGE_CURVE('',#7169,#7217,#7219,.T.);
#7217 = VERTEX_POINT('',#7218);
#7218 = CARTESIAN_POINT('',(-0.4,1.5,0.));
#7219 = LINE('',#7220,#7221);
#7220 = CARTESIAN_POINT('',(-0.4,1.25,0.));
#7221 = VECTOR('',#7222,1.);
#7222 = DIRECTION('',(4.555315873023E-16,1.,0.));
#7223 = ORIENTED_EDGE('',*,*,#7178,.T.);
#7224 = ORIENTED_EDGE('',*,*,#6667,.F.);
#7225 = ORIENTED_EDGE('',*,*,#6750,.F.);
#7226 = ORIENTED_EDGE('',*,*,#7227,.T.);
#7227 = EDGE_CURVE('',#6743,#7228,#7230,.T.);
#7228 = VERTEX_POINT('',#7229);
#7229 = CARTESIAN_POINT('',(-0.4,1.5,0.2));
#7230 = LINE('',#7231,#7232);
#7231 = CARTESIAN_POINT('',(-0.4,1.25,0.2));
#7232 = VECTOR('',#7233,1.);
#7233 = DIRECTION('',(4.555315873023E-16,1.,0.));
#7234 = ORIENTED_EDGE('',*,*,#7235,.F.);
#7235 = EDGE_CURVE('',#7217,#7228,#7236,.T.);
#7236 = LINE('',#7237,#7238);
#7237 = CARTESIAN_POINT('',(-0.4,1.5,0.));
#7238 = VECTOR('',#7239,1.);
#7239 = DIRECTION('',(0.,0.,1.));
#7240 = PLANE('',#7241);
#7241 = AXIS2_PLACEMENT_3D('',#7242,#7243,#7244);
#7242 = CARTESIAN_POINT('',(-0.4,1.25,0.));
#7243 = DIRECTION('',(-1.,4.555315873023E-16,0.));
#7244 = DIRECTION('',(4.555315873023E-16,1.,0.));
#7245 = ADVANCED_FACE('',(#7246),#7273,.F.);
#7246 = FACE_BOUND('',#7247,.F.);
#7247 = EDGE_LOOP('',(#7248,#7256,#7264,#7270,#7271,#7272));
#7248 = ORIENTED_EDGE('',*,*,#7249,.F.);
#7249 = EDGE_CURVE('',#7250,#7193,#7252,.T.);
#7250 = VERTEX_POINT('',#7251);
#7251 = CARTESIAN_POINT('',(-1.5,0.4,0.));
#7252 = LINE('',#7253,#7254);
#7253 = CARTESIAN_POINT('',(-1.5,0.4,0.));
#7254 = VECTOR('',#7255,1.);
#7255 = DIRECTION('',(1.,-4.669739647545E-16,0.));
#7256 = ORIENTED_EDGE('',*,*,#7257,.T.);
#7257 = EDGE_CURVE('',#7250,#7258,#7260,.T.);
#7258 = VERTEX_POINT('',#7259);
#7259 = CARTESIAN_POINT('',(-1.5,0.4,0.2));
#7260 = LINE('',#7261,#7262);
#7261 = CARTESIAN_POINT('',(-1.5,0.4,0.));
#7262 = VECTOR('',#7263,1.);
#7263 = DIRECTION('',(0.,0.,1.));
#7264 = ORIENTED_EDGE('',*,*,#7265,.T.);
#7265 = EDGE_CURVE('',#7258,#6939,#7266,.T.);
#7266 = LINE('',#7267,#7268);
#7267 = CARTESIAN_POINT('',(-1.5,0.4,0.2));
#7268 = VECTOR('',#7269,1.);
#7269 = DIRECTION('',(1.,-4.669739647545E-16,0.));
#7270 = ORIENTED_EDGE('',*,*,#6938,.F.);
#7271 = ORIENTED_EDGE('',*,*,#6115,.F.);
#7272 = ORIENTED_EDGE('',*,*,#7200,.F.);
#7273 = PLANE('',#7274);
#7274 = AXIS2_PLACEMENT_3D('',#7275,#7276,#7277);
#7275 = CARTESIAN_POINT('',(-1.5,0.4,0.));
#7276 = DIRECTION('',(4.669739647545E-16,1.,0.));
#7277 = DIRECTION('',(1.,-4.669739647545E-16,0.));
#7278 = ADVANCED_FACE('',(#7279),#7313,.F.);
#7279 = FACE_BOUND('',#7280,.F.);
#7280 = EDGE_LOOP('',(#7281,#7291,#7299,#7305,#7306,#7307));
#7281 = ORIENTED_EDGE('',*,*,#7282,.F.);
#7282 = EDGE_CURVE('',#7283,#7285,#7287,.T.);
#7283 = VERTEX_POINT('',#7284);
#7284 = CARTESIAN_POINT('',(-0.1,1.5,0.));
#7285 = VERTEX_POINT('',#7286);
#7286 = CARTESIAN_POINT('',(-0.1,1.25,0.));
#7287 = LINE('',#7288,#7289);
#7288 = CARTESIAN_POINT('',(-0.1,1.5,0.));
#7289 = VECTOR('',#7290,1.);
#7290 = DIRECTION('',(-4.555315873023E-16,-1.,0.));
#7291 = ORIENTED_EDGE('',*,*,#7292,.T.);
#7292 = EDGE_CURVE('',#7283,#7293,#7295,.T.);
#7293 = VERTEX_POINT('',#7294);
#7294 = CARTESIAN_POINT('',(-0.1,1.5,0.2));
#7295 = LINE('',#7296,#7297);
#7296 = CARTESIAN_POINT('',(-0.1,1.5,0.));
#7297 = VECTOR('',#7298,1.);
#7298 = DIRECTION('',(0.,0.,1.));
#7299 = ORIENTED_EDGE('',*,*,#7300,.T.);
#7300 = EDGE_CURVE('',#7293,#6758,#7301,.T.);
#7301 = LINE('',#7302,#7303);
#7302 = CARTESIAN_POINT('',(-0.1,1.5,0.2));
#7303 = VECTOR('',#7304,1.);
#7304 = DIRECTION('',(-4.555315873023E-16,-1.,0.));
#7305 = ORIENTED_EDGE('',*,*,#6757,.F.);
#7306 = ORIENTED_EDGE('',*,*,#6651,.F.);
#7307 = ORIENTED_EDGE('',*,*,#7308,.F.);
#7308 = EDGE_CURVE('',#7285,#6644,#7309,.T.);
#7309 = LINE('',#7310,#7311);
#7310 = CARTESIAN_POINT('',(-0.1,1.25,0.));
#7311 = VECTOR('',#7312,1.);
#7312 = DIRECTION('',(0.,0.,1.));
#7313 = PLANE('',#7314);
#7314 = AXIS2_PLACEMENT_3D('',#7315,#7316,#7317);
#7315 = CARTESIAN_POINT('',(-0.1,1.5,0.));
#7316 = DIRECTION('',(1.,-4.555315873023E-16,0.));
#7317 = DIRECTION('',(-4.555315873023E-16,-1.,0.));
#7318 = ADVANCED_FACE('',(#7319),#7353,.F.);
#7319 = FACE_BOUND('',#7320,.F.);
#7320 = EDGE_LOOP('',(#7321,#7331,#7337,#7338,#7339,#7347));
#7321 = ORIENTED_EDGE('',*,*,#7322,.F.);
#7322 = EDGE_CURVE('',#7323,#7325,#7327,.T.);
#7323 = VERTEX_POINT('',#7324);
#7324 = CARTESIAN_POINT('',(-1.25,0.1,0.));
#7325 = VERTEX_POINT('',#7326);
#7326 = CARTESIAN_POINT('',(-1.5,0.1,0.));
#7327 = LINE('',#7328,#7329);
#7328 = CARTESIAN_POINT('',(-1.25,0.1,0.));
#7329 = VECTOR('',#7330,1.);
#7330 = DIRECTION('',(-1.,4.669739647545E-16,0.));
#7331 = ORIENTED_EDGE('',*,*,#7332,.T.);
#7332 = EDGE_CURVE('',#7323,#6132,#7333,.T.);
#7333 = LINE('',#7334,#7335);
#7334 = CARTESIAN_POINT('',(-1.25,0.1,0.));
#7335 = VECTOR('',#7336,1.);
#7336 = DIRECTION('',(0.,0.,1.));
#7337 = ORIENTED_EDGE('',*,*,#6131,.F.);
#7338 = ORIENTED_EDGE('',*,*,#6931,.F.);
#7339 = ORIENTED_EDGE('',*,*,#7340,.T.);
#7340 = EDGE_CURVE('',#6924,#7341,#7343,.T.);
#7341 = VERTEX_POINT('',#7342);
#7342 = CARTESIAN_POINT('',(-1.5,0.1,0.2));
#7343 = LINE('',#7344,#7345);
#7344 = CARTESIAN_POINT('',(-1.25,0.1,0.2));
#7345 = VECTOR('',#7346,1.);
#7346 = DIRECTION('',(-1.,4.669739647545E-16,0.));
#7347 = ORIENTED_EDGE('',*,*,#7348,.F.);
#7348 = EDGE_CURVE('',#7325,#7341,#7349,.T.);
#7349 = LINE('',#7350,#7351);
#7350 = CARTESIAN_POINT('',(-1.5,0.1,0.));
#7351 = VECTOR('',#7352,1.);
#7352 = DIRECTION('',(0.,0.,1.));
#7353 = PLANE('',#7354);
#7354 = AXIS2_PLACEMENT_3D('',#7355,#7356,#7357);
#7355 = CARTESIAN_POINT('',(-1.25,0.1,0.));
#7356 = DIRECTION('',(-4.669739647545E-16,-1.,0.));
#7357 = DIRECTION('',(-1.,4.669739647545E-16,0.));
#7358 = ADVANCED_FACE('',(#7359),#7377,.F.);
#7359 = FACE_BOUND('',#7360,.F.);
#7360 = EDGE_LOOP('',(#7361,#7369,#7370,#7371));
#7361 = ORIENTED_EDGE('',*,*,#7362,.F.);
#7362 = EDGE_CURVE('',#7285,#7363,#7365,.T.);
#7363 = VERTEX_POINT('',#7364);
#7364 = CARTESIAN_POINT('',(0.1,1.25,0.));
#7365 = LINE('',#7366,#7367);
#7366 = CARTESIAN_POINT('',(-0.1,1.25,0.));
#7367 = VECTOR('',#7368,1.);
#7368 = DIRECTION('',(1.,-4.555315873023E-16,0.));
#7369 = ORIENTED_EDGE('',*,*,#7308,.T.);
#7370 = ORIENTED_EDGE('',*,*,#6643,.F.);
#7371 = ORIENTED_EDGE('',*,*,#7372,.F.);
#7372 = EDGE_CURVE('',#7363,#6636,#7373,.T.);
#7373 = LINE('',#7374,#7375);
#7374 = CARTESIAN_POINT('',(0.1,1.25,0.));
#7375 = VECTOR('',#7376,1.);
#7376 = DIRECTION('',(0.,0.,1.));
#7377 = PLANE('',#7378);
#7378 = AXIS2_PLACEMENT_3D('',#7379,#7380,#7381);
#7379 = CARTESIAN_POINT('',(-0.1,1.25,0.));
#7380 = DIRECTION('',(4.555315873023E-16,1.,0.));
#7381 = DIRECTION('',(1.,-4.555315873023E-16,0.));
#7382 = ADVANCED_FACE('',(#7383),#7401,.F.);
#7383 = FACE_BOUND('',#7384,.F.);
#7384 = EDGE_LOOP('',(#7385,#7393,#7399,#7400));
#7385 = ORIENTED_EDGE('',*,*,#7386,.F.);
#7386 = EDGE_CURVE('',#7387,#7323,#7389,.T.);
#7387 = VERTEX_POINT('',#7388);
#7388 = CARTESIAN_POINT('',(-1.25,-0.1,0.));
#7389 = LINE('',#7390,#7391);
#7390 = CARTESIAN_POINT('',(-1.25,-0.1,0.));
#7391 = VECTOR('',#7392,1.);
#7392 = DIRECTION('',(4.669739647545E-16,1.,0.));
#7393 = ORIENTED_EDGE('',*,*,#7394,.T.);
#7394 = EDGE_CURVE('',#7387,#6140,#7395,.T.);
#7395 = LINE('',#7396,#7397);
#7396 = CARTESIAN_POINT('',(-1.25,-0.1,0.));
#7397 = VECTOR('',#7398,1.);
#7398 = DIRECTION('',(0.,0.,1.));
#7399 = ORIENTED_EDGE('',*,*,#6139,.F.);
#7400 = ORIENTED_EDGE('',*,*,#7332,.F.);
#7401 = PLANE('',#7402);
#7402 = AXIS2_PLACEMENT_3D('',#7403,#7404,#7405);
#7403 = CARTESIAN_POINT('',(-1.25,-0.1,0.));
#7404 = DIRECTION('',(-1.,4.669739647545E-16,0.));
#7405 = DIRECTION('',(4.669739647545E-16,1.,0.));
#7406 = ADVANCED_FACE('',(#7407),#7434,.F.);
#7407 = FACE_BOUND('',#7408,.F.);
#7408 = EDGE_LOOP('',(#7409,#7417,#7418,#7419,#7420,#7428));
#7409 = ORIENTED_EDGE('',*,*,#7410,.F.);
#7410 = EDGE_CURVE('',#7363,#7411,#7413,.T.);
#7411 = VERTEX_POINT('',#7412);
#7412 = CARTESIAN_POINT('',(0.1,1.5,0.));
#7413 = LINE('',#7414,#7415);
#7414 = CARTESIAN_POINT('',(0.1,1.25,0.));
#7415 = VECTOR('',#7416,1.);
#7416 = DIRECTION('',(4.555315873023E-16,1.,0.));
#7417 = ORIENTED_EDGE('',*,*,#7372,.T.);
#7418 = ORIENTED_EDGE('',*,*,#6635,.F.);
#7419 = ORIENTED_EDGE('',*,*,#6773,.F.);
#7420 = ORIENTED_EDGE('',*,*,#7421,.T.);
#7421 = EDGE_CURVE('',#6766,#7422,#7424,.T.);
#7422 = VERTEX_POINT('',#7423);
#7423 = CARTESIAN_POINT('',(0.1,1.5,0.2));
#7424 = LINE('',#7425,#7426);
#7425 = CARTESIAN_POINT('',(0.1,1.25,0.2));
#7426 = VECTOR('',#7427,1.);
#7427 = DIRECTION('',(4.555315873023E-16,1.,0.));
#7428 = ORIENTED_EDGE('',*,*,#7429,.F.);
#7429 = EDGE_CURVE('',#7411,#7422,#7430,.T.);
#7430 = LINE('',#7431,#7432);
#7431 = CARTESIAN_POINT('',(0.1,1.5,0.));
#7432 = VECTOR('',#7433,1.);
#7433 = DIRECTION('',(0.,0.,1.));
#7434 = PLANE('',#7435);
#7435 = AXIS2_PLACEMENT_3D('',#7436,#7437,#7438);
#7436 = CARTESIAN_POINT('',(0.1,1.25,0.));
#7437 = DIRECTION('',(-1.,4.555315873023E-16,0.));
#7438 = DIRECTION('',(4.555315873023E-16,1.,0.));
#7439 = ADVANCED_FACE('',(#7440),#7467,.F.);
#7440 = FACE_BOUND('',#7441,.F.);
#7441 = EDGE_LOOP('',(#7442,#7450,#7458,#7464,#7465,#7466));
#7442 = ORIENTED_EDGE('',*,*,#7443,.F.);
#7443 = EDGE_CURVE('',#7444,#7387,#7446,.T.);
#7444 = VERTEX_POINT('',#7445);
#7445 = CARTESIAN_POINT('',(-1.5,-0.1,0.));
#7446 = LINE('',#7447,#7448);
#7447 = CARTESIAN_POINT('',(-1.5,-0.1,0.));
#7448 = VECTOR('',#7449,1.);
#7449 = DIRECTION('',(1.,-4.669739647545E-16,0.));
#7450 = ORIENTED_EDGE('',*,*,#7451,.T.);
#7451 = EDGE_CURVE('',#7444,#7452,#7454,.T.);
#7452 = VERTEX_POINT('',#7453);
#7453 = CARTESIAN_POINT('',(-1.5,-0.1,0.2));
#7454 = LINE('',#7455,#7456);
#7455 = CARTESIAN_POINT('',(-1.5,-0.1,0.));
#7456 = VECTOR('',#7457,1.);
#7457 = DIRECTION('',(0.,0.,1.));
#7458 = ORIENTED_EDGE('',*,*,#7459,.T.);
#7459 = EDGE_CURVE('',#7452,#6916,#7460,.T.);
#7460 = LINE('',#7461,#7462);
#7461 = CARTESIAN_POINT('',(-1.5,-0.1,0.2));
#7462 = VECTOR('',#7463,1.);
#7463 = DIRECTION('',(1.,-4.669739647545E-16,0.));
#7464 = ORIENTED_EDGE('',*,*,#6915,.F.);
#7465 = ORIENTED_EDGE('',*,*,#6147,.F.);
#7466 = ORIENTED_EDGE('',*,*,#7394,.F.);
#7467 = PLANE('',#7468);
#7468 = AXIS2_PLACEMENT_3D('',#7469,#7470,#7471);
#7469 = CARTESIAN_POINT('',(-1.5,-0.1,0.));
#7470 = DIRECTION('',(4.669739647545E-16,1.,0.));
#7471 = DIRECTION('',(1.,-4.669739647545E-16,0.));
#7472 = ADVANCED_FACE('',(#7473),#7507,.F.);
#7473 = FACE_BOUND('',#7474,.F.);
#7474 = EDGE_LOOP('',(#7475,#7485,#7493,#7499,#7500,#7501));
#7475 = ORIENTED_EDGE('',*,*,#7476,.F.);
#7476 = EDGE_CURVE('',#7477,#7479,#7481,.T.);
#7477 = VERTEX_POINT('',#7478);
#7478 = CARTESIAN_POINT('',(0.4,1.5,0.));
#7479 = VERTEX_POINT('',#7480);
#7480 = CARTESIAN_POINT('',(0.4,1.25,0.));
#7481 = LINE('',#7482,#7483);
#7482 = CARTESIAN_POINT('',(0.4,1.5,0.));
#7483 = VECTOR('',#7484,1.);
#7484 = DIRECTION('',(-4.555315873023E-16,-1.,0.));
#7485 = ORIENTED_EDGE('',*,*,#7486,.T.);
#7486 = EDGE_CURVE('',#7477,#7487,#7489,.T.);
#7487 = VERTEX_POINT('',#7488);
#7488 = CARTESIAN_POINT('',(0.4,1.5,0.2));
#7489 = LINE('',#7490,#7491);
#7490 = CARTESIAN_POINT('',(0.4,1.5,0.));
#7491 = VECTOR('',#7492,1.);
#7492 = DIRECTION('',(0.,0.,1.));
#7493 = ORIENTED_EDGE('',*,*,#7494,.T.);
#7494 = EDGE_CURVE('',#7487,#6781,#7495,.T.);
#7495 = LINE('',#7496,#7497);
#7496 = CARTESIAN_POINT('',(0.4,1.5,0.2));
#7497 = VECTOR('',#7498,1.);
#7498 = DIRECTION('',(-4.555315873023E-16,-1.,0.));
#7499 = ORIENTED_EDGE('',*,*,#6780,.F.);
#7500 = ORIENTED_EDGE('',*,*,#6619,.F.);
#7501 = ORIENTED_EDGE('',*,*,#7502,.F.);
#7502 = EDGE_CURVE('',#7479,#6612,#7503,.T.);
#7503 = LINE('',#7504,#7505);
#7504 = CARTESIAN_POINT('',(0.4,1.25,0.));
#7505 = VECTOR('',#7506,1.);
#7506 = DIRECTION('',(0.,0.,1.));
#7507 = PLANE('',#7508);
#7508 = AXIS2_PLACEMENT_3D('',#7509,#7510,#7511);
#7509 = CARTESIAN_POINT('',(0.4,1.5,0.));
#7510 = DIRECTION('',(1.,-4.555315873023E-16,0.));
#7511 = DIRECTION('',(-4.555315873023E-16,-1.,0.));
#7512 = ADVANCED_FACE('',(#7513),#7547,.F.);
#7513 = FACE_BOUND('',#7514,.F.);
#7514 = EDGE_LOOP('',(#7515,#7525,#7531,#7532,#7533,#7541));
#7515 = ORIENTED_EDGE('',*,*,#7516,.F.);
#7516 = EDGE_CURVE('',#7517,#7519,#7521,.T.);
#7517 = VERTEX_POINT('',#7518);
#7518 = CARTESIAN_POINT('',(-1.25,-0.4,0.));
#7519 = VERTEX_POINT('',#7520);
#7520 = CARTESIAN_POINT('',(-1.5,-0.4,0.));
#7521 = LINE('',#7522,#7523);
#7522 = CARTESIAN_POINT('',(-1.25,-0.4,0.));
#7523 = VECTOR('',#7524,1.);
#7524 = DIRECTION('',(-1.,4.669739647545E-16,0.));
#7525 = ORIENTED_EDGE('',*,*,#7526,.T.);
#7526 = EDGE_CURVE('',#7517,#6164,#7527,.T.);
#7527 = LINE('',#7528,#7529);
#7528 = CARTESIAN_POINT('',(-1.25,-0.4,0.));
#7529 = VECTOR('',#7530,1.);
#7530 = DIRECTION('',(0.,0.,1.));
#7531 = ORIENTED_EDGE('',*,*,#6163,.F.);
#7532 = ORIENTED_EDGE('',*,*,#6908,.F.);
#7533 = ORIENTED_EDGE('',*,*,#7534,.T.);
#7534 = EDGE_CURVE('',#6901,#7535,#7537,.T.);
#7535 = VERTEX_POINT('',#7536);
#7536 = CARTESIAN_POINT('',(-1.5,-0.4,0.2));
#7537 = LINE('',#7538,#7539);
#7538 = CARTESIAN_POINT('',(-1.25,-0.4,0.2));
#7539 = VECTOR('',#7540,1.);
#7540 = DIRECTION('',(-1.,4.669739647545E-16,0.));
#7541 = ORIENTED_EDGE('',*,*,#7542,.F.);
#7542 = EDGE_CURVE('',#7519,#7535,#7543,.T.);
#7543 = LINE('',#7544,#7545);
#7544 = CARTESIAN_POINT('',(-1.5,-0.4,0.));
#7545 = VECTOR('',#7546,1.);
#7546 = DIRECTION('',(0.,0.,1.));
#7547 = PLANE('',#7548);
#7548 = AXIS2_PLACEMENT_3D('',#7549,#7550,#7551);
#7549 = CARTESIAN_POINT('',(-1.25,-0.4,0.));
#7550 = DIRECTION('',(-4.669739647545E-16,-1.,0.));
#7551 = DIRECTION('',(-1.,4.669739647545E-16,0.));
#7552 = ADVANCED_FACE('',(#7553),#7571,.F.);
#7553 = FACE_BOUND('',#7554,.F.);
#7554 = EDGE_LOOP('',(#7555,#7563,#7564,#7565));
#7555 = ORIENTED_EDGE('',*,*,#7556,.F.);
#7556 = EDGE_CURVE('',#7479,#7557,#7559,.T.);
#7557 = VERTEX_POINT('',#7558);
#7558 = CARTESIAN_POINT('',(0.6,1.25,0.));
#7559 = LINE('',#7560,#7561);
#7560 = CARTESIAN_POINT('',(0.4,1.25,0.));
#7561 = VECTOR('',#7562,1.);
#7562 = DIRECTION('',(1.,-4.555315873023E-16,0.));
#7563 = ORIENTED_EDGE('',*,*,#7502,.T.);
#7564 = ORIENTED_EDGE('',*,*,#6611,.F.);
#7565 = ORIENTED_EDGE('',*,*,#7566,.F.);
#7566 = EDGE_CURVE('',#7557,#6604,#7567,.T.);
#7567 = LINE('',#7568,#7569);
#7568 = CARTESIAN_POINT('',(0.6,1.25,0.));
#7569 = VECTOR('',#7570,1.);
#7570 = DIRECTION('',(0.,0.,1.));
#7571 = PLANE('',#7572);
#7572 = AXIS2_PLACEMENT_3D('',#7573,#7574,#7575);
#7573 = CARTESIAN_POINT('',(0.4,1.25,0.));
#7574 = DIRECTION('',(4.555315873023E-16,1.,0.));
#7575 = DIRECTION('',(1.,-4.555315873023E-16,0.));
#7576 = ADVANCED_FACE('',(#7577),#7595,.F.);
#7577 = FACE_BOUND('',#7578,.F.);
#7578 = EDGE_LOOP('',(#7579,#7587,#7593,#7594));
#7579 = ORIENTED_EDGE('',*,*,#7580,.F.);
#7580 = EDGE_CURVE('',#7581,#7517,#7583,.T.);
#7581 = VERTEX_POINT('',#7582);
#7582 = CARTESIAN_POINT('',(-1.25,-0.6,0.));
#7583 = LINE('',#7584,#7585);
#7584 = CARTESIAN_POINT('',(-1.25,-0.6,0.));
#7585 = VECTOR('',#7586,1.);
#7586 = DIRECTION('',(4.669739647545E-16,1.,0.));
#7587 = ORIENTED_EDGE('',*,*,#7588,.T.);
#7588 = EDGE_CURVE('',#7581,#6172,#7589,.T.);
#7589 = LINE('',#7590,#7591);
#7590 = CARTESIAN_POINT('',(-1.25,-0.6,0.));
#7591 = VECTOR('',#7592,1.);
#7592 = DIRECTION('',(0.,0.,1.));
#7593 = ORIENTED_EDGE('',*,*,#6171,.F.);
#7594 = ORIENTED_EDGE('',*,*,#7526,.F.);
#7595 = PLANE('',#7596);
#7596 = AXIS2_PLACEMENT_3D('',#7597,#7598,#7599);
#7597 = CARTESIAN_POINT('',(-1.25,-0.6,0.));
#7598 = DIRECTION('',(-1.,4.669739647545E-16,0.));
#7599 = DIRECTION('',(4.669739647545E-16,1.,0.));
#7600 = ADVANCED_FACE('',(#7601),#7628,.F.);
#7601 = FACE_BOUND('',#7602,.F.);
#7602 = EDGE_LOOP('',(#7603,#7611,#7612,#7613,#7614,#7622));
#7603 = ORIENTED_EDGE('',*,*,#7604,.F.);
#7604 = EDGE_CURVE('',#7557,#7605,#7607,.T.);
#7605 = VERTEX_POINT('',#7606);
#7606 = CARTESIAN_POINT('',(0.6,1.5,0.));
#7607 = LINE('',#7608,#7609);
#7608 = CARTESIAN_POINT('',(0.6,1.25,0.));
#7609 = VECTOR('',#7610,1.);
#7610 = DIRECTION('',(4.555315873023E-16,1.,0.));
#7611 = ORIENTED_EDGE('',*,*,#7566,.T.);
#7612 = ORIENTED_EDGE('',*,*,#6603,.F.);
#7613 = ORIENTED_EDGE('',*,*,#6796,.F.);
#7614 = ORIENTED_EDGE('',*,*,#7615,.T.);
#7615 = EDGE_CURVE('',#6789,#7616,#7618,.T.);
#7616 = VERTEX_POINT('',#7617);
#7617 = CARTESIAN_POINT('',(0.6,1.5,0.2));
#7618 = LINE('',#7619,#7620);
#7619 = CARTESIAN_POINT('',(0.6,1.25,0.2));
#7620 = VECTOR('',#7621,1.);
#7621 = DIRECTION('',(4.555315873023E-16,1.,0.));
#7622 = ORIENTED_EDGE('',*,*,#7623,.F.);
#7623 = EDGE_CURVE('',#7605,#7616,#7624,.T.);
#7624 = LINE('',#7625,#7626);
#7625 = CARTESIAN_POINT('',(0.6,1.5,0.));
#7626 = VECTOR('',#7627,1.);
#7627 = DIRECTION('',(0.,0.,1.));
#7628 = PLANE('',#7629);
#7629 = AXIS2_PLACEMENT_3D('',#7630,#7631,#7632);
#7630 = CARTESIAN_POINT('',(0.6,1.25,0.));
#7631 = DIRECTION('',(-1.,4.555315873023E-16,0.));
#7632 = DIRECTION('',(4.555315873023E-16,1.,0.));
#7633 = ADVANCED_FACE('',(#7634),#7661,.F.);
#7634 = FACE_BOUND('',#7635,.F.);
#7635 = EDGE_LOOP('',(#7636,#7644,#7652,#7658,#7659,#7660));
#7636 = ORIENTED_EDGE('',*,*,#7637,.F.);
#7637 = EDGE_CURVE('',#7638,#7581,#7640,.T.);
#7638 = VERTEX_POINT('',#7639);
#7639 = CARTESIAN_POINT('',(-1.5,-0.6,0.));
#7640 = LINE('',#7641,#7642);
#7641 = CARTESIAN_POINT('',(-1.5,-0.6,0.));
#7642 = VECTOR('',#7643,1.);
#7643 = DIRECTION('',(1.,-4.669739647545E-16,0.));
#7644 = ORIENTED_EDGE('',*,*,#7645,.T.);
#7645 = EDGE_CURVE('',#7638,#7646,#7648,.T.);
#7646 = VERTEX_POINT('',#7647);
#7647 = CARTESIAN_POINT('',(-1.5,-0.6,0.2));
#7648 = LINE('',#7649,#7650);
#7649 = CARTESIAN_POINT('',(-1.5,-0.6,0.));
#7650 = VECTOR('',#7651,1.);
#7651 = DIRECTION('',(0.,0.,1.));
#7652 = ORIENTED_EDGE('',*,*,#7653,.T.);
#7653 = EDGE_CURVE('',#7646,#6893,#7654,.T.);
#7654 = LINE('',#7655,#7656);
#7655 = CARTESIAN_POINT('',(-1.5,-0.6,0.2));
#7656 = VECTOR('',#7657,1.);
#7657 = DIRECTION('',(1.,-4.669739647545E-16,0.));
#7658 = ORIENTED_EDGE('',*,*,#6892,.F.);
#7659 = ORIENTED_EDGE('',*,*,#6179,.F.);
#7660 = ORIENTED_EDGE('',*,*,#7588,.F.);
#7661 = PLANE('',#7662);
#7662 = AXIS2_PLACEMENT_3D('',#7663,#7664,#7665);
#7663 = CARTESIAN_POINT('',(-1.5,-0.6,0.));
#7664 = DIRECTION('',(4.669739647545E-16,1.,0.));
#7665 = DIRECTION('',(1.,-4.669739647545E-16,0.));
#7666 = ADVANCED_FACE('',(#7667),#7701,.F.);
#7667 = FACE_BOUND('',#7668,.F.);
#7668 = EDGE_LOOP('',(#7669,#7679,#7687,#7693,#7694,#7695));
#7669 = ORIENTED_EDGE('',*,*,#7670,.F.);
#7670 = EDGE_CURVE('',#7671,#7673,#7675,.T.);
#7671 = VERTEX_POINT('',#7672);
#7672 = CARTESIAN_POINT('',(0.9,1.5,0.));
#7673 = VERTEX_POINT('',#7674);
#7674 = CARTESIAN_POINT('',(0.9,1.25,0.));
#7675 = LINE('',#7676,#7677);
#7676 = CARTESIAN_POINT('',(0.9,1.5,0.));
#7677 = VECTOR('',#7678,1.);
#7678 = DIRECTION('',(-4.555315873023E-16,-1.,0.));
#7679 = ORIENTED_EDGE('',*,*,#7680,.T.);
#7680 = EDGE_CURVE('',#7671,#7681,#7683,.T.);
#7681 = VERTEX_POINT('',#7682);
#7682 = CARTESIAN_POINT('',(0.9,1.5,0.2));
#7683 = LINE('',#7684,#7685);
#7684 = CARTESIAN_POINT('',(0.9,1.5,0.));
#7685 = VECTOR('',#7686,1.);
#7686 = DIRECTION('',(0.,0.,1.));
#7687 = ORIENTED_EDGE('',*,*,#7688,.T.);
#7688 = EDGE_CURVE('',#7681,#6804,#7689,.T.);
#7689 = LINE('',#7690,#7691);
#7690 = CARTESIAN_POINT('',(0.9,1.5,0.2));
#7691 = VECTOR('',#7692,1.);
#7692 = DIRECTION('',(-4.555315873023E-16,-1.,0.));
#7693 = ORIENTED_EDGE('',*,*,#6803,.F.);
#7694 = ORIENTED_EDGE('',*,*,#6587,.F.);
#7695 = ORIENTED_EDGE('',*,*,#7696,.F.);
#7696 = EDGE_CURVE('',#7673,#6580,#7697,.T.);
#7697 = LINE('',#7698,#7699);
#7698 = CARTESIAN_POINT('',(0.9,1.25,0.));
#7699 = VECTOR('',#7700,1.);
#7700 = DIRECTION('',(0.,0.,1.));
#7701 = PLANE('',#7702);
#7702 = AXIS2_PLACEMENT_3D('',#7703,#7704,#7705);
#7703 = CARTESIAN_POINT('',(0.9,1.5,0.));
#7704 = DIRECTION('',(1.,-4.555315873023E-16,0.));
#7705 = DIRECTION('',(-4.555315873023E-16,-1.,0.));
#7706 = ADVANCED_FACE('',(#7707),#7741,.F.);
#7707 = FACE_BOUND('',#7708,.F.);
#7708 = EDGE_LOOP('',(#7709,#7719,#7725,#7726,#7727,#7735));
#7709 = ORIENTED_EDGE('',*,*,#7710,.F.);
#7710 = EDGE_CURVE('',#7711,#7713,#7715,.T.);
#7711 = VERTEX_POINT('',#7712);
#7712 = CARTESIAN_POINT('',(-1.25,-0.9,0.));
#7713 = VERTEX_POINT('',#7714);
#7714 = CARTESIAN_POINT('',(-1.5,-0.9,0.));
#7715 = LINE('',#7716,#7717);
#7716 = CARTESIAN_POINT('',(-1.25,-0.9,0.));
#7717 = VECTOR('',#7718,1.);
#7718 = DIRECTION('',(-1.,4.669739647545E-16,0.));
#7719 = ORIENTED_EDGE('',*,*,#7720,.T.);
#7720 = EDGE_CURVE('',#7711,#6196,#7721,.T.);
#7721 = LINE('',#7722,#7723);
#7722 = CARTESIAN_POINT('',(-1.25,-0.9,0.));
#7723 = VECTOR('',#7724,1.);
#7724 = DIRECTION('',(0.,0.,1.));
#7725 = ORIENTED_EDGE('',*,*,#6195,.F.);
#7726 = ORIENTED_EDGE('',*,*,#6885,.F.);
#7727 = ORIENTED_EDGE('',*,*,#7728,.T.);
#7728 = EDGE_CURVE('',#6878,#7729,#7731,.T.);
#7729 = VERTEX_POINT('',#7730);
#7730 = CARTESIAN_POINT('',(-1.5,-0.9,0.2));
#7731 = LINE('',#7732,#7733);
#7732 = CARTESIAN_POINT('',(-1.25,-0.9,0.2));
#7733 = VECTOR('',#7734,1.);
#7734 = DIRECTION('',(-1.,4.669739647545E-16,0.));
#7735 = ORIENTED_EDGE('',*,*,#7736,.F.);
#7736 = EDGE_CURVE('',#7713,#7729,#7737,.T.);
#7737 = LINE('',#7738,#7739);
#7738 = CARTESIAN_POINT('',(-1.5,-0.9,0.));
#7739 = VECTOR('',#7740,1.);
#7740 = DIRECTION('',(0.,0.,1.));
#7741 = PLANE('',#7742);
#7742 = AXIS2_PLACEMENT_3D('',#7743,#7744,#7745);
#7743 = CARTESIAN_POINT('',(-1.25,-0.9,0.));
#7744 = DIRECTION('',(-4.669739647545E-16,-1.,0.));
#7745 = DIRECTION('',(-1.,4.669739647545E-16,0.));
#7746 = ADVANCED_FACE('',(#7747),#7765,.F.);
#7747 = FACE_BOUND('',#7748,.F.);
#7748 = EDGE_LOOP('',(#7749,#7757,#7758,#7759));
#7749 = ORIENTED_EDGE('',*,*,#7750,.F.);
#7750 = EDGE_CURVE('',#7673,#7751,#7753,.T.);
#7751 = VERTEX_POINT('',#7752);
#7752 = CARTESIAN_POINT('',(1.1,1.25,0.));
#7753 = LINE('',#7754,#7755);
#7754 = CARTESIAN_POINT('',(0.9,1.25,0.));
#7755 = VECTOR('',#7756,1.);
#7756 = DIRECTION('',(1.,-4.555315873023E-16,0.));
#7757 = ORIENTED_EDGE('',*,*,#7696,.T.);
#7758 = ORIENTED_EDGE('',*,*,#6579,.F.);
#7759 = ORIENTED_EDGE('',*,*,#7760,.F.);
#7760 = EDGE_CURVE('',#7751,#6572,#7761,.T.);
#7761 = LINE('',#7762,#7763);
#7762 = CARTESIAN_POINT('',(1.1,1.25,0.));
#7763 = VECTOR('',#7764,1.);
#7764 = DIRECTION('',(0.,0.,1.));
#7765 = PLANE('',#7766);
#7766 = AXIS2_PLACEMENT_3D('',#7767,#7768,#7769);
#7767 = CARTESIAN_POINT('',(0.9,1.25,0.));
#7768 = DIRECTION('',(4.555315873023E-16,1.,0.));
#7769 = DIRECTION('',(1.,-4.555315873023E-16,0.));
#7770 = ADVANCED_FACE('',(#7771),#7789,.F.);
#7771 = FACE_BOUND('',#7772,.F.);
#7772 = EDGE_LOOP('',(#7773,#7781,#7787,#7788));
#7773 = ORIENTED_EDGE('',*,*,#7774,.F.);
#7774 = EDGE_CURVE('',#7775,#7711,#7777,.T.);
#7775 = VERTEX_POINT('',#7776);
#7776 = CARTESIAN_POINT('',(-1.25,-1.1,0.));
#7777 = LINE('',#7778,#7779);
#7778 = CARTESIAN_POINT('',(-1.25,-1.1,0.));
#7779 = VECTOR('',#7780,1.);
#7780 = DIRECTION('',(4.669739647545E-16,1.,0.));
#7781 = ORIENTED_EDGE('',*,*,#7782,.T.);
#7782 = EDGE_CURVE('',#7775,#6204,#7783,.T.);
#7783 = LINE('',#7784,#7785);
#7784 = CARTESIAN_POINT('',(-1.25,-1.1,0.));
#7785 = VECTOR('',#7786,1.);
#7786 = DIRECTION('',(0.,0.,1.));
#7787 = ORIENTED_EDGE('',*,*,#6203,.F.);
#7788 = ORIENTED_EDGE('',*,*,#7720,.F.);
#7789 = PLANE('',#7790);
#7790 = AXIS2_PLACEMENT_3D('',#7791,#7792,#7793);
#7791 = CARTESIAN_POINT('',(-1.25,-1.1,0.));
#7792 = DIRECTION('',(-1.,4.669739647545E-16,0.));
#7793 = DIRECTION('',(4.669739647545E-16,1.,0.));
#7794 = ADVANCED_FACE('',(#7795),#7822,.F.);
#7795 = FACE_BOUND('',#7796,.F.);
#7796 = EDGE_LOOP('',(#7797,#7805,#7806,#7807,#7808,#7816));
#7797 = ORIENTED_EDGE('',*,*,#7798,.F.);
#7798 = EDGE_CURVE('',#7751,#7799,#7801,.T.);
#7799 = VERTEX_POINT('',#7800);
#7800 = CARTESIAN_POINT('',(1.1,1.5,0.));
#7801 = LINE('',#7802,#7803);
#7802 = CARTESIAN_POINT('',(1.1,1.25,0.));
#7803 = VECTOR('',#7804,1.);
#7804 = DIRECTION('',(4.555315873023E-16,1.,0.));
#7805 = ORIENTED_EDGE('',*,*,#7760,.T.);
#7806 = ORIENTED_EDGE('',*,*,#6571,.F.);
#7807 = ORIENTED_EDGE('',*,*,#6819,.F.);
#7808 = ORIENTED_EDGE('',*,*,#7809,.T.);
#7809 = EDGE_CURVE('',#6812,#7810,#7812,.T.);
#7810 = VERTEX_POINT('',#7811);
#7811 = CARTESIAN_POINT('',(1.1,1.5,0.2));
#7812 = LINE('',#7813,#7814);
#7813 = CARTESIAN_POINT('',(1.1,1.25,0.2));
#7814 = VECTOR('',#7815,1.);
#7815 = DIRECTION('',(4.555315873023E-16,1.,0.));
#7816 = ORIENTED_EDGE('',*,*,#7817,.F.);
#7817 = EDGE_CURVE('',#7799,#7810,#7818,.T.);
#7818 = LINE('',#7819,#7820);
#7819 = CARTESIAN_POINT('',(1.1,1.5,0.));
#7820 = VECTOR('',#7821,1.);
#7821 = DIRECTION('',(0.,0.,1.));
#7822 = PLANE('',#7823);
#7823 = AXIS2_PLACEMENT_3D('',#7824,#7825,#7826);
#7824 = CARTESIAN_POINT('',(1.1,1.25,0.));
#7825 = DIRECTION('',(-1.,4.555315873023E-16,0.));
#7826 = DIRECTION('',(4.555315873023E-16,1.,0.));
#7827 = ADVANCED_FACE('',(#7828),#7855,.F.);
#7828 = FACE_BOUND('',#7829,.F.);
#7829 = EDGE_LOOP('',(#7830,#7838,#7846,#7852,#7853,#7854));
#7830 = ORIENTED_EDGE('',*,*,#7831,.F.);
#7831 = EDGE_CURVE('',#7832,#7775,#7834,.T.);
#7832 = VERTEX_POINT('',#7833);
#7833 = CARTESIAN_POINT('',(-1.5,-1.1,0.));
#7834 = LINE('',#7835,#7836);
#7835 = CARTESIAN_POINT('',(-1.5,-1.1,0.));
#7836 = VECTOR('',#7837,1.);
#7837 = DIRECTION('',(1.,-4.669739647545E-16,0.));
#7838 = ORIENTED_EDGE('',*,*,#7839,.T.);
#7839 = EDGE_CURVE('',#7832,#7840,#7842,.T.);
#7840 = VERTEX_POINT('',#7841);
#7841 = CARTESIAN_POINT('',(-1.5,-1.1,0.2));
#7842 = LINE('',#7843,#7844);
#7843 = CARTESIAN_POINT('',(-1.5,-1.1,0.));
#7844 = VECTOR('',#7845,1.);
#7845 = DIRECTION('',(0.,0.,1.));
#7846 = ORIENTED_EDGE('',*,*,#7847,.T.);
#7847 = EDGE_CURVE('',#7840,#6870,#7848,.T.);
#7848 = LINE('',#7849,#7850);
#7849 = CARTESIAN_POINT('',(-1.5,-1.1,0.2));
#7850 = VECTOR('',#7851,1.);
#7851 = DIRECTION('',(1.,-4.669739647545E-16,0.));
#7852 = ORIENTED_EDGE('',*,*,#6869,.F.);
#7853 = ORIENTED_EDGE('',*,*,#6211,.F.);
#7854 = ORIENTED_EDGE('',*,*,#7782,.F.);
#7855 = PLANE('',#7856);
#7856 = AXIS2_PLACEMENT_3D('',#7857,#7858,#7859);
#7857 = CARTESIAN_POINT('',(-1.5,-1.1,0.));
#7858 = DIRECTION('',(4.669739647545E-16,1.,0.));
#7859 = DIRECTION('',(1.,-4.669739647545E-16,0.));
#7860 = ADVANCED_FACE('',(#7861),#7994,.T.);
#7861 = FACE_BOUND('',#7862,.T.);
#7862 = EDGE_LOOP('',(#7863,#7864,#7865,#7873,#7879,#7880,#7888,#7896,
    #7902,#7903,#7911,#7919,#7925,#7926,#7934,#7942,#7948,#7949,#7957,
    #7965,#7971,#7972,#7980,#7988));
#7863 = ORIENTED_EDGE('',*,*,#6555,.F.);
#7864 = ORIENTED_EDGE('',*,*,#6826,.T.);
#7865 = ORIENTED_EDGE('',*,*,#7866,.T.);
#7866 = EDGE_CURVE('',#6711,#7867,#7869,.T.);
#7867 = VERTEX_POINT('',#7868);
#7868 = CARTESIAN_POINT('',(1.45,-1.45,0.6));
#7869 = LINE('',#7870,#7871);
#7870 = CARTESIAN_POINT('',(1.45,1.45,0.6));
#7871 = VECTOR('',#7872,1.);
#7872 = DIRECTION('',(-2.22044604925E-16,-1.,0.));
#7873 = ORIENTED_EDGE('',*,*,#7874,.F.);
#7874 = EDGE_CURVE('',#6388,#7867,#7875,.T.);
#7875 = LINE('',#7876,#7877);
#7876 = CARTESIAN_POINT('',(1.45,-1.45,0.1));
#7877 = VECTOR('',#7878,1.);
#7878 = DIRECTION('',(0.,0.,1.));
#7879 = ORIENTED_EDGE('',*,*,#6395,.F.);
#7880 = ORIENTED_EDGE('',*,*,#7881,.T.);
#7881 = EDGE_CURVE('',#6396,#7882,#7884,.T.);
#7882 = VERTEX_POINT('',#7883);
#7883 = CARTESIAN_POINT('',(1.45,-1.1,0.2));
#7884 = LINE('',#7885,#7886);
#7885 = CARTESIAN_POINT('',(1.45,-1.1,5.E-02));
#7886 = VECTOR('',#7887,1.);
#7887 = DIRECTION('',(0.,0.,1.));
#7888 = ORIENTED_EDGE('',*,*,#7889,.F.);
#7889 = EDGE_CURVE('',#7890,#7882,#7892,.T.);
#7890 = VERTEX_POINT('',#7891);
#7891 = CARTESIAN_POINT('',(1.45,-0.9,0.2));
#7892 = LINE('',#7893,#7894);
#7893 = CARTESIAN_POINT('',(1.45,0.225,0.2));
#7894 = VECTOR('',#7895,1.);
#7895 = DIRECTION('',(-2.22044604925E-16,-1.,0.));
#7896 = ORIENTED_EDGE('',*,*,#7897,.T.);
#7897 = EDGE_CURVE('',#7890,#6420,#7898,.T.);
#7898 = LINE('',#7899,#7900);
#7899 = CARTESIAN_POINT('',(1.45,-0.9,5.E-02));
#7900 = VECTOR('',#7901,1.);
#7901 = DIRECTION('',(0.,-0.,-1.));
#7902 = ORIENTED_EDGE('',*,*,#6427,.F.);
#7903 = ORIENTED_EDGE('',*,*,#7904,.T.);
#7904 = EDGE_CURVE('',#6428,#7905,#7907,.T.);
#7905 = VERTEX_POINT('',#7906);
#7906 = CARTESIAN_POINT('',(1.45,-0.6,0.2));
#7907 = LINE('',#7908,#7909);
#7908 = CARTESIAN_POINT('',(1.45,-0.6,5.E-02));
#7909 = VECTOR('',#7910,1.);
#7910 = DIRECTION('',(0.,0.,1.));
#7911 = ORIENTED_EDGE('',*,*,#7912,.F.);
#7912 = EDGE_CURVE('',#7913,#7905,#7915,.T.);
#7913 = VERTEX_POINT('',#7914);
#7914 = CARTESIAN_POINT('',(1.45,-0.4,0.2));
#7915 = LINE('',#7916,#7917);
#7916 = CARTESIAN_POINT('',(1.45,0.475,0.2));
#7917 = VECTOR('',#7918,1.);
#7918 = DIRECTION('',(-2.22044604925E-16,-1.,0.));
#7919 = ORIENTED_EDGE('',*,*,#7920,.T.);
#7920 = EDGE_CURVE('',#7913,#6452,#7921,.T.);
#7921 = LINE('',#7922,#7923);
#7922 = CARTESIAN_POINT('',(1.45,-0.4,5.E-02));
#7923 = VECTOR('',#7924,1.);
#7924 = DIRECTION('',(0.,-0.,-1.));
#7925 = ORIENTED_EDGE('',*,*,#6459,.F.);
#7926 = ORIENTED_EDGE('',*,*,#7927,.T.);
#7927 = EDGE_CURVE('',#6460,#7928,#7930,.T.);
#7928 = VERTEX_POINT('',#7929);
#7929 = CARTESIAN_POINT('',(1.45,-0.1,0.2));
#7930 = LINE('',#7931,#7932);
#7931 = CARTESIAN_POINT('',(1.45,-0.1,5.E-02));
#7932 = VECTOR('',#7933,1.);
#7933 = DIRECTION('',(0.,0.,1.));
#7934 = ORIENTED_EDGE('',*,*,#7935,.F.);
#7935 = EDGE_CURVE('',#7936,#7928,#7938,.T.);
#7936 = VERTEX_POINT('',#7937);
#7937 = CARTESIAN_POINT('',(1.45,0.1,0.2));
#7938 = LINE('',#7939,#7940);
#7939 = CARTESIAN_POINT('',(1.45,0.725,0.2));
#7940 = VECTOR('',#7941,1.);
#7941 = DIRECTION('',(-2.22044604925E-16,-1.,0.));
#7942 = ORIENTED_EDGE('',*,*,#7943,.T.);
#7943 = EDGE_CURVE('',#7936,#6484,#7944,.T.);
#7944 = LINE('',#7945,#7946);
#7945 = CARTESIAN_POINT('',(1.45,0.1,5.E-02));
#7946 = VECTOR('',#7947,1.);
#7947 = DIRECTION('',(0.,-0.,-1.));
#7948 = ORIENTED_EDGE('',*,*,#6491,.F.);
#7949 = ORIENTED_EDGE('',*,*,#7950,.T.);
#7950 = EDGE_CURVE('',#6492,#7951,#7953,.T.);
#7951 = VERTEX_POINT('',#7952);
#7952 = CARTESIAN_POINT('',(1.45,0.4,0.2));
#7953 = LINE('',#7954,#7955);
#7954 = CARTESIAN_POINT('',(1.45,0.4,5.E-02));
#7955 = VECTOR('',#7956,1.);
#7956 = DIRECTION('',(0.,0.,1.));
#7957 = ORIENTED_EDGE('',*,*,#7958,.F.);
#7958 = EDGE_CURVE('',#7959,#7951,#7961,.T.);
#7959 = VERTEX_POINT('',#7960);
#7960 = CARTESIAN_POINT('',(1.45,0.6,0.2));
#7961 = LINE('',#7962,#7963);
#7962 = CARTESIAN_POINT('',(1.45,0.975,0.2));
#7963 = VECTOR('',#7964,1.);
#7964 = DIRECTION('',(-2.22044604925E-16,-1.,0.));
#7965 = ORIENTED_EDGE('',*,*,#7966,.T.);
#7966 = EDGE_CURVE('',#7959,#6516,#7967,.T.);
#7967 = LINE('',#7968,#7969);
#7968 = CARTESIAN_POINT('',(1.45,0.6,5.E-02));
#7969 = VECTOR('',#7970,1.);
#7970 = DIRECTION('',(0.,-0.,-1.));
#7971 = ORIENTED_EDGE('',*,*,#6523,.F.);
#7972 = ORIENTED_EDGE('',*,*,#7973,.T.);
#7973 = EDGE_CURVE('',#6524,#7974,#7976,.T.);
#7974 = VERTEX_POINT('',#7975);
#7975 = CARTESIAN_POINT('',(1.45,0.9,0.2));
#7976 = LINE('',#7977,#7978);
#7977 = CARTESIAN_POINT('',(1.45,0.9,5.E-02));
#7978 = VECTOR('',#7979,1.);
#7979 = DIRECTION('',(0.,0.,1.));
#7980 = ORIENTED_EDGE('',*,*,#7981,.F.);
#7981 = EDGE_CURVE('',#7982,#7974,#7984,.T.);
#7982 = VERTEX_POINT('',#7983);
#7983 = CARTESIAN_POINT('',(1.45,1.1,0.2));
#7984 = LINE('',#7985,#7986);
#7985 = CARTESIAN_POINT('',(1.45,1.225,0.2));
#7986 = VECTOR('',#7987,1.);
#7987 = DIRECTION('',(-2.22044604925E-16,-1.,0.));
#7988 = ORIENTED_EDGE('',*,*,#7989,.T.);
#7989 = EDGE_CURVE('',#7982,#6548,#7990,.T.);
#7990 = LINE('',#7991,#7992);
#7991 = CARTESIAN_POINT('',(1.45,1.1,5.E-02));
#7992 = VECTOR('',#7993,1.);
#7993 = DIRECTION('',(0.,-0.,-1.));
#7994 = PLANE('',#7995);
#7995 = AXIS2_PLACEMENT_3D('',#7996,#7997,#7998);
#7996 = CARTESIAN_POINT('',(1.45,1.45,0.1));
#7997 = DIRECTION('',(1.,-2.22044604925E-16,0.));
#7998 = DIRECTION('',(0.,0.,1.));
#7999 = ADVANCED_FACE('',(#8000),#8126,.T.);
#8000 = FACE_BOUND('',#8001,.T.);
#8001 = EDGE_LOOP('',(#8002,#8008,#8009,#8010,#8018,#8026,#8032,#8033,
    #8041,#8049,#8055,#8056,#8064,#8072,#8078,#8079,#8087,#8095,#8101,
    #8102,#8110,#8118,#8124,#8125));
#8002 = ORIENTED_EDGE('',*,*,#8003,.F.);
#8003 = EDGE_CURVE('',#6855,#7867,#8004,.T.);
#8004 = LINE('',#8005,#8006);
#8005 = CARTESIAN_POINT('',(-1.45,-1.45,0.6));
#8006 = VECTOR('',#8007,1.);
#8007 = DIRECTION('',(1.,-2.22044604925E-16,0.));
#8008 = ORIENTED_EDGE('',*,*,#6862,.F.);
#8009 = ORIENTED_EDGE('',*,*,#6227,.T.);
#8010 = ORIENTED_EDGE('',*,*,#8011,.T.);
#8011 = EDGE_CURVE('',#6228,#8012,#8014,.T.);
#8012 = VERTEX_POINT('',#8013);
#8013 = CARTESIAN_POINT('',(-1.1,-1.45,0.2));
#8014 = LINE('',#8015,#8016);
#8015 = CARTESIAN_POINT('',(-1.1,-1.45,5.E-02));
#8016 = VECTOR('',#8017,1.);
#8017 = DIRECTION('',(0.,0.,1.));
#8018 = ORIENTED_EDGE('',*,*,#8019,.F.);
#8019 = EDGE_CURVE('',#8020,#8012,#8022,.T.);
#8020 = VERTEX_POINT('',#8021);
#8021 = CARTESIAN_POINT('',(-0.9,-1.45,0.2));
#8022 = LINE('',#8023,#8024);
#8023 = CARTESIAN_POINT('',(-1.225,-1.45,0.2));
#8024 = VECTOR('',#8025,1.);
#8025 = DIRECTION('',(-1.,2.22044604925E-16,0.));
#8026 = ORIENTED_EDGE('',*,*,#8027,.T.);
#8027 = EDGE_CURVE('',#8020,#6252,#8028,.T.);
#8028 = LINE('',#8029,#8030);
#8029 = CARTESIAN_POINT('',(-0.9,-1.45,5.E-02));
#8030 = VECTOR('',#8031,1.);
#8031 = DIRECTION('',(-0.,0.,-1.));
#8032 = ORIENTED_EDGE('',*,*,#6259,.T.);
#8033 = ORIENTED_EDGE('',*,*,#8034,.T.);
#8034 = EDGE_CURVE('',#6260,#8035,#8037,.T.);
#8035 = VERTEX_POINT('',#8036);
#8036 = CARTESIAN_POINT('',(-0.6,-1.45,0.2));
#8037 = LINE('',#8038,#8039);
#8038 = CARTESIAN_POINT('',(-0.6,-1.45,5.E-02));
#8039 = VECTOR('',#8040,1.);
#8040 = DIRECTION('',(0.,0.,1.));
#8041 = ORIENTED_EDGE('',*,*,#8042,.F.);
#8042 = EDGE_CURVE('',#8043,#8035,#8045,.T.);
#8043 = VERTEX_POINT('',#8044);
#8044 = CARTESIAN_POINT('',(-0.4,-1.45,0.2));
#8045 = LINE('',#8046,#8047);
#8046 = CARTESIAN_POINT('',(-0.975,-1.45,0.2));
#8047 = VECTOR('',#8048,1.);
#8048 = DIRECTION('',(-1.,2.22044604925E-16,0.));
#8049 = ORIENTED_EDGE('',*,*,#8050,.T.);
#8050 = EDGE_CURVE('',#8043,#6284,#8051,.T.);
#8051 = LINE('',#8052,#8053);
#8052 = CARTESIAN_POINT('',(-0.4,-1.45,5.E-02));
#8053 = VECTOR('',#8054,1.);
#8054 = DIRECTION('',(-0.,0.,-1.));
#8055 = ORIENTED_EDGE('',*,*,#6291,.T.);
#8056 = ORIENTED_EDGE('',*,*,#8057,.T.);
#8057 = EDGE_CURVE('',#6292,#8058,#8060,.T.);
#8058 = VERTEX_POINT('',#8059);
#8059 = CARTESIAN_POINT('',(-0.1,-1.45,0.2));
#8060 = LINE('',#8061,#8062);
#8061 = CARTESIAN_POINT('',(-0.1,-1.45,5.E-02));
#8062 = VECTOR('',#8063,1.);
#8063 = DIRECTION('',(0.,0.,1.));
#8064 = ORIENTED_EDGE('',*,*,#8065,.F.);
#8065 = EDGE_CURVE('',#8066,#8058,#8068,.T.);
#8066 = VERTEX_POINT('',#8067);
#8067 = CARTESIAN_POINT('',(0.1,-1.45,0.2));
#8068 = LINE('',#8069,#8070);
#8069 = CARTESIAN_POINT('',(-0.725,-1.45,0.2));
#8070 = VECTOR('',#8071,1.);
#8071 = DIRECTION('',(-1.,2.22044604925E-16,0.));
#8072 = ORIENTED_EDGE('',*,*,#8073,.T.);
#8073 = EDGE_CURVE('',#8066,#6316,#8074,.T.);
#8074 = LINE('',#8075,#8076);
#8075 = CARTESIAN_POINT('',(0.1,-1.45,5.E-02));
#8076 = VECTOR('',#8077,1.);
#8077 = DIRECTION('',(-0.,0.,-1.));
#8078 = ORIENTED_EDGE('',*,*,#6323,.T.);
#8079 = ORIENTED_EDGE('',*,*,#8080,.T.);
#8080 = EDGE_CURVE('',#6324,#8081,#8083,.T.);
#8081 = VERTEX_POINT('',#8082);
#8082 = CARTESIAN_POINT('',(0.4,-1.45,0.2));
#8083 = LINE('',#8084,#8085);
#8084 = CARTESIAN_POINT('',(0.4,-1.45,5.E-02));
#8085 = VECTOR('',#8086,1.);
#8086 = DIRECTION('',(0.,0.,1.));
#8087 = ORIENTED_EDGE('',*,*,#8088,.F.);
#8088 = EDGE_CURVE('',#8089,#8081,#8091,.T.);
#8089 = VERTEX_POINT('',#8090);
#8090 = CARTESIAN_POINT('',(0.6,-1.45,0.2));
#8091 = LINE('',#8092,#8093);
#8092 = CARTESIAN_POINT('',(-0.475,-1.45,0.2));
#8093 = VECTOR('',#8094,1.);
#8094 = DIRECTION('',(-1.,2.22044604925E-16,0.));
#8095 = ORIENTED_EDGE('',*,*,#8096,.T.);
#8096 = EDGE_CURVE('',#8089,#6348,#8097,.T.);
#8097 = LINE('',#8098,#8099);
#8098 = CARTESIAN_POINT('',(0.6,-1.45,5.E-02));
#8099 = VECTOR('',#8100,1.);
#8100 = DIRECTION('',(-0.,0.,-1.));
#8101 = ORIENTED_EDGE('',*,*,#6355,.T.);
#8102 = ORIENTED_EDGE('',*,*,#8103,.T.);
#8103 = EDGE_CURVE('',#6356,#8104,#8106,.T.);
#8104 = VERTEX_POINT('',#8105);
#8105 = CARTESIAN_POINT('',(0.9,-1.45,0.2));
#8106 = LINE('',#8107,#8108);
#8107 = CARTESIAN_POINT('',(0.9,-1.45,5.E-02));
#8108 = VECTOR('',#8109,1.);
#8109 = DIRECTION('',(0.,0.,1.));
#8110 = ORIENTED_EDGE('',*,*,#8111,.F.);
#8111 = EDGE_CURVE('',#8112,#8104,#8114,.T.);
#8112 = VERTEX_POINT('',#8113);
#8113 = CARTESIAN_POINT('',(1.1,-1.45,0.2));
#8114 = LINE('',#8115,#8116);
#8115 = CARTESIAN_POINT('',(-0.225,-1.45,0.2));
#8116 = VECTOR('',#8117,1.);
#8117 = DIRECTION('',(-1.,2.22044604925E-16,0.));
#8118 = ORIENTED_EDGE('',*,*,#8119,.T.);
#8119 = EDGE_CURVE('',#8112,#6380,#8120,.T.);
#8120 = LINE('',#8121,#8122);
#8121 = CARTESIAN_POINT('',(1.1,-1.45,5.E-02));
#8122 = VECTOR('',#8123,1.);
#8123 = DIRECTION('',(-0.,0.,-1.));
#8124 = ORIENTED_EDGE('',*,*,#6387,.T.);
#8125 = ORIENTED_EDGE('',*,*,#7874,.T.);
#8126 = PLANE('',#8127);
#8127 = AXIS2_PLACEMENT_3D('',#8128,#8129,#8130);
#8128 = CARTESIAN_POINT('',(-1.45,-1.45,0.1));
#8129 = DIRECTION('',(-2.22044604925E-16,-1.,0.));
#8130 = DIRECTION('',(0.,0.,1.));
#8131 = ADVANCED_FACE('',(#8132),#8166,.F.);
#8132 = FACE_BOUND('',#8133,.F.);
#8133 = EDGE_LOOP('',(#8134,#8144,#8152,#8158,#8159,#8160));
#8134 = ORIENTED_EDGE('',*,*,#8135,.F.);
#8135 = EDGE_CURVE('',#8136,#8138,#8140,.T.);
#8136 = VERTEX_POINT('',#8137);
#8137 = CARTESIAN_POINT('',(1.5,1.1,0.));
#8138 = VERTEX_POINT('',#8139);
#8139 = CARTESIAN_POINT('',(1.25,1.1,0.));
#8140 = LINE('',#8141,#8142);
#8141 = CARTESIAN_POINT('',(1.5,1.1,0.));
#8142 = VECTOR('',#8143,1.);
#8143 = DIRECTION('',(-1.,3.445092848398E-16,0.));
#8144 = ORIENTED_EDGE('',*,*,#8145,.T.);
#8145 = EDGE_CURVE('',#8136,#8146,#8148,.T.);
#8146 = VERTEX_POINT('',#8147);
#8147 = CARTESIAN_POINT('',(1.5,1.1,0.2));
#8148 = LINE('',#8149,#8150);
#8149 = CARTESIAN_POINT('',(1.5,1.1,0.));
#8150 = VECTOR('',#8151,1.);
#8151 = DIRECTION('',(0.,0.,1.));
#8152 = ORIENTED_EDGE('',*,*,#8153,.T.);
#8153 = EDGE_CURVE('',#8146,#7982,#8154,.T.);
#8154 = LINE('',#8155,#8156);
#8155 = CARTESIAN_POINT('',(1.5,1.1,0.2));
#8156 = VECTOR('',#8157,1.);
#8157 = DIRECTION('',(-1.,3.445092848398E-16,0.));
#8158 = ORIENTED_EDGE('',*,*,#7989,.T.);
#8159 = ORIENTED_EDGE('',*,*,#6547,.F.);
#8160 = ORIENTED_EDGE('',*,*,#8161,.F.);
#8161 = EDGE_CURVE('',#8138,#6540,#8162,.T.);
#8162 = LINE('',#8163,#8164);
#8163 = CARTESIAN_POINT('',(1.25,1.1,0.));
#8164 = VECTOR('',#8165,1.);
#8165 = DIRECTION('',(0.,0.,1.));
#8166 = PLANE('',#8167);
#8167 = AXIS2_PLACEMENT_3D('',#8168,#8169,#8170);
#8168 = CARTESIAN_POINT('',(1.5,1.1,0.));
#8169 = DIRECTION('',(-3.445092848398E-16,-1.,0.));
#8170 = DIRECTION('',(-1.,3.445092848398E-16,0.));
#8171 = ADVANCED_FACE('',(#8172),#8206,.F.);
#8172 = FACE_BOUND('',#8173,.F.);
#8173 = EDGE_LOOP('',(#8174,#8184,#8190,#8191,#8192,#8200));
#8174 = ORIENTED_EDGE('',*,*,#8175,.F.);
#8175 = EDGE_CURVE('',#8176,#8178,#8180,.T.);
#8176 = VERTEX_POINT('',#8177);
#8177 = CARTESIAN_POINT('',(-1.1,-1.25,0.));
#8178 = VERTEX_POINT('',#8179);
#8179 = CARTESIAN_POINT('',(-1.1,-1.5,0.));
#8180 = LINE('',#8181,#8182);
#8181 = CARTESIAN_POINT('',(-1.1,-1.25,0.));
#8182 = VECTOR('',#8183,1.);
#8183 = DIRECTION('',(-5.665538897648E-16,-1.,0.));
#8184 = ORIENTED_EDGE('',*,*,#8185,.T.);
#8185 = EDGE_CURVE('',#8176,#6236,#8186,.T.);
#8186 = LINE('',#8187,#8188);
#8187 = CARTESIAN_POINT('',(-1.1,-1.25,0.));
#8188 = VECTOR('',#8189,1.);
#8189 = DIRECTION('',(0.,0.,1.));
#8190 = ORIENTED_EDGE('',*,*,#6235,.F.);
#8191 = ORIENTED_EDGE('',*,*,#8011,.T.);
#8192 = ORIENTED_EDGE('',*,*,#8193,.T.);
#8193 = EDGE_CURVE('',#8012,#8194,#8196,.T.);
#8194 = VERTEX_POINT('',#8195);
#8195 = CARTESIAN_POINT('',(-1.1,-1.5,0.2));
#8196 = LINE('',#8197,#8198);
#8197 = CARTESIAN_POINT('',(-1.1,-1.25,0.2));
#8198 = VECTOR('',#8199,1.);
#8199 = DIRECTION('',(-5.665538897648E-16,-1.,0.));
#8200 = ORIENTED_EDGE('',*,*,#8201,.F.);
#8201 = EDGE_CURVE('',#8178,#8194,#8202,.T.);
#8202 = LINE('',#8203,#8204);
#8203 = CARTESIAN_POINT('',(-1.1,-1.5,0.));
#8204 = VECTOR('',#8205,1.);
#8205 = DIRECTION('',(0.,0.,1.));
#8206 = PLANE('',#8207);
#8207 = AXIS2_PLACEMENT_3D('',#8208,#8209,#8210);
#8208 = CARTESIAN_POINT('',(-1.1,-1.25,0.));
#8209 = DIRECTION('',(1.,-5.665538897648E-16,0.));
#8210 = DIRECTION('',(-5.665538897648E-16,-1.,0.));
#8211 = ADVANCED_FACE('',(#8212),#8230,.F.);
#8212 = FACE_BOUND('',#8213,.F.);
#8213 = EDGE_LOOP('',(#8214,#8222,#8223,#8224));
#8214 = ORIENTED_EDGE('',*,*,#8215,.F.);
#8215 = EDGE_CURVE('',#8138,#8216,#8218,.T.);
#8216 = VERTEX_POINT('',#8217);
#8217 = CARTESIAN_POINT('',(1.25,0.9,0.));
#8218 = LINE('',#8219,#8220);
#8219 = CARTESIAN_POINT('',(1.25,1.1,0.));
#8220 = VECTOR('',#8221,1.);
#8221 = DIRECTION('',(-3.445092848398E-16,-1.,0.));
#8222 = ORIENTED_EDGE('',*,*,#8161,.T.);
#8223 = ORIENTED_EDGE('',*,*,#6539,.F.);
#8224 = ORIENTED_EDGE('',*,*,#8225,.F.);
#8225 = EDGE_CURVE('',#8216,#6532,#8226,.T.);
#8226 = LINE('',#8227,#8228);
#8227 = CARTESIAN_POINT('',(1.25,0.9,0.));
#8228 = VECTOR('',#8229,1.);
#8229 = DIRECTION('',(0.,0.,1.));
#8230 = PLANE('',#8231);
#8231 = AXIS2_PLACEMENT_3D('',#8232,#8233,#8234);
#8232 = CARTESIAN_POINT('',(1.25,1.1,0.));
#8233 = DIRECTION('',(1.,-3.445092848398E-16,0.));
#8234 = DIRECTION('',(-3.445092848398E-16,-1.,0.));
#8235 = ADVANCED_FACE('',(#8236),#8254,.F.);
#8236 = FACE_BOUND('',#8237,.F.);
#8237 = EDGE_LOOP('',(#8238,#8246,#8252,#8253));
#8238 = ORIENTED_EDGE('',*,*,#8239,.F.);
#8239 = EDGE_CURVE('',#8240,#8176,#8242,.T.);
#8240 = VERTEX_POINT('',#8241);
#8241 = CARTESIAN_POINT('',(-0.9,-1.25,0.));
#8242 = LINE('',#8243,#8244);
#8243 = CARTESIAN_POINT('',(-0.9,-1.25,0.));
#8244 = VECTOR('',#8245,1.);
#8245 = DIRECTION('',(-1.,5.665538897648E-16,0.));
#8246 = ORIENTED_EDGE('',*,*,#8247,.T.);
#8247 = EDGE_CURVE('',#8240,#6244,#8248,.T.);
#8248 = LINE('',#8249,#8250);
#8249 = CARTESIAN_POINT('',(-0.9,-1.25,0.));
#8250 = VECTOR('',#8251,1.);
#8251 = DIRECTION('',(0.,0.,1.));
#8252 = ORIENTED_EDGE('',*,*,#6243,.F.);
#8253 = ORIENTED_EDGE('',*,*,#8185,.F.);
#8254 = PLANE('',#8255);
#8255 = AXIS2_PLACEMENT_3D('',#8256,#8257,#8258);
#8256 = CARTESIAN_POINT('',(-0.9,-1.25,0.));
#8257 = DIRECTION('',(-5.665538897648E-16,-1.,0.));
#8258 = DIRECTION('',(-1.,5.665538897648E-16,0.));
#8259 = ADVANCED_FACE('',(#8260),#8287,.F.);
#8260 = FACE_BOUND('',#8261,.F.);
#8261 = EDGE_LOOP('',(#8262,#8270,#8271,#8272,#8273,#8281));
#8262 = ORIENTED_EDGE('',*,*,#8263,.F.);
#8263 = EDGE_CURVE('',#8216,#8264,#8266,.T.);
#8264 = VERTEX_POINT('',#8265);
#8265 = CARTESIAN_POINT('',(1.5,0.9,0.));
#8266 = LINE('',#8267,#8268);
#8267 = CARTESIAN_POINT('',(1.25,0.9,0.));
#8268 = VECTOR('',#8269,1.);
#8269 = DIRECTION('',(1.,-3.445092848398E-16,0.));
#8270 = ORIENTED_EDGE('',*,*,#8225,.T.);
#8271 = ORIENTED_EDGE('',*,*,#6531,.F.);
#8272 = ORIENTED_EDGE('',*,*,#7973,.T.);
#8273 = ORIENTED_EDGE('',*,*,#8274,.T.);
#8274 = EDGE_CURVE('',#7974,#8275,#8277,.T.);
#8275 = VERTEX_POINT('',#8276);
#8276 = CARTESIAN_POINT('',(1.5,0.9,0.2));
#8277 = LINE('',#8278,#8279);
#8278 = CARTESIAN_POINT('',(1.25,0.9,0.2));
#8279 = VECTOR('',#8280,1.);
#8280 = DIRECTION('',(1.,-3.445092848398E-16,0.));
#8281 = ORIENTED_EDGE('',*,*,#8282,.F.);
#8282 = EDGE_CURVE('',#8264,#8275,#8283,.T.);
#8283 = LINE('',#8284,#8285);
#8284 = CARTESIAN_POINT('',(1.5,0.9,0.));
#8285 = VECTOR('',#8286,1.);
#8286 = DIRECTION('',(0.,0.,1.));
#8287 = PLANE('',#8288);
#8288 = AXIS2_PLACEMENT_3D('',#8289,#8290,#8291);
#8289 = CARTESIAN_POINT('',(1.25,0.9,0.));
#8290 = DIRECTION('',(3.445092848398E-16,1.,0.));
#8291 = DIRECTION('',(1.,-3.445092848398E-16,0.));
#8292 = ADVANCED_FACE('',(#8293),#8320,.F.);
#8293 = FACE_BOUND('',#8294,.F.);
#8294 = EDGE_LOOP('',(#8295,#8303,#8311,#8317,#8318,#8319));
#8295 = ORIENTED_EDGE('',*,*,#8296,.F.);
#8296 = EDGE_CURVE('',#8297,#8240,#8299,.T.);
#8297 = VERTEX_POINT('',#8298);
#8298 = CARTESIAN_POINT('',(-0.9,-1.5,0.));
#8299 = LINE('',#8300,#8301);
#8300 = CARTESIAN_POINT('',(-0.9,-1.5,0.));
#8301 = VECTOR('',#8302,1.);
#8302 = DIRECTION('',(5.665538897648E-16,1.,0.));
#8303 = ORIENTED_EDGE('',*,*,#8304,.T.);
#8304 = EDGE_CURVE('',#8297,#8305,#8307,.T.);
#8305 = VERTEX_POINT('',#8306);
#8306 = CARTESIAN_POINT('',(-0.9,-1.5,0.2));
#8307 = LINE('',#8308,#8309);
#8308 = CARTESIAN_POINT('',(-0.9,-1.5,0.));
#8309 = VECTOR('',#8310,1.);
#8310 = DIRECTION('',(0.,0.,1.));
#8311 = ORIENTED_EDGE('',*,*,#8312,.T.);
#8312 = EDGE_CURVE('',#8305,#8020,#8313,.T.);
#8313 = LINE('',#8314,#8315);
#8314 = CARTESIAN_POINT('',(-0.9,-1.5,0.2));
#8315 = VECTOR('',#8316,1.);
#8316 = DIRECTION('',(5.665538897648E-16,1.,0.));
#8317 = ORIENTED_EDGE('',*,*,#8027,.T.);
#8318 = ORIENTED_EDGE('',*,*,#6251,.F.);
#8319 = ORIENTED_EDGE('',*,*,#8247,.F.);
#8320 = PLANE('',#8321);
#8321 = AXIS2_PLACEMENT_3D('',#8322,#8323,#8324);
#8322 = CARTESIAN_POINT('',(-0.9,-1.5,0.));
#8323 = DIRECTION('',(-1.,5.665538897648E-16,0.));
#8324 = DIRECTION('',(5.665538897648E-16,1.,0.));
#8325 = ADVANCED_FACE('',(#8326),#8360,.F.);
#8326 = FACE_BOUND('',#8327,.F.);
#8327 = EDGE_LOOP('',(#8328,#8338,#8346,#8352,#8353,#8354));
#8328 = ORIENTED_EDGE('',*,*,#8329,.F.);
#8329 = EDGE_CURVE('',#8330,#8332,#8334,.T.);
#8330 = VERTEX_POINT('',#8331);
#8331 = CARTESIAN_POINT('',(1.5,0.6,0.));
#8332 = VERTEX_POINT('',#8333);
#8333 = CARTESIAN_POINT('',(1.25,0.6,0.));
#8334 = LINE('',#8335,#8336);
#8335 = CARTESIAN_POINT('',(1.5,0.6,0.));
#8336 = VECTOR('',#8337,1.);
#8337 = DIRECTION('',(-1.,3.445092848398E-16,0.));
#8338 = ORIENTED_EDGE('',*,*,#8339,.T.);
#8339 = EDGE_CURVE('',#8330,#8340,#8342,.T.);
#8340 = VERTEX_POINT('',#8341);
#8341 = CARTESIAN_POINT('',(1.5,0.6,0.2));
#8342 = LINE('',#8343,#8344);
#8343 = CARTESIAN_POINT('',(1.5,0.6,0.));
#8344 = VECTOR('',#8345,1.);
#8345 = DIRECTION('',(0.,0.,1.));
#8346 = ORIENTED_EDGE('',*,*,#8347,.T.);
#8347 = EDGE_CURVE('',#8340,#7959,#8348,.T.);
#8348 = LINE('',#8349,#8350);
#8349 = CARTESIAN_POINT('',(1.5,0.6,0.2));
#8350 = VECTOR('',#8351,1.);
#8351 = DIRECTION('',(-1.,3.445092848398E-16,0.));
#8352 = ORIENTED_EDGE('',*,*,#7966,.T.);
#8353 = ORIENTED_EDGE('',*,*,#6515,.F.);
#8354 = ORIENTED_EDGE('',*,*,#8355,.F.);
#8355 = EDGE_CURVE('',#8332,#6508,#8356,.T.);
#8356 = LINE('',#8357,#8358);
#8357 = CARTESIAN_POINT('',(1.25,0.6,0.));
#8358 = VECTOR('',#8359,1.);
#8359 = DIRECTION('',(0.,0.,1.));
#8360 = PLANE('',#8361);
#8361 = AXIS2_PLACEMENT_3D('',#8362,#8363,#8364);
#8362 = CARTESIAN_POINT('',(1.5,0.6,0.));
#8363 = DIRECTION('',(-3.445092848398E-16,-1.,0.));
#8364 = DIRECTION('',(-1.,3.445092848398E-16,0.));
#8365 = ADVANCED_FACE('',(#8366),#8400,.F.);
#8366 = FACE_BOUND('',#8367,.F.);
#8367 = EDGE_LOOP('',(#8368,#8378,#8384,#8385,#8386,#8394));
#8368 = ORIENTED_EDGE('',*,*,#8369,.F.);
#8369 = EDGE_CURVE('',#8370,#8372,#8374,.T.);
#8370 = VERTEX_POINT('',#8371);
#8371 = CARTESIAN_POINT('',(-0.6,-1.25,0.));
#8372 = VERTEX_POINT('',#8373);
#8373 = CARTESIAN_POINT('',(-0.6,-1.5,0.));
#8374 = LINE('',#8375,#8376);
#8375 = CARTESIAN_POINT('',(-0.6,-1.25,0.));
#8376 = VECTOR('',#8377,1.);
#8377 = DIRECTION('',(-5.665538897648E-16,-1.,0.));
#8378 = ORIENTED_EDGE('',*,*,#8379,.T.);
#8379 = EDGE_CURVE('',#8370,#6268,#8380,.T.);
#8380 = LINE('',#8381,#8382);
#8381 = CARTESIAN_POINT('',(-0.6,-1.25,0.));
#8382 = VECTOR('',#8383,1.);
#8383 = DIRECTION('',(0.,0.,1.));
#8384 = ORIENTED_EDGE('',*,*,#6267,.F.);
#8385 = ORIENTED_EDGE('',*,*,#8034,.T.);
#8386 = ORIENTED_EDGE('',*,*,#8387,.T.);
#8387 = EDGE_CURVE('',#8035,#8388,#8390,.T.);
#8388 = VERTEX_POINT('',#8389);
#8389 = CARTESIAN_POINT('',(-0.6,-1.5,0.2));
#8390 = LINE('',#8391,#8392);
#8391 = CARTESIAN_POINT('',(-0.6,-1.25,0.2));
#8392 = VECTOR('',#8393,1.);
#8393 = DIRECTION('',(-5.665538897648E-16,-1.,0.));
#8394 = ORIENTED_EDGE('',*,*,#8395,.F.);
#8395 = EDGE_CURVE('',#8372,#8388,#8396,.T.);
#8396 = LINE('',#8397,#8398);
#8397 = CARTESIAN_POINT('',(-0.6,-1.5,0.));
#8398 = VECTOR('',#8399,1.);
#8399 = DIRECTION('',(0.,0.,1.));
#8400 = PLANE('',#8401);
#8401 = AXIS2_PLACEMENT_3D('',#8402,#8403,#8404);
#8402 = CARTESIAN_POINT('',(-0.6,-1.25,0.));
#8403 = DIRECTION('',(1.,-5.665538897648E-16,0.));
#8404 = DIRECTION('',(-5.665538897648E-16,-1.,0.));
#8405 = ADVANCED_FACE('',(#8406),#8424,.F.);
#8406 = FACE_BOUND('',#8407,.F.);
#8407 = EDGE_LOOP('',(#8408,#8416,#8417,#8418));
#8408 = ORIENTED_EDGE('',*,*,#8409,.F.);
#8409 = EDGE_CURVE('',#8332,#8410,#8412,.T.);
#8410 = VERTEX_POINT('',#8411);
#8411 = CARTESIAN_POINT('',(1.25,0.4,0.));
#8412 = LINE('',#8413,#8414);
#8413 = CARTESIAN_POINT('',(1.25,0.6,0.));
#8414 = VECTOR('',#8415,1.);
#8415 = DIRECTION('',(-3.445092848398E-16,-1.,0.));
#8416 = ORIENTED_EDGE('',*,*,#8355,.T.);
#8417 = ORIENTED_EDGE('',*,*,#6507,.F.);
#8418 = ORIENTED_EDGE('',*,*,#8419,.F.);
#8419 = EDGE_CURVE('',#8410,#6500,#8420,.T.);
#8420 = LINE('',#8421,#8422);
#8421 = CARTESIAN_POINT('',(1.25,0.4,0.));
#8422 = VECTOR('',#8423,1.);
#8423 = DIRECTION('',(0.,0.,1.));
#8424 = PLANE('',#8425);
#8425 = AXIS2_PLACEMENT_3D('',#8426,#8427,#8428);
#8426 = CARTESIAN_POINT('',(1.25,0.6,0.));
#8427 = DIRECTION('',(1.,-3.445092848398E-16,0.));
#8428 = DIRECTION('',(-3.445092848398E-16,-1.,0.));
#8429 = ADVANCED_FACE('',(#8430),#8448,.F.);
#8430 = FACE_BOUND('',#8431,.F.);
#8431 = EDGE_LOOP('',(#8432,#8440,#8446,#8447));
#8432 = ORIENTED_EDGE('',*,*,#8433,.F.);
#8433 = EDGE_CURVE('',#8434,#8370,#8436,.T.);
#8434 = VERTEX_POINT('',#8435);
#8435 = CARTESIAN_POINT('',(-0.4,-1.25,0.));
#8436 = LINE('',#8437,#8438);
#8437 = CARTESIAN_POINT('',(-0.4,-1.25,0.));
#8438 = VECTOR('',#8439,1.);
#8439 = DIRECTION('',(-1.,5.665538897648E-16,0.));
#8440 = ORIENTED_EDGE('',*,*,#8441,.T.);
#8441 = EDGE_CURVE('',#8434,#6276,#8442,.T.);
#8442 = LINE('',#8443,#8444);
#8443 = CARTESIAN_POINT('',(-0.4,-1.25,0.));
#8444 = VECTOR('',#8445,1.);
#8445 = DIRECTION('',(0.,0.,1.));
#8446 = ORIENTED_EDGE('',*,*,#6275,.F.);
#8447 = ORIENTED_EDGE('',*,*,#8379,.F.);
#8448 = PLANE('',#8449);
#8449 = AXIS2_PLACEMENT_3D('',#8450,#8451,#8452);
#8450 = CARTESIAN_POINT('',(-0.4,-1.25,0.));
#8451 = DIRECTION('',(-5.665538897648E-16,-1.,0.));
#8452 = DIRECTION('',(-1.,5.665538897648E-16,0.));
#8453 = ADVANCED_FACE('',(#8454),#8481,.F.);
#8454 = FACE_BOUND('',#8455,.F.);
#8455 = EDGE_LOOP('',(#8456,#8464,#8465,#8466,#8467,#8475));
#8456 = ORIENTED_EDGE('',*,*,#8457,.F.);
#8457 = EDGE_CURVE('',#8410,#8458,#8460,.T.);
#8458 = VERTEX_POINT('',#8459);
#8459 = CARTESIAN_POINT('',(1.5,0.4,0.));
#8460 = LINE('',#8461,#8462);
#8461 = CARTESIAN_POINT('',(1.25,0.4,0.));
#8462 = VECTOR('',#8463,1.);
#8463 = DIRECTION('',(1.,-3.445092848398E-16,0.));
#8464 = ORIENTED_EDGE('',*,*,#8419,.T.);
#8465 = ORIENTED_EDGE('',*,*,#6499,.F.);
#8466 = ORIENTED_EDGE('',*,*,#7950,.T.);
#8467 = ORIENTED_EDGE('',*,*,#8468,.T.);
#8468 = EDGE_CURVE('',#7951,#8469,#8471,.T.);
#8469 = VERTEX_POINT('',#8470);
#8470 = CARTESIAN_POINT('',(1.5,0.4,0.2));
#8471 = LINE('',#8472,#8473);
#8472 = CARTESIAN_POINT('',(1.25,0.4,0.2));
#8473 = VECTOR('',#8474,1.);
#8474 = DIRECTION('',(1.,-3.445092848398E-16,0.));
#8475 = ORIENTED_EDGE('',*,*,#8476,.F.);
#8476 = EDGE_CURVE('',#8458,#8469,#8477,.T.);
#8477 = LINE('',#8478,#8479);
#8478 = CARTESIAN_POINT('',(1.5,0.4,0.));
#8479 = VECTOR('',#8480,1.);
#8480 = DIRECTION('',(0.,0.,1.));
#8481 = PLANE('',#8482);
#8482 = AXIS2_PLACEMENT_3D('',#8483,#8484,#8485);
#8483 = CARTESIAN_POINT('',(1.25,0.4,0.));
#8484 = DIRECTION('',(3.445092848398E-16,1.,0.));
#8485 = DIRECTION('',(1.,-3.445092848398E-16,0.));
#8486 = ADVANCED_FACE('',(#8487),#8514,.F.);
#8487 = FACE_BOUND('',#8488,.F.);
#8488 = EDGE_LOOP('',(#8489,#8497,#8505,#8511,#8512,#8513));
#8489 = ORIENTED_EDGE('',*,*,#8490,.F.);
#8490 = EDGE_CURVE('',#8491,#8434,#8493,.T.);
#8491 = VERTEX_POINT('',#8492);
#8492 = CARTESIAN_POINT('',(-0.4,-1.5,0.));
#8493 = LINE('',#8494,#8495);
#8494 = CARTESIAN_POINT('',(-0.4,-1.5,0.));
#8495 = VECTOR('',#8496,1.);
#8496 = DIRECTION('',(5.665538897648E-16,1.,0.));
#8497 = ORIENTED_EDGE('',*,*,#8498,.T.);
#8498 = EDGE_CURVE('',#8491,#8499,#8501,.T.);
#8499 = VERTEX_POINT('',#8500);
#8500 = CARTESIAN_POINT('',(-0.4,-1.5,0.2));
#8501 = LINE('',#8502,#8503);
#8502 = CARTESIAN_POINT('',(-0.4,-1.5,0.));
#8503 = VECTOR('',#8504,1.);
#8504 = DIRECTION('',(0.,0.,1.));
#8505 = ORIENTED_EDGE('',*,*,#8506,.T.);
#8506 = EDGE_CURVE('',#8499,#8043,#8507,.T.);
#8507 = LINE('',#8508,#8509);
#8508 = CARTESIAN_POINT('',(-0.4,-1.5,0.2));
#8509 = VECTOR('',#8510,1.);
#8510 = DIRECTION('',(5.665538897648E-16,1.,0.));
#8511 = ORIENTED_EDGE('',*,*,#8050,.T.);
#8512 = ORIENTED_EDGE('',*,*,#6283,.F.);
#8513 = ORIENTED_EDGE('',*,*,#8441,.F.);
#8514 = PLANE('',#8515);
#8515 = AXIS2_PLACEMENT_3D('',#8516,#8517,#8518);
#8516 = CARTESIAN_POINT('',(-0.4,-1.5,0.));
#8517 = DIRECTION('',(-1.,5.665538897648E-16,0.));
#8518 = DIRECTION('',(5.665538897648E-16,1.,0.));
#8519 = ADVANCED_FACE('',(#8520),#8554,.F.);
#8520 = FACE_BOUND('',#8521,.F.);
#8521 = EDGE_LOOP('',(#8522,#8532,#8540,#8546,#8547,#8548));
#8522 = ORIENTED_EDGE('',*,*,#8523,.F.);
#8523 = EDGE_CURVE('',#8524,#8526,#8528,.T.);
#8524 = VERTEX_POINT('',#8525);
#8525 = CARTESIAN_POINT('',(1.5,0.1,0.));
#8526 = VERTEX_POINT('',#8527);
#8527 = CARTESIAN_POINT('',(1.25,0.1,0.));
#8528 = LINE('',#8529,#8530);
#8529 = CARTESIAN_POINT('',(1.5,0.1,0.));
#8530 = VECTOR('',#8531,1.);
#8531 = DIRECTION('',(-1.,3.445092848398E-16,0.));
#8532 = ORIENTED_EDGE('',*,*,#8533,.T.);
#8533 = EDGE_CURVE('',#8524,#8534,#8536,.T.);
#8534 = VERTEX_POINT('',#8535);
#8535 = CARTESIAN_POINT('',(1.5,0.1,0.2));
#8536 = LINE('',#8537,#8538);
#8537 = CARTESIAN_POINT('',(1.5,0.1,0.));
#8538 = VECTOR('',#8539,1.);
#8539 = DIRECTION('',(0.,0.,1.));
#8540 = ORIENTED_EDGE('',*,*,#8541,.T.);
#8541 = EDGE_CURVE('',#8534,#7936,#8542,.T.);
#8542 = LINE('',#8543,#8544);
#8543 = CARTESIAN_POINT('',(1.5,0.1,0.2));
#8544 = VECTOR('',#8545,1.);
#8545 = DIRECTION('',(-1.,3.445092848398E-16,0.));
#8546 = ORIENTED_EDGE('',*,*,#7943,.T.);
#8547 = ORIENTED_EDGE('',*,*,#6483,.F.);
#8548 = ORIENTED_EDGE('',*,*,#8549,.F.);
#8549 = EDGE_CURVE('',#8526,#6476,#8550,.T.);
#8550 = LINE('',#8551,#8552);
#8551 = CARTESIAN_POINT('',(1.25,0.1,0.));
#8552 = VECTOR('',#8553,1.);
#8553 = DIRECTION('',(0.,0.,1.));
#8554 = PLANE('',#8555);
#8555 = AXIS2_PLACEMENT_3D('',#8556,#8557,#8558);
#8556 = CARTESIAN_POINT('',(1.5,0.1,0.));
#8557 = DIRECTION('',(-3.445092848398E-16,-1.,0.));
#8558 = DIRECTION('',(-1.,3.445092848398E-16,0.));
#8559 = ADVANCED_FACE('',(#8560),#8594,.F.);
#8560 = FACE_BOUND('',#8561,.F.);
#8561 = EDGE_LOOP('',(#8562,#8572,#8578,#8579,#8580,#8588));
#8562 = ORIENTED_EDGE('',*,*,#8563,.F.);
#8563 = EDGE_CURVE('',#8564,#8566,#8568,.T.);
#8564 = VERTEX_POINT('',#8565);
#8565 = CARTESIAN_POINT('',(-0.1,-1.25,0.));
#8566 = VERTEX_POINT('',#8567);
#8567 = CARTESIAN_POINT('',(-0.1,-1.5,0.));
#8568 = LINE('',#8569,#8570);
#8569 = CARTESIAN_POINT('',(-0.1,-1.25,0.));
#8570 = VECTOR('',#8571,1.);
#8571 = DIRECTION('',(-5.665538897648E-16,-1.,0.));
#8572 = ORIENTED_EDGE('',*,*,#8573,.T.);
#8573 = EDGE_CURVE('',#8564,#6300,#8574,.T.);
#8574 = LINE('',#8575,#8576);
#8575 = CARTESIAN_POINT('',(-0.1,-1.25,0.));
#8576 = VECTOR('',#8577,1.);
#8577 = DIRECTION('',(0.,0.,1.));
#8578 = ORIENTED_EDGE('',*,*,#6299,.F.);
#8579 = ORIENTED_EDGE('',*,*,#8057,.T.);
#8580 = ORIENTED_EDGE('',*,*,#8581,.T.);
#8581 = EDGE_CURVE('',#8058,#8582,#8584,.T.);
#8582 = VERTEX_POINT('',#8583);
#8583 = CARTESIAN_POINT('',(-0.1,-1.5,0.2));
#8584 = LINE('',#8585,#8586);
#8585 = CARTESIAN_POINT('',(-0.1,-1.25,0.2));
#8586 = VECTOR('',#8587,1.);
#8587 = DIRECTION('',(-5.665538897648E-16,-1.,0.));
#8588 = ORIENTED_EDGE('',*,*,#8589,.F.);
#8589 = EDGE_CURVE('',#8566,#8582,#8590,.T.);
#8590 = LINE('',#8591,#8592);
#8591 = CARTESIAN_POINT('',(-0.1,-1.5,0.));
#8592 = VECTOR('',#8593,1.);
#8593 = DIRECTION('',(0.,0.,1.));
#8594 = PLANE('',#8595);
#8595 = AXIS2_PLACEMENT_3D('',#8596,#8597,#8598);
#8596 = CARTESIAN_POINT('',(-0.1,-1.25,0.));
#8597 = DIRECTION('',(1.,-5.665538897648E-16,0.));
#8598 = DIRECTION('',(-5.665538897648E-16,-1.,0.));
#8599 = ADVANCED_FACE('',(#8600),#8618,.F.);
#8600 = FACE_BOUND('',#8601,.F.);
#8601 = EDGE_LOOP('',(#8602,#8610,#8611,#8612));
#8602 = ORIENTED_EDGE('',*,*,#8603,.F.);
#8603 = EDGE_CURVE('',#8526,#8604,#8606,.T.);
#8604 = VERTEX_POINT('',#8605);
#8605 = CARTESIAN_POINT('',(1.25,-0.1,0.));
#8606 = LINE('',#8607,#8608);
#8607 = CARTESIAN_POINT('',(1.25,0.1,0.));
#8608 = VECTOR('',#8609,1.);
#8609 = DIRECTION('',(-3.445092848398E-16,-1.,0.));
#8610 = ORIENTED_EDGE('',*,*,#8549,.T.);
#8611 = ORIENTED_EDGE('',*,*,#6475,.F.);
#8612 = ORIENTED_EDGE('',*,*,#8613,.F.);
#8613 = EDGE_CURVE('',#8604,#6468,#8614,.T.);
#8614 = LINE('',#8615,#8616);
#8615 = CARTESIAN_POINT('',(1.25,-0.1,0.));
#8616 = VECTOR('',#8617,1.);
#8617 = DIRECTION('',(0.,0.,1.));
#8618 = PLANE('',#8619);
#8619 = AXIS2_PLACEMENT_3D('',#8620,#8621,#8622);
#8620 = CARTESIAN_POINT('',(1.25,0.1,0.));
#8621 = DIRECTION('',(1.,-3.445092848398E-16,0.));
#8622 = DIRECTION('',(-3.445092848398E-16,-1.,0.));
#8623 = ADVANCED_FACE('',(#8624),#8642,.F.);
#8624 = FACE_BOUND('',#8625,.F.);
#8625 = EDGE_LOOP('',(#8626,#8634,#8640,#8641));
#8626 = ORIENTED_EDGE('',*,*,#8627,.F.);
#8627 = EDGE_CURVE('',#8628,#8564,#8630,.T.);
#8628 = VERTEX_POINT('',#8629);
#8629 = CARTESIAN_POINT('',(0.1,-1.25,0.));
#8630 = LINE('',#8631,#8632);
#8631 = CARTESIAN_POINT('',(0.1,-1.25,0.));
#8632 = VECTOR('',#8633,1.);
#8633 = DIRECTION('',(-1.,5.665538897648E-16,0.));
#8634 = ORIENTED_EDGE('',*,*,#8635,.T.);
#8635 = EDGE_CURVE('',#8628,#6308,#8636,.T.);
#8636 = LINE('',#8637,#8638);
#8637 = CARTESIAN_POINT('',(0.1,-1.25,0.));
#8638 = VECTOR('',#8639,1.);
#8639 = DIRECTION('',(0.,0.,1.));
#8640 = ORIENTED_EDGE('',*,*,#6307,.F.);
#8641 = ORIENTED_EDGE('',*,*,#8573,.F.);
#8642 = PLANE('',#8643);
#8643 = AXIS2_PLACEMENT_3D('',#8644,#8645,#8646);
#8644 = CARTESIAN_POINT('',(0.1,-1.25,0.));
#8645 = DIRECTION('',(-5.665538897648E-16,-1.,0.));
#8646 = DIRECTION('',(-1.,5.665538897648E-16,0.));
#8647 = ADVANCED_FACE('',(#8648),#8675,.F.);
#8648 = FACE_BOUND('',#8649,.F.);
#8649 = EDGE_LOOP('',(#8650,#8658,#8659,#8660,#8661,#8669));
#8650 = ORIENTED_EDGE('',*,*,#8651,.F.);
#8651 = EDGE_CURVE('',#8604,#8652,#8654,.T.);
#8652 = VERTEX_POINT('',#8653);
#8653 = CARTESIAN_POINT('',(1.5,-0.1,0.));
#8654 = LINE('',#8655,#8656);
#8655 = CARTESIAN_POINT('',(1.25,-0.1,0.));
#8656 = VECTOR('',#8657,1.);
#8657 = DIRECTION('',(1.,-3.445092848398E-16,0.));
#8658 = ORIENTED_EDGE('',*,*,#8613,.T.);
#8659 = ORIENTED_EDGE('',*,*,#6467,.F.);
#8660 = ORIENTED_EDGE('',*,*,#7927,.T.);
#8661 = ORIENTED_EDGE('',*,*,#8662,.T.);
#8662 = EDGE_CURVE('',#7928,#8663,#8665,.T.);
#8663 = VERTEX_POINT('',#8664);
#8664 = CARTESIAN_POINT('',(1.5,-0.1,0.2));
#8665 = LINE('',#8666,#8667);
#8666 = CARTESIAN_POINT('',(1.25,-0.1,0.2));
#8667 = VECTOR('',#8668,1.);
#8668 = DIRECTION('',(1.,-3.445092848398E-16,0.));
#8669 = ORIENTED_EDGE('',*,*,#8670,.F.);
#8670 = EDGE_CURVE('',#8652,#8663,#8671,.T.);
#8671 = LINE('',#8672,#8673);
#8672 = CARTESIAN_POINT('',(1.5,-0.1,0.));
#8673 = VECTOR('',#8674,1.);
#8674 = DIRECTION('',(0.,0.,1.));
#8675 = PLANE('',#8676);
#8676 = AXIS2_PLACEMENT_3D('',#8677,#8678,#8679);
#8677 = CARTESIAN_POINT('',(1.25,-0.1,0.));
#8678 = DIRECTION('',(3.445092848398E-16,1.,0.));
#8679 = DIRECTION('',(1.,-3.445092848398E-16,0.));
#8680 = ADVANCED_FACE('',(#8681),#8708,.F.);
#8681 = FACE_BOUND('',#8682,.F.);
#8682 = EDGE_LOOP('',(#8683,#8691,#8699,#8705,#8706,#8707));
#8683 = ORIENTED_EDGE('',*,*,#8684,.F.);
#8684 = EDGE_CURVE('',#8685,#8628,#8687,.T.);
#8685 = VERTEX_POINT('',#8686);
#8686 = CARTESIAN_POINT('',(0.1,-1.5,0.));
#8687 = LINE('',#8688,#8689);
#8688 = CARTESIAN_POINT('',(0.1,-1.5,0.));
#8689 = VECTOR('',#8690,1.);
#8690 = DIRECTION('',(5.665538897648E-16,1.,0.));
#8691 = ORIENTED_EDGE('',*,*,#8692,.T.);
#8692 = EDGE_CURVE('',#8685,#8693,#8695,.T.);
#8693 = VERTEX_POINT('',#8694);
#8694 = CARTESIAN_POINT('',(0.1,-1.5,0.2));
#8695 = LINE('',#8696,#8697);
#8696 = CARTESIAN_POINT('',(0.1,-1.5,0.));
#8697 = VECTOR('',#8698,1.);
#8698 = DIRECTION('',(0.,0.,1.));
#8699 = ORIENTED_EDGE('',*,*,#8700,.T.);
#8700 = EDGE_CURVE('',#8693,#8066,#8701,.T.);
#8701 = LINE('',#8702,#8703);
#8702 = CARTESIAN_POINT('',(0.1,-1.5,0.2));
#8703 = VECTOR('',#8704,1.);
#8704 = DIRECTION('',(5.665538897648E-16,1.,0.));
#8705 = ORIENTED_EDGE('',*,*,#8073,.T.);
#8706 = ORIENTED_EDGE('',*,*,#6315,.F.);
#8707 = ORIENTED_EDGE('',*,*,#8635,.F.);
#8708 = PLANE('',#8709);
#8709 = AXIS2_PLACEMENT_3D('',#8710,#8711,#8712);
#8710 = CARTESIAN_POINT('',(0.1,-1.5,0.));
#8711 = DIRECTION('',(-1.,5.665538897648E-16,0.));
#8712 = DIRECTION('',(5.665538897648E-16,1.,0.));
#8713 = ADVANCED_FACE('',(#8714),#8748,.F.);
#8714 = FACE_BOUND('',#8715,.F.);
#8715 = EDGE_LOOP('',(#8716,#8726,#8734,#8740,#8741,#8742));
#8716 = ORIENTED_EDGE('',*,*,#8717,.F.);
#8717 = EDGE_CURVE('',#8718,#8720,#8722,.T.);
#8718 = VERTEX_POINT('',#8719);
#8719 = CARTESIAN_POINT('',(1.5,-0.4,0.));
#8720 = VERTEX_POINT('',#8721);
#8721 = CARTESIAN_POINT('',(1.25,-0.4,0.));
#8722 = LINE('',#8723,#8724);
#8723 = CARTESIAN_POINT('',(1.5,-0.4,0.));
#8724 = VECTOR('',#8725,1.);
#8725 = DIRECTION('',(-1.,3.445092848398E-16,0.));
#8726 = ORIENTED_EDGE('',*,*,#8727,.T.);
#8727 = EDGE_CURVE('',#8718,#8728,#8730,.T.);
#8728 = VERTEX_POINT('',#8729);
#8729 = CARTESIAN_POINT('',(1.5,-0.4,0.2));
#8730 = LINE('',#8731,#8732);
#8731 = CARTESIAN_POINT('',(1.5,-0.4,0.));
#8732 = VECTOR('',#8733,1.);
#8733 = DIRECTION('',(0.,0.,1.));
#8734 = ORIENTED_EDGE('',*,*,#8735,.T.);
#8735 = EDGE_CURVE('',#8728,#7913,#8736,.T.);
#8736 = LINE('',#8737,#8738);
#8737 = CARTESIAN_POINT('',(1.5,-0.4,0.2));
#8738 = VECTOR('',#8739,1.);
#8739 = DIRECTION('',(-1.,3.445092848398E-16,0.));
#8740 = ORIENTED_EDGE('',*,*,#7920,.T.);
#8741 = ORIENTED_EDGE('',*,*,#6451,.F.);
#8742 = ORIENTED_EDGE('',*,*,#8743,.F.);
#8743 = EDGE_CURVE('',#8720,#6444,#8744,.T.);
#8744 = LINE('',#8745,#8746);
#8745 = CARTESIAN_POINT('',(1.25,-0.4,0.));
#8746 = VECTOR('',#8747,1.);
#8747 = DIRECTION('',(0.,0.,1.));
#8748 = PLANE('',#8749);
#8749 = AXIS2_PLACEMENT_3D('',#8750,#8751,#8752);
#8750 = CARTESIAN_POINT('',(1.5,-0.4,0.));
#8751 = DIRECTION('',(-3.445092848398E-16,-1.,0.));
#8752 = DIRECTION('',(-1.,3.445092848398E-16,0.));
#8753 = ADVANCED_FACE('',(#8754),#8788,.F.);
#8754 = FACE_BOUND('',#8755,.F.);
#8755 = EDGE_LOOP('',(#8756,#8766,#8772,#8773,#8774,#8782));
#8756 = ORIENTED_EDGE('',*,*,#8757,.F.);
#8757 = EDGE_CURVE('',#8758,#8760,#8762,.T.);
#8758 = VERTEX_POINT('',#8759);
#8759 = CARTESIAN_POINT('',(0.4,-1.25,0.));
#8760 = VERTEX_POINT('',#8761);
#8761 = CARTESIAN_POINT('',(0.4,-1.5,0.));
#8762 = LINE('',#8763,#8764);
#8763 = CARTESIAN_POINT('',(0.4,-1.25,0.));
#8764 = VECTOR('',#8765,1.);
#8765 = DIRECTION('',(-5.665538897648E-16,-1.,0.));
#8766 = ORIENTED_EDGE('',*,*,#8767,.T.);
#8767 = EDGE_CURVE('',#8758,#6332,#8768,.T.);
#8768 = LINE('',#8769,#8770);
#8769 = CARTESIAN_POINT('',(0.4,-1.25,0.));
#8770 = VECTOR('',#8771,1.);
#8771 = DIRECTION('',(0.,0.,1.));
#8772 = ORIENTED_EDGE('',*,*,#6331,.F.);
#8773 = ORIENTED_EDGE('',*,*,#8080,.T.);
#8774 = ORIENTED_EDGE('',*,*,#8775,.T.);
#8775 = EDGE_CURVE('',#8081,#8776,#8778,.T.);
#8776 = VERTEX_POINT('',#8777);
#8777 = CARTESIAN_POINT('',(0.4,-1.5,0.2));
#8778 = LINE('',#8779,#8780);
#8779 = CARTESIAN_POINT('',(0.4,-1.25,0.2));
#8780 = VECTOR('',#8781,1.);
#8781 = DIRECTION('',(-5.665538897648E-16,-1.,0.));
#8782 = ORIENTED_EDGE('',*,*,#8783,.F.);
#8783 = EDGE_CURVE('',#8760,#8776,#8784,.T.);
#8784 = LINE('',#8785,#8786);
#8785 = CARTESIAN_POINT('',(0.4,-1.5,0.));
#8786 = VECTOR('',#8787,1.);
#8787 = DIRECTION('',(0.,0.,1.));
#8788 = PLANE('',#8789);
#8789 = AXIS2_PLACEMENT_3D('',#8790,#8791,#8792);
#8790 = CARTESIAN_POINT('',(0.4,-1.25,0.));
#8791 = DIRECTION('',(1.,-5.665538897648E-16,0.));
#8792 = DIRECTION('',(-5.665538897648E-16,-1.,0.));
#8793 = ADVANCED_FACE('',(#8794),#8812,.F.);
#8794 = FACE_BOUND('',#8795,.F.);
#8795 = EDGE_LOOP('',(#8796,#8804,#8805,#8806));
#8796 = ORIENTED_EDGE('',*,*,#8797,.F.);
#8797 = EDGE_CURVE('',#8720,#8798,#8800,.T.);
#8798 = VERTEX_POINT('',#8799);
#8799 = CARTESIAN_POINT('',(1.25,-0.6,0.));
#8800 = LINE('',#8801,#8802);
#8801 = CARTESIAN_POINT('',(1.25,-0.4,0.));
#8802 = VECTOR('',#8803,1.);
#8803 = DIRECTION('',(-3.445092848398E-16,-1.,0.));
#8804 = ORIENTED_EDGE('',*,*,#8743,.T.);
#8805 = ORIENTED_EDGE('',*,*,#6443,.F.);
#8806 = ORIENTED_EDGE('',*,*,#8807,.F.);
#8807 = EDGE_CURVE('',#8798,#6436,#8808,.T.);
#8808 = LINE('',#8809,#8810);
#8809 = CARTESIAN_POINT('',(1.25,-0.6,0.));
#8810 = VECTOR('',#8811,1.);
#8811 = DIRECTION('',(0.,0.,1.));
#8812 = PLANE('',#8813);
#8813 = AXIS2_PLACEMENT_3D('',#8814,#8815,#8816);
#8814 = CARTESIAN_POINT('',(1.25,-0.4,0.));
#8815 = DIRECTION('',(1.,-3.445092848398E-16,0.));
#8816 = DIRECTION('',(-3.445092848398E-16,-1.,0.));
#8817 = ADVANCED_FACE('',(#8818),#8836,.F.);
#8818 = FACE_BOUND('',#8819,.F.);
#8819 = EDGE_LOOP('',(#8820,#8828,#8834,#8835));
#8820 = ORIENTED_EDGE('',*,*,#8821,.F.);
#8821 = EDGE_CURVE('',#8822,#8758,#8824,.T.);
#8822 = VERTEX_POINT('',#8823);
#8823 = CARTESIAN_POINT('',(0.6,-1.25,0.));
#8824 = LINE('',#8825,#8826);
#8825 = CARTESIAN_POINT('',(0.6,-1.25,0.));
#8826 = VECTOR('',#8827,1.);
#8827 = DIRECTION('',(-1.,5.665538897648E-16,0.));
#8828 = ORIENTED_EDGE('',*,*,#8829,.T.);
#8829 = EDGE_CURVE('',#8822,#6340,#8830,.T.);
#8830 = LINE('',#8831,#8832);
#8831 = CARTESIAN_POINT('',(0.6,-1.25,0.));
#8832 = VECTOR('',#8833,1.);
#8833 = DIRECTION('',(0.,0.,1.));
#8834 = ORIENTED_EDGE('',*,*,#6339,.F.);
#8835 = ORIENTED_EDGE('',*,*,#8767,.F.);
#8836 = PLANE('',#8837);
#8837 = AXIS2_PLACEMENT_3D('',#8838,#8839,#8840);
#8838 = CARTESIAN_POINT('',(0.6,-1.25,0.));
#8839 = DIRECTION('',(-5.665538897648E-16,-1.,0.));
#8840 = DIRECTION('',(-1.,5.665538897648E-16,0.));
#8841 = ADVANCED_FACE('',(#8842),#8869,.F.);
#8842 = FACE_BOUND('',#8843,.F.);
#8843 = EDGE_LOOP('',(#8844,#8852,#8853,#8854,#8855,#8863));
#8844 = ORIENTED_EDGE('',*,*,#8845,.F.);
#8845 = EDGE_CURVE('',#8798,#8846,#8848,.T.);
#8846 = VERTEX_POINT('',#8847);
#8847 = CARTESIAN_POINT('',(1.5,-0.6,0.));
#8848 = LINE('',#8849,#8850);
#8849 = CARTESIAN_POINT('',(1.25,-0.6,0.));
#8850 = VECTOR('',#8851,1.);
#8851 = DIRECTION('',(1.,-3.445092848398E-16,0.));
#8852 = ORIENTED_EDGE('',*,*,#8807,.T.);
#8853 = ORIENTED_EDGE('',*,*,#6435,.F.);
#8854 = ORIENTED_EDGE('',*,*,#7904,.T.);
#8855 = ORIENTED_EDGE('',*,*,#8856,.T.);
#8856 = EDGE_CURVE('',#7905,#8857,#8859,.T.);
#8857 = VERTEX_POINT('',#8858);
#8858 = CARTESIAN_POINT('',(1.5,-0.6,0.2));
#8859 = LINE('',#8860,#8861);
#8860 = CARTESIAN_POINT('',(1.25,-0.6,0.2));
#8861 = VECTOR('',#8862,1.);
#8862 = DIRECTION('',(1.,-3.445092848398E-16,0.));
#8863 = ORIENTED_EDGE('',*,*,#8864,.F.);
#8864 = EDGE_CURVE('',#8846,#8857,#8865,.T.);
#8865 = LINE('',#8866,#8867);
#8866 = CARTESIAN_POINT('',(1.5,-0.6,0.));
#8867 = VECTOR('',#8868,1.);
#8868 = DIRECTION('',(0.,0.,1.));
#8869 = PLANE('',#8870);
#8870 = AXIS2_PLACEMENT_3D('',#8871,#8872,#8873);
#8871 = CARTESIAN_POINT('',(1.25,-0.6,0.));
#8872 = DIRECTION('',(3.445092848398E-16,1.,0.));
#8873 = DIRECTION('',(1.,-3.445092848398E-16,0.));
#8874 = ADVANCED_FACE('',(#8875),#8902,.F.);
#8875 = FACE_BOUND('',#8876,.F.);
#8876 = EDGE_LOOP('',(#8877,#8885,#8893,#8899,#8900,#8901));
#8877 = ORIENTED_EDGE('',*,*,#8878,.F.);
#8878 = EDGE_CURVE('',#8879,#8822,#8881,.T.);
#8879 = VERTEX_POINT('',#8880);
#8880 = CARTESIAN_POINT('',(0.6,-1.5,0.));
#8881 = LINE('',#8882,#8883);
#8882 = CARTESIAN_POINT('',(0.6,-1.5,0.));
#8883 = VECTOR('',#8884,1.);
#8884 = DIRECTION('',(5.665538897648E-16,1.,0.));
#8885 = ORIENTED_EDGE('',*,*,#8886,.T.);
#8886 = EDGE_CURVE('',#8879,#8887,#8889,.T.);
#8887 = VERTEX_POINT('',#8888);
#8888 = CARTESIAN_POINT('',(0.6,-1.5,0.2));
#8889 = LINE('',#8890,#8891);
#8890 = CARTESIAN_POINT('',(0.6,-1.5,0.));
#8891 = VECTOR('',#8892,1.);
#8892 = DIRECTION('',(0.,0.,1.));
#8893 = ORIENTED_EDGE('',*,*,#8894,.T.);
#8894 = EDGE_CURVE('',#8887,#8089,#8895,.T.);
#8895 = LINE('',#8896,#8897);
#8896 = CARTESIAN_POINT('',(0.6,-1.5,0.2));
#8897 = VECTOR('',#8898,1.);
#8898 = DIRECTION('',(5.665538897648E-16,1.,0.));
#8899 = ORIENTED_EDGE('',*,*,#8096,.T.);
#8900 = ORIENTED_EDGE('',*,*,#6347,.F.);
#8901 = ORIENTED_EDGE('',*,*,#8829,.F.);
#8902 = PLANE('',#8903);
#8903 = AXIS2_PLACEMENT_3D('',#8904,#8905,#8906);
#8904 = CARTESIAN_POINT('',(0.6,-1.5,0.));
#8905 = DIRECTION('',(-1.,5.665538897648E-16,0.));
#8906 = DIRECTION('',(5.665538897648E-16,1.,0.));
#8907 = ADVANCED_FACE('',(#8908),#8942,.F.);
#8908 = FACE_BOUND('',#8909,.F.);
#8909 = EDGE_LOOP('',(#8910,#8920,#8928,#8934,#8935,#8936));
#8910 = ORIENTED_EDGE('',*,*,#8911,.F.);
#8911 = EDGE_CURVE('',#8912,#8914,#8916,.T.);
#8912 = VERTEX_POINT('',#8913);
#8913 = CARTESIAN_POINT('',(1.5,-0.9,0.));
#8914 = VERTEX_POINT('',#8915);
#8915 = CARTESIAN_POINT('',(1.25,-0.9,0.));
#8916 = LINE('',#8917,#8918);
#8917 = CARTESIAN_POINT('',(1.5,-0.9,0.));
#8918 = VECTOR('',#8919,1.);
#8919 = DIRECTION('',(-1.,3.445092848398E-16,0.));
#8920 = ORIENTED_EDGE('',*,*,#8921,.T.);
#8921 = EDGE_CURVE('',#8912,#8922,#8924,.T.);
#8922 = VERTEX_POINT('',#8923);
#8923 = CARTESIAN_POINT('',(1.5,-0.9,0.2));
#8924 = LINE('',#8925,#8926);
#8925 = CARTESIAN_POINT('',(1.5,-0.9,0.));
#8926 = VECTOR('',#8927,1.);
#8927 = DIRECTION('',(0.,0.,1.));
#8928 = ORIENTED_EDGE('',*,*,#8929,.T.);
#8929 = EDGE_CURVE('',#8922,#7890,#8930,.T.);
#8930 = LINE('',#8931,#8932);
#8931 = CARTESIAN_POINT('',(1.5,-0.9,0.2));
#8932 = VECTOR('',#8933,1.);
#8933 = DIRECTION('',(-1.,3.445092848398E-16,0.));
#8934 = ORIENTED_EDGE('',*,*,#7897,.T.);
#8935 = ORIENTED_EDGE('',*,*,#6419,.F.);
#8936 = ORIENTED_EDGE('',*,*,#8937,.F.);
#8937 = EDGE_CURVE('',#8914,#6412,#8938,.T.);
#8938 = LINE('',#8939,#8940);
#8939 = CARTESIAN_POINT('',(1.25,-0.9,0.));
#8940 = VECTOR('',#8941,1.);
#8941 = DIRECTION('',(0.,0.,1.));
#8942 = PLANE('',#8943);
#8943 = AXIS2_PLACEMENT_3D('',#8944,#8945,#8946);
#8944 = CARTESIAN_POINT('',(1.5,-0.9,0.));
#8945 = DIRECTION('',(-3.445092848398E-16,-1.,0.));
#8946 = DIRECTION('',(-1.,3.445092848398E-16,0.));
#8947 = ADVANCED_FACE('',(#8948),#8982,.F.);
#8948 = FACE_BOUND('',#8949,.F.);
#8949 = EDGE_LOOP('',(#8950,#8960,#8966,#8967,#8968,#8976));
#8950 = ORIENTED_EDGE('',*,*,#8951,.F.);
#8951 = EDGE_CURVE('',#8952,#8954,#8956,.T.);
#8952 = VERTEX_POINT('',#8953);
#8953 = CARTESIAN_POINT('',(0.9,-1.25,0.));
#8954 = VERTEX_POINT('',#8955);
#8955 = CARTESIAN_POINT('',(0.9,-1.5,0.));
#8956 = LINE('',#8957,#8958);
#8957 = CARTESIAN_POINT('',(0.9,-1.25,0.));
#8958 = VECTOR('',#8959,1.);
#8959 = DIRECTION('',(-5.665538897648E-16,-1.,0.));
#8960 = ORIENTED_EDGE('',*,*,#8961,.T.);
#8961 = EDGE_CURVE('',#8952,#6364,#8962,.T.);
#8962 = LINE('',#8963,#8964);
#8963 = CARTESIAN_POINT('',(0.9,-1.25,0.));
#8964 = VECTOR('',#8965,1.);
#8965 = DIRECTION('',(0.,0.,1.));
#8966 = ORIENTED_EDGE('',*,*,#6363,.F.);
#8967 = ORIENTED_EDGE('',*,*,#8103,.T.);
#8968 = ORIENTED_EDGE('',*,*,#8969,.T.);
#8969 = EDGE_CURVE('',#8104,#8970,#8972,.T.);
#8970 = VERTEX_POINT('',#8971);
#8971 = CARTESIAN_POINT('',(0.9,-1.5,0.2));
#8972 = LINE('',#8973,#8974);
#8973 = CARTESIAN_POINT('',(0.9,-1.25,0.2));
#8974 = VECTOR('',#8975,1.);
#8975 = DIRECTION('',(-5.665538897648E-16,-1.,0.));
#8976 = ORIENTED_EDGE('',*,*,#8977,.F.);
#8977 = EDGE_CURVE('',#8954,#8970,#8978,.T.);
#8978 = LINE('',#8979,#8980);
#8979 = CARTESIAN_POINT('',(0.9,-1.5,0.));
#8980 = VECTOR('',#8981,1.);
#8981 = DIRECTION('',(0.,0.,1.));
#8982 = PLANE('',#8983);
#8983 = AXIS2_PLACEMENT_3D('',#8984,#8985,#8986);
#8984 = CARTESIAN_POINT('',(0.9,-1.25,0.));
#8985 = DIRECTION('',(1.,-5.665538897648E-16,0.));
#8986 = DIRECTION('',(-5.665538897648E-16,-1.,0.));
#8987 = ADVANCED_FACE('',(#8988),#9006,.F.);
#8988 = FACE_BOUND('',#8989,.F.);
#8989 = EDGE_LOOP('',(#8990,#8998,#8999,#9000));
#8990 = ORIENTED_EDGE('',*,*,#8991,.F.);
#8991 = EDGE_CURVE('',#8914,#8992,#8994,.T.);
#8992 = VERTEX_POINT('',#8993);
#8993 = CARTESIAN_POINT('',(1.25,-1.1,0.));
#8994 = LINE('',#8995,#8996);
#8995 = CARTESIAN_POINT('',(1.25,-0.9,0.));
#8996 = VECTOR('',#8997,1.);
#8997 = DIRECTION('',(-3.445092848398E-16,-1.,0.));
#8998 = ORIENTED_EDGE('',*,*,#8937,.T.);
#8999 = ORIENTED_EDGE('',*,*,#6411,.F.);
#9000 = ORIENTED_EDGE('',*,*,#9001,.F.);
#9001 = EDGE_CURVE('',#8992,#6404,#9002,.T.);
#9002 = LINE('',#9003,#9004);
#9003 = CARTESIAN_POINT('',(1.25,-1.1,0.));
#9004 = VECTOR('',#9005,1.);
#9005 = DIRECTION('',(0.,0.,1.));
#9006 = PLANE('',#9007);
#9007 = AXIS2_PLACEMENT_3D('',#9008,#9009,#9010);
#9008 = CARTESIAN_POINT('',(1.25,-0.9,0.));
#9009 = DIRECTION('',(1.,-3.445092848398E-16,0.));
#9010 = DIRECTION('',(-3.445092848398E-16,-1.,0.));
#9011 = ADVANCED_FACE('',(#9012),#9030,.F.);
#9012 = FACE_BOUND('',#9013,.F.);
#9013 = EDGE_LOOP('',(#9014,#9022,#9028,#9029));
#9014 = ORIENTED_EDGE('',*,*,#9015,.F.);
#9015 = EDGE_CURVE('',#9016,#8952,#9018,.T.);
#9016 = VERTEX_POINT('',#9017);
#9017 = CARTESIAN_POINT('',(1.1,-1.25,0.));
#9018 = LINE('',#9019,#9020);
#9019 = CARTESIAN_POINT('',(1.1,-1.25,0.));
#9020 = VECTOR('',#9021,1.);
#9021 = DIRECTION('',(-1.,5.665538897648E-16,0.));
#9022 = ORIENTED_EDGE('',*,*,#9023,.T.);
#9023 = EDGE_CURVE('',#9016,#6372,#9024,.T.);
#9024 = LINE('',#9025,#9026);
#9025 = CARTESIAN_POINT('',(1.1,-1.25,0.));
#9026 = VECTOR('',#9027,1.);
#9027 = DIRECTION('',(0.,0.,1.));
#9028 = ORIENTED_EDGE('',*,*,#6371,.F.);
#9029 = ORIENTED_EDGE('',*,*,#8961,.F.);
#9030 = PLANE('',#9031);
#9031 = AXIS2_PLACEMENT_3D('',#9032,#9033,#9034);
#9032 = CARTESIAN_POINT('',(1.1,-1.25,0.));
#9033 = DIRECTION('',(-5.665538897648E-16,-1.,0.));
#9034 = DIRECTION('',(-1.,5.665538897648E-16,0.));
#9035 = ADVANCED_FACE('',(#9036),#9063,.F.);
#9036 = FACE_BOUND('',#9037,.F.);
#9037 = EDGE_LOOP('',(#9038,#9046,#9047,#9048,#9049,#9057));
#9038 = ORIENTED_EDGE('',*,*,#9039,.F.);
#9039 = EDGE_CURVE('',#8992,#9040,#9042,.T.);
#9040 = VERTEX_POINT('',#9041);
#9041 = CARTESIAN_POINT('',(1.5,-1.1,0.));
#9042 = LINE('',#9043,#9044);
#9043 = CARTESIAN_POINT('',(1.25,-1.1,0.));
#9044 = VECTOR('',#9045,1.);
#9045 = DIRECTION('',(1.,-3.445092848398E-16,0.));
#9046 = ORIENTED_EDGE('',*,*,#9001,.T.);
#9047 = ORIENTED_EDGE('',*,*,#6403,.F.);
#9048 = ORIENTED_EDGE('',*,*,#7881,.T.);
#9049 = ORIENTED_EDGE('',*,*,#9050,.T.);
#9050 = EDGE_CURVE('',#7882,#9051,#9053,.T.);
#9051 = VERTEX_POINT('',#9052);
#9052 = CARTESIAN_POINT('',(1.5,-1.1,0.2));
#9053 = LINE('',#9054,#9055);
#9054 = CARTESIAN_POINT('',(1.25,-1.1,0.2));
#9055 = VECTOR('',#9056,1.);
#9056 = DIRECTION('',(1.,-3.445092848398E-16,0.));
#9057 = ORIENTED_EDGE('',*,*,#9058,.F.);
#9058 = EDGE_CURVE('',#9040,#9051,#9059,.T.);
#9059 = LINE('',#9060,#9061);
#9060 = CARTESIAN_POINT('',(1.5,-1.1,0.));
#9061 = VECTOR('',#9062,1.);
#9062 = DIRECTION('',(0.,0.,1.));
#9063 = PLANE('',#9064);
#9064 = AXIS2_PLACEMENT_3D('',#9065,#9066,#9067);
#9065 = CARTESIAN_POINT('',(1.25,-1.1,0.));
#9066 = DIRECTION('',(3.445092848398E-16,1.,0.));
#9067 = DIRECTION('',(1.,-3.445092848398E-16,0.));
#9068 = ADVANCED_FACE('',(#9069),#9096,.F.);
#9069 = FACE_BOUND('',#9070,.F.);
#9070 = EDGE_LOOP('',(#9071,#9079,#9087,#9093,#9094,#9095));
#9071 = ORIENTED_EDGE('',*,*,#9072,.F.);
#9072 = EDGE_CURVE('',#9073,#9016,#9075,.T.);
#9073 = VERTEX_POINT('',#9074);
#9074 = CARTESIAN_POINT('',(1.1,-1.5,0.));
#9075 = LINE('',#9076,#9077);
#9076 = CARTESIAN_POINT('',(1.1,-1.5,0.));
#9077 = VECTOR('',#9078,1.);
#9078 = DIRECTION('',(5.665538897648E-16,1.,0.));
#9079 = ORIENTED_EDGE('',*,*,#9080,.T.);
#9080 = EDGE_CURVE('',#9073,#9081,#9083,.T.);
#9081 = VERTEX_POINT('',#9082);
#9082 = CARTESIAN_POINT('',(1.1,-1.5,0.2));
#9083 = LINE('',#9084,#9085);
#9084 = CARTESIAN_POINT('',(1.1,-1.5,0.));
#9085 = VECTOR('',#9086,1.);
#9086 = DIRECTION('',(0.,0.,1.));
#9087 = ORIENTED_EDGE('',*,*,#9088,.T.);
#9088 = EDGE_CURVE('',#9081,#8112,#9089,.T.);
#9089 = LINE('',#9090,#9091);
#9090 = CARTESIAN_POINT('',(1.1,-1.5,0.2));
#9091 = VECTOR('',#9092,1.);
#9092 = DIRECTION('',(5.665538897648E-16,1.,0.));
#9093 = ORIENTED_EDGE('',*,*,#8119,.T.);
#9094 = ORIENTED_EDGE('',*,*,#6379,.F.);
#9095 = ORIENTED_EDGE('',*,*,#9023,.F.);
#9096 = PLANE('',#9097);
#9097 = AXIS2_PLACEMENT_3D('',#9098,#9099,#9100);
#9098 = CARTESIAN_POINT('',(1.1,-1.5,0.));
#9099 = DIRECTION('',(-1.,5.665538897648E-16,0.));
#9100 = DIRECTION('',(5.665538897648E-16,1.,0.));
#9101 = ADVANCED_FACE('',(#9102,#9108),#9119,.T.);
#9102 = FACE_BOUND('',#9103,.T.);
#9103 = EDGE_LOOP('',(#9104,#9105,#9106,#9107));
#9104 = ORIENTED_EDGE('',*,*,#6708,.F.);
#9105 = ORIENTED_EDGE('',*,*,#6854,.T.);
#9106 = ORIENTED_EDGE('',*,*,#8003,.T.);
#9107 = ORIENTED_EDGE('',*,*,#7866,.F.);
#9108 = FACE_BOUND('',#9109,.T.);
#9109 = EDGE_LOOP('',(#9110));
#9110 = ORIENTED_EDGE('',*,*,#9111,.T.);
#9111 = EDGE_CURVE('',#9112,#9112,#9114,.T.);
#9112 = VERTEX_POINT('',#9113);
#9113 = CARTESIAN_POINT('',(-1.,0.9,0.6));
#9114 = CIRCLE('',#9115,0.1);
#9115 = AXIS2_PLACEMENT_3D('',#9116,#9117,#9118);
#9116 = CARTESIAN_POINT('',(-1.,1.,0.6));
#9117 = DIRECTION('',(-0.,0.,-1.));
#9118 = DIRECTION('',(-2.22044604925E-16,-1.,0.));
#9119 = PLANE('',#9120);
#9120 = AXIS2_PLACEMENT_3D('',#9121,#9122,#9123);
#9121 = CARTESIAN_POINT('',(-1.45,1.45,0.6));
#9122 = DIRECTION('',(0.,0.,1.));
#9123 = DIRECTION('',(-2.22044604925E-16,-1.,0.));
#9124 = ADVANCED_FACE('',(#9125),#9136,.T.);
#9125 = FACE_BOUND('',#9126,.T.);
#9126 = EDGE_LOOP('',(#9127,#9133,#9134,#9135));
#9127 = ORIENTED_EDGE('',*,*,#9128,.T.);
#9128 = EDGE_CURVE('',#7810,#7681,#9129,.T.);
#9129 = LINE('',#9130,#9131);
#9130 = CARTESIAN_POINT('',(1.1,1.5,0.2));
#9131 = VECTOR('',#9132,1.);
#9132 = DIRECTION('',(-1.,4.555315873023E-16,0.));
#9133 = ORIENTED_EDGE('',*,*,#7688,.T.);
#9134 = ORIENTED_EDGE('',*,*,#6811,.F.);
#9135 = ORIENTED_EDGE('',*,*,#7809,.T.);
#9136 = PLANE('',#9137);
#9137 = AXIS2_PLACEMENT_3D('',#9138,#9139,#9140);
#9138 = CARTESIAN_POINT('',(1.,1.375,0.2));
#9139 = DIRECTION('',(0.,0.,1.));
#9140 = DIRECTION('',(-1.,4.555315873023E-16,0.));
#9141 = ADVANCED_FACE('',(#9142),#9153,.T.);
#9142 = FACE_BOUND('',#9143,.T.);
#9143 = EDGE_LOOP('',(#9144,#9150,#9151,#9152));
#9144 = ORIENTED_EDGE('',*,*,#9145,.T.);
#9145 = EDGE_CURVE('',#7616,#7487,#9146,.T.);
#9146 = LINE('',#9147,#9148);
#9147 = CARTESIAN_POINT('',(0.6,1.5,0.2));
#9148 = VECTOR('',#9149,1.);
#9149 = DIRECTION('',(-1.,4.555315873023E-16,0.));
#9150 = ORIENTED_EDGE('',*,*,#7494,.T.);
#9151 = ORIENTED_EDGE('',*,*,#6788,.F.);
#9152 = ORIENTED_EDGE('',*,*,#7615,.T.);
#9153 = PLANE('',#9154);
#9154 = AXIS2_PLACEMENT_3D('',#9155,#9156,#9157);
#9155 = CARTESIAN_POINT('',(0.5,1.375,0.2));
#9156 = DIRECTION('',(0.,0.,1.));
#9157 = DIRECTION('',(-1.,4.555315873023E-16,0.));
#9158 = ADVANCED_FACE('',(#9159),#9170,.T.);
#9159 = FACE_BOUND('',#9160,.T.);
#9160 = EDGE_LOOP('',(#9161,#9167,#9168,#9169));
#9161 = ORIENTED_EDGE('',*,*,#9162,.T.);
#9162 = EDGE_CURVE('',#7228,#7099,#9163,.T.);
#9163 = LINE('',#9164,#9165);
#9164 = CARTESIAN_POINT('',(-0.4,1.5,0.2));
#9165 = VECTOR('',#9166,1.);
#9166 = DIRECTION('',(-1.,4.555315873023E-16,0.));
#9167 = ORIENTED_EDGE('',*,*,#7106,.T.);
#9168 = ORIENTED_EDGE('',*,*,#6742,.F.);
#9169 = ORIENTED_EDGE('',*,*,#7227,.T.);
#9170 = PLANE('',#9171);
#9171 = AXIS2_PLACEMENT_3D('',#9172,#9173,#9174);
#9172 = CARTESIAN_POINT('',(-0.5,1.375,0.2));
#9173 = DIRECTION('',(0.,0.,1.));
#9174 = DIRECTION('',(-1.,4.555315873023E-16,0.));
#9175 = ADVANCED_FACE('',(#9176),#9187,.T.);
#9176 = FACE_BOUND('',#9177,.T.);
#9177 = EDGE_LOOP('',(#9178,#9184,#9185,#9186));
#9178 = ORIENTED_EDGE('',*,*,#9179,.T.);
#9179 = EDGE_CURVE('',#7422,#7293,#9180,.T.);
#9180 = LINE('',#9181,#9182);
#9181 = CARTESIAN_POINT('',(0.1,1.5,0.2));
#9182 = VECTOR('',#9183,1.);
#9183 = DIRECTION('',(-1.,4.555315873023E-16,0.));
#9184 = ORIENTED_EDGE('',*,*,#7300,.T.);
#9185 = ORIENTED_EDGE('',*,*,#6765,.F.);
#9186 = ORIENTED_EDGE('',*,*,#7421,.T.);
#9187 = PLANE('',#9188);
#9188 = AXIS2_PLACEMENT_3D('',#9189,#9190,#9191);
#9189 = CARTESIAN_POINT('',(4.163336342344E-16,1.375,0.2));
#9190 = DIRECTION('',(0.,0.,1.));
#9191 = DIRECTION('',(-1.,4.555315873023E-16,0.));
#9192 = ADVANCED_FACE('',(#9193),#9204,.T.);
#9193 = FACE_BOUND('',#9194,.T.);
#9194 = EDGE_LOOP('',(#9195,#9201,#9202,#9203));
#9195 = ORIENTED_EDGE('',*,*,#9196,.T.);
#9196 = EDGE_CURVE('',#7010,#7064,#9197,.T.);
#9197 = LINE('',#9198,#9199);
#9198 = CARTESIAN_POINT('',(-1.5,1.1,0.2));
#9199 = VECTOR('',#9200,1.);
#9200 = DIRECTION('',(-4.669739647545E-16,-1.,0.));
#9201 = ORIENTED_EDGE('',*,*,#7071,.T.);
#9202 = ORIENTED_EDGE('',*,*,#6969,.F.);
#9203 = ORIENTED_EDGE('',*,*,#7009,.T.);
#9204 = PLANE('',#9205);
#9205 = AXIS2_PLACEMENT_3D('',#9206,#9207,#9208);
#9206 = CARTESIAN_POINT('',(-1.375,1.,0.2));
#9207 = DIRECTION('',(0.,0.,1.));
#9208 = DIRECTION('',(-4.669739647545E-16,-1.,0.));
#9209 = ADVANCED_FACE('',(#9210),#9221,.T.);
#9210 = FACE_BOUND('',#9211,.T.);
#9211 = EDGE_LOOP('',(#9212,#9218,#9219,#9220));
#9212 = ORIENTED_EDGE('',*,*,#9213,.T.);
#9213 = EDGE_CURVE('',#7729,#7840,#9214,.T.);
#9214 = LINE('',#9215,#9216);
#9215 = CARTESIAN_POINT('',(-1.5,-0.9,0.2));
#9216 = VECTOR('',#9217,1.);
#9217 = DIRECTION('',(-4.669739647545E-16,-1.,0.));
#9218 = ORIENTED_EDGE('',*,*,#7847,.T.);
#9219 = ORIENTED_EDGE('',*,*,#6877,.F.);
#9220 = ORIENTED_EDGE('',*,*,#7728,.T.);
#9221 = PLANE('',#9222);
#9222 = AXIS2_PLACEMENT_3D('',#9223,#9224,#9225);
#9223 = CARTESIAN_POINT('',(-1.375,-1.,0.2));
#9224 = DIRECTION('',(0.,0.,1.));
#9225 = DIRECTION('',(-4.669739647545E-16,-1.,0.));
#9226 = ADVANCED_FACE('',(#9227),#9238,.T.);
#9227 = FACE_BOUND('',#9228,.T.);
#9228 = EDGE_LOOP('',(#9229,#9235,#9236,#9237));
#9229 = ORIENTED_EDGE('',*,*,#9230,.T.);
#9230 = EDGE_CURVE('',#7147,#7258,#9231,.T.);
#9231 = LINE('',#9232,#9233);
#9232 = CARTESIAN_POINT('',(-1.5,0.6,0.2));
#9233 = VECTOR('',#9234,1.);
#9234 = DIRECTION('',(-4.669739647545E-16,-1.,0.));
#9235 = ORIENTED_EDGE('',*,*,#7265,.T.);
#9236 = ORIENTED_EDGE('',*,*,#6946,.F.);
#9237 = ORIENTED_EDGE('',*,*,#7146,.T.);
#9238 = PLANE('',#9239);
#9239 = AXIS2_PLACEMENT_3D('',#9240,#9241,#9242);
#9240 = CARTESIAN_POINT('',(-1.375,0.5,0.2));
#9241 = DIRECTION('',(0.,0.,1.));
#9242 = DIRECTION('',(-4.669739647545E-16,-1.,0.));
#9243 = ADVANCED_FACE('',(#9244),#9255,.T.);
#9244 = FACE_BOUND('',#9245,.T.);
#9245 = EDGE_LOOP('',(#9246,#9252,#9253,#9254));
#9246 = ORIENTED_EDGE('',*,*,#9247,.T.);
#9247 = EDGE_CURVE('',#7535,#7646,#9248,.T.);
#9248 = LINE('',#9249,#9250);
#9249 = CARTESIAN_POINT('',(-1.5,-0.4,0.2));
#9250 = VECTOR('',#9251,1.);
#9251 = DIRECTION('',(-4.669739647545E-16,-1.,0.));
#9252 = ORIENTED_EDGE('',*,*,#7653,.T.);
#9253 = ORIENTED_EDGE('',*,*,#6900,.F.);
#9254 = ORIENTED_EDGE('',*,*,#7534,.T.);
#9255 = PLANE('',#9256);
#9256 = AXIS2_PLACEMENT_3D('',#9257,#9258,#9259);
#9257 = CARTESIAN_POINT('',(-1.375,-0.5,0.2));
#9258 = DIRECTION('',(0.,0.,1.));
#9259 = DIRECTION('',(-4.669739647545E-16,-1.,0.));
#9260 = ADVANCED_FACE('',(#9261),#9272,.T.);
#9261 = FACE_BOUND('',#9262,.T.);
#9262 = EDGE_LOOP('',(#9263,#9269,#9270,#9271));
#9263 = ORIENTED_EDGE('',*,*,#9264,.T.);
#9264 = EDGE_CURVE('',#7341,#7452,#9265,.T.);
#9265 = LINE('',#9266,#9267);
#9266 = CARTESIAN_POINT('',(-1.5,0.1,0.2));
#9267 = VECTOR('',#9268,1.);
#9268 = DIRECTION('',(-4.669739647545E-16,-1.,0.));
#9269 = ORIENTED_EDGE('',*,*,#7459,.T.);
#9270 = ORIENTED_EDGE('',*,*,#6923,.F.);
#9271 = ORIENTED_EDGE('',*,*,#7340,.T.);
#9272 = PLANE('',#9273);
#9273 = AXIS2_PLACEMENT_3D('',#9274,#9275,#9276);
#9274 = CARTESIAN_POINT('',(-1.375,4.302114220422E-16,0.2));
#9275 = DIRECTION('',(0.,0.,1.));
#9276 = DIRECTION('',(-4.669739647545E-16,-1.,0.));
#9277 = ADVANCED_FACE('',(#9278),#9289,.F.);
#9278 = FACE_BOUND('',#9279,.F.);
#9279 = EDGE_LOOP('',(#9280,#9281,#9282,#9283));
#9280 = ORIENTED_EDGE('',*,*,#7055,.T.);
#9281 = ORIENTED_EDGE('',*,*,#7031,.T.);
#9282 = ORIENTED_EDGE('',*,*,#6991,.T.);
#9283 = ORIENTED_EDGE('',*,*,#9284,.T.);
#9284 = EDGE_CURVE('',#6994,#7056,#9285,.T.);
#9285 = LINE('',#9286,#9287);
#9286 = CARTESIAN_POINT('',(-1.5,1.1,0.));
#9287 = VECTOR('',#9288,1.);
#9288 = DIRECTION('',(-4.669739647545E-16,-1.,0.));
#9289 = PLANE('',#9290);
#9290 = AXIS2_PLACEMENT_3D('',#9291,#9292,#9293);
#9291 = CARTESIAN_POINT('',(-1.375,1.,0.));
#9292 = DIRECTION('',(0.,0.,1.));
#9293 = DIRECTION('',(-4.669739647545E-16,-1.,0.));
#9294 = ADVANCED_FACE('',(#9295),#9301,.F.);
#9295 = FACE_BOUND('',#9296,.F.);
#9296 = EDGE_LOOP('',(#9297,#9298,#9299,#9300));
#9297 = ORIENTED_EDGE('',*,*,#7017,.T.);
#9298 = ORIENTED_EDGE('',*,*,#9196,.T.);
#9299 = ORIENTED_EDGE('',*,*,#7063,.F.);
#9300 = ORIENTED_EDGE('',*,*,#9284,.F.);
#9301 = PLANE('',#9302);
#9302 = AXIS2_PLACEMENT_3D('',#9303,#9304,#9305);
#9303 = CARTESIAN_POINT('',(-1.5,1.1,0.));
#9304 = DIRECTION('',(1.,-4.669739647545E-16,0.));
#9305 = DIRECTION('',(-4.669739647545E-16,-1.,0.));
#9306 = ADVANCED_FACE('',(#9307),#9318,.F.);
#9307 = FACE_BOUND('',#9308,.F.);
#9308 = EDGE_LOOP('',(#9309,#9310,#9311,#9312));
#9309 = ORIENTED_EDGE('',*,*,#7088,.T.);
#9310 = ORIENTED_EDGE('',*,*,#7168,.T.);
#9311 = ORIENTED_EDGE('',*,*,#7216,.T.);
#9312 = ORIENTED_EDGE('',*,*,#9313,.T.);
#9313 = EDGE_CURVE('',#7217,#7089,#9314,.T.);
#9314 = LINE('',#9315,#9316);
#9315 = CARTESIAN_POINT('',(-0.4,1.5,0.));
#9316 = VECTOR('',#9317,1.);
#9317 = DIRECTION('',(-1.,4.555315873023E-16,0.));
#9318 = PLANE('',#9319);
#9319 = AXIS2_PLACEMENT_3D('',#9320,#9321,#9322);
#9320 = CARTESIAN_POINT('',(-0.5,1.375,0.));
#9321 = DIRECTION('',(0.,0.,1.));
#9322 = DIRECTION('',(-1.,4.555315873023E-16,0.));
#9323 = ADVANCED_FACE('',(#9324),#9330,.F.);
#9324 = FACE_BOUND('',#9325,.F.);
#9325 = EDGE_LOOP('',(#9326,#9327,#9328,#9329));
#9326 = ORIENTED_EDGE('',*,*,#7235,.T.);
#9327 = ORIENTED_EDGE('',*,*,#9162,.T.);
#9328 = ORIENTED_EDGE('',*,*,#7098,.F.);
#9329 = ORIENTED_EDGE('',*,*,#9313,.F.);
#9330 = PLANE('',#9331);
#9331 = AXIS2_PLACEMENT_3D('',#9332,#9333,#9334);
#9332 = CARTESIAN_POINT('',(-0.4,1.5,0.));
#9333 = DIRECTION('',(-4.555315873023E-16,-1.,0.));
#9334 = DIRECTION('',(-1.,4.555315873023E-16,0.));
#9335 = ADVANCED_FACE('',(#9336),#9347,.F.);
#9336 = FACE_BOUND('',#9337,.F.);
#9337 = EDGE_LOOP('',(#9338,#9339,#9340,#9341));
#9338 = ORIENTED_EDGE('',*,*,#7249,.T.);
#9339 = ORIENTED_EDGE('',*,*,#7192,.T.);
#9340 = ORIENTED_EDGE('',*,*,#7128,.T.);
#9341 = ORIENTED_EDGE('',*,*,#9342,.T.);
#9342 = EDGE_CURVE('',#7131,#7250,#9343,.T.);
#9343 = LINE('',#9344,#9345);
#9344 = CARTESIAN_POINT('',(-1.5,0.6,0.));
#9345 = VECTOR('',#9346,1.);
#9346 = DIRECTION('',(-4.669739647545E-16,-1.,0.));
#9347 = PLANE('',#9348);
#9348 = AXIS2_PLACEMENT_3D('',#9349,#9350,#9351);
#9349 = CARTESIAN_POINT('',(-1.375,0.5,0.));
#9350 = DIRECTION('',(0.,0.,1.));
#9351 = DIRECTION('',(-4.669739647545E-16,-1.,0.));
#9352 = ADVANCED_FACE('',(#9353),#9359,.F.);
#9353 = FACE_BOUND('',#9354,.F.);
#9354 = EDGE_LOOP('',(#9355,#9356,#9357,#9358));
#9355 = ORIENTED_EDGE('',*,*,#7154,.T.);
#9356 = ORIENTED_EDGE('',*,*,#9230,.T.);
#9357 = ORIENTED_EDGE('',*,*,#7257,.F.);
#9358 = ORIENTED_EDGE('',*,*,#9342,.F.);
#9359 = PLANE('',#9360);
#9360 = AXIS2_PLACEMENT_3D('',#9361,#9362,#9363);
#9361 = CARTESIAN_POINT('',(-1.5,0.6,0.));
#9362 = DIRECTION('',(1.,-4.669739647545E-16,0.));
#9363 = DIRECTION('',(-4.669739647545E-16,-1.,0.));
#9364 = ADVANCED_FACE('',(#9365),#9376,.F.);
#9365 = FACE_BOUND('',#9366,.F.);
#9366 = EDGE_LOOP('',(#9367,#9368,#9369,#9370));
#9367 = ORIENTED_EDGE('',*,*,#7282,.T.);
#9368 = ORIENTED_EDGE('',*,*,#7362,.T.);
#9369 = ORIENTED_EDGE('',*,*,#7410,.T.);
#9370 = ORIENTED_EDGE('',*,*,#9371,.T.);
#9371 = EDGE_CURVE('',#7411,#7283,#9372,.T.);
#9372 = LINE('',#9373,#9374);
#9373 = CARTESIAN_POINT('',(0.1,1.5,0.));
#9374 = VECTOR('',#9375,1.);
#9375 = DIRECTION('',(-1.,4.555315873023E-16,0.));
#9376 = PLANE('',#9377);
#9377 = AXIS2_PLACEMENT_3D('',#9378,#9379,#9380);
#9378 = CARTESIAN_POINT('',(4.163336342344E-16,1.375,0.));
#9379 = DIRECTION('',(0.,0.,1.));
#9380 = DIRECTION('',(-1.,4.555315873023E-16,0.));
#9381 = ADVANCED_FACE('',(#9382),#9388,.F.);
#9382 = FACE_BOUND('',#9383,.F.);
#9383 = EDGE_LOOP('',(#9384,#9385,#9386,#9387));
#9384 = ORIENTED_EDGE('',*,*,#7429,.T.);
#9385 = ORIENTED_EDGE('',*,*,#9179,.T.);
#9386 = ORIENTED_EDGE('',*,*,#7292,.F.);
#9387 = ORIENTED_EDGE('',*,*,#9371,.F.);
#9388 = PLANE('',#9389);
#9389 = AXIS2_PLACEMENT_3D('',#9390,#9391,#9392);
#9390 = CARTESIAN_POINT('',(0.1,1.5,0.));
#9391 = DIRECTION('',(-4.555315873023E-16,-1.,0.));
#9392 = DIRECTION('',(-1.,4.555315873023E-16,0.));
#9393 = ADVANCED_FACE('',(#9394),#9405,.F.);
#9394 = FACE_BOUND('',#9395,.F.);
#9395 = EDGE_LOOP('',(#9396,#9397,#9398,#9399));
#9396 = ORIENTED_EDGE('',*,*,#7443,.T.);
#9397 = ORIENTED_EDGE('',*,*,#7386,.T.);
#9398 = ORIENTED_EDGE('',*,*,#7322,.T.);
#9399 = ORIENTED_EDGE('',*,*,#9400,.T.);
#9400 = EDGE_CURVE('',#7325,#7444,#9401,.T.);
#9401 = LINE('',#9402,#9403);
#9402 = CARTESIAN_POINT('',(-1.5,0.1,0.));
#9403 = VECTOR('',#9404,1.);
#9404 = DIRECTION('',(-4.669739647545E-16,-1.,0.));
#9405 = PLANE('',#9406);
#9406 = AXIS2_PLACEMENT_3D('',#9407,#9408,#9409);
#9407 = CARTESIAN_POINT('',(-1.375,4.302114220422E-16,0.));
#9408 = DIRECTION('',(0.,0.,1.));
#9409 = DIRECTION('',(-4.669739647545E-16,-1.,0.));
#9410 = ADVANCED_FACE('',(#9411),#9417,.F.);
#9411 = FACE_BOUND('',#9412,.F.);
#9412 = EDGE_LOOP('',(#9413,#9414,#9415,#9416));
#9413 = ORIENTED_EDGE('',*,*,#7348,.T.);
#9414 = ORIENTED_EDGE('',*,*,#9264,.T.);
#9415 = ORIENTED_EDGE('',*,*,#7451,.F.);
#9416 = ORIENTED_EDGE('',*,*,#9400,.F.);
#9417 = PLANE('',#9418);
#9418 = AXIS2_PLACEMENT_3D('',#9419,#9420,#9421);
#9419 = CARTESIAN_POINT('',(-1.5,0.1,0.));
#9420 = DIRECTION('',(1.,-4.669739647545E-16,0.));
#9421 = DIRECTION('',(-4.669739647545E-16,-1.,0.));
#9422 = ADVANCED_FACE('',(#9423),#9434,.F.);
#9423 = FACE_BOUND('',#9424,.F.);
#9424 = EDGE_LOOP('',(#9425,#9426,#9427,#9428));
#9425 = ORIENTED_EDGE('',*,*,#7476,.T.);
#9426 = ORIENTED_EDGE('',*,*,#7556,.T.);
#9427 = ORIENTED_EDGE('',*,*,#7604,.T.);
#9428 = ORIENTED_EDGE('',*,*,#9429,.T.);
#9429 = EDGE_CURVE('',#7605,#7477,#9430,.T.);
#9430 = LINE('',#9431,#9432);
#9431 = CARTESIAN_POINT('',(0.6,1.5,0.));
#9432 = VECTOR('',#9433,1.);
#9433 = DIRECTION('',(-1.,4.555315873023E-16,0.));
#9434 = PLANE('',#9435);
#9435 = AXIS2_PLACEMENT_3D('',#9436,#9437,#9438);
#9436 = CARTESIAN_POINT('',(0.5,1.375,0.));
#9437 = DIRECTION('',(0.,0.,1.));
#9438 = DIRECTION('',(-1.,4.555315873023E-16,0.));
#9439 = ADVANCED_FACE('',(#9440),#9446,.F.);
#9440 = FACE_BOUND('',#9441,.F.);
#9441 = EDGE_LOOP('',(#9442,#9443,#9444,#9445));
#9442 = ORIENTED_EDGE('',*,*,#7623,.T.);
#9443 = ORIENTED_EDGE('',*,*,#9145,.T.);
#9444 = ORIENTED_EDGE('',*,*,#7486,.F.);
#9445 = ORIENTED_EDGE('',*,*,#9429,.F.);
#9446 = PLANE('',#9447);
#9447 = AXIS2_PLACEMENT_3D('',#9448,#9449,#9450);
#9448 = CARTESIAN_POINT('',(0.6,1.5,0.));
#9449 = DIRECTION('',(-4.555315873023E-16,-1.,0.));
#9450 = DIRECTION('',(-1.,4.555315873023E-16,0.));
#9451 = ADVANCED_FACE('',(#9452),#9463,.F.);
#9452 = FACE_BOUND('',#9453,.F.);
#9453 = EDGE_LOOP('',(#9454,#9455,#9456,#9457));
#9454 = ORIENTED_EDGE('',*,*,#7637,.T.);
#9455 = ORIENTED_EDGE('',*,*,#7580,.T.);
#9456 = ORIENTED_EDGE('',*,*,#7516,.T.);
#9457 = ORIENTED_EDGE('',*,*,#9458,.T.);
#9458 = EDGE_CURVE('',#7519,#7638,#9459,.T.);
#9459 = LINE('',#9460,#9461);
#9460 = CARTESIAN_POINT('',(-1.5,-0.4,0.));
#9461 = VECTOR('',#9462,1.);
#9462 = DIRECTION('',(-4.669739647545E-16,-1.,0.));
#9463 = PLANE('',#9464);
#9464 = AXIS2_PLACEMENT_3D('',#9465,#9466,#9467);
#9465 = CARTESIAN_POINT('',(-1.375,-0.5,0.));
#9466 = DIRECTION('',(0.,0.,1.));
#9467 = DIRECTION('',(-4.669739647545E-16,-1.,0.));
#9468 = ADVANCED_FACE('',(#9469),#9475,.F.);
#9469 = FACE_BOUND('',#9470,.F.);
#9470 = EDGE_LOOP('',(#9471,#9472,#9473,#9474));
#9471 = ORIENTED_EDGE('',*,*,#7542,.T.);
#9472 = ORIENTED_EDGE('',*,*,#9247,.T.);
#9473 = ORIENTED_EDGE('',*,*,#7645,.F.);
#9474 = ORIENTED_EDGE('',*,*,#9458,.F.);
#9475 = PLANE('',#9476);
#9476 = AXIS2_PLACEMENT_3D('',#9477,#9478,#9479);
#9477 = CARTESIAN_POINT('',(-1.5,-0.4,0.));
#9478 = DIRECTION('',(1.,-4.669739647545E-16,0.));
#9479 = DIRECTION('',(-4.669739647545E-16,-1.,0.));
#9480 = ADVANCED_FACE('',(#9481),#9492,.F.);
#9481 = FACE_BOUND('',#9482,.F.);
#9482 = EDGE_LOOP('',(#9483,#9484,#9485,#9486));
#9483 = ORIENTED_EDGE('',*,*,#7670,.T.);
#9484 = ORIENTED_EDGE('',*,*,#7750,.T.);
#9485 = ORIENTED_EDGE('',*,*,#7798,.T.);
#9486 = ORIENTED_EDGE('',*,*,#9487,.T.);
#9487 = EDGE_CURVE('',#7799,#7671,#9488,.T.);
#9488 = LINE('',#9489,#9490);
#9489 = CARTESIAN_POINT('',(1.1,1.5,0.));
#9490 = VECTOR('',#9491,1.);
#9491 = DIRECTION('',(-1.,4.555315873023E-16,0.));
#9492 = PLANE('',#9493);
#9493 = AXIS2_PLACEMENT_3D('',#9494,#9495,#9496);
#9494 = CARTESIAN_POINT('',(1.,1.375,0.));
#9495 = DIRECTION('',(0.,0.,1.));
#9496 = DIRECTION('',(-1.,4.555315873023E-16,0.));
#9497 = ADVANCED_FACE('',(#9498),#9504,.F.);
#9498 = FACE_BOUND('',#9499,.F.);
#9499 = EDGE_LOOP('',(#9500,#9501,#9502,#9503));
#9500 = ORIENTED_EDGE('',*,*,#7817,.T.);
#9501 = ORIENTED_EDGE('',*,*,#9128,.T.);
#9502 = ORIENTED_EDGE('',*,*,#7680,.F.);
#9503 = ORIENTED_EDGE('',*,*,#9487,.F.);
#9504 = PLANE('',#9505);
#9505 = AXIS2_PLACEMENT_3D('',#9506,#9507,#9508);
#9506 = CARTESIAN_POINT('',(1.1,1.5,0.));
#9507 = DIRECTION('',(-4.555315873023E-16,-1.,0.));
#9508 = DIRECTION('',(-1.,4.555315873023E-16,0.));
#9509 = ADVANCED_FACE('',(#9510),#9521,.F.);
#9510 = FACE_BOUND('',#9511,.F.);
#9511 = EDGE_LOOP('',(#9512,#9513,#9514,#9515));
#9512 = ORIENTED_EDGE('',*,*,#7831,.T.);
#9513 = ORIENTED_EDGE('',*,*,#7774,.T.);
#9514 = ORIENTED_EDGE('',*,*,#7710,.T.);
#9515 = ORIENTED_EDGE('',*,*,#9516,.T.);
#9516 = EDGE_CURVE('',#7713,#7832,#9517,.T.);
#9517 = LINE('',#9518,#9519);
#9518 = CARTESIAN_POINT('',(-1.5,-0.9,0.));
#9519 = VECTOR('',#9520,1.);
#9520 = DIRECTION('',(-4.669739647545E-16,-1.,0.));
#9521 = PLANE('',#9522);
#9522 = AXIS2_PLACEMENT_3D('',#9523,#9524,#9525);
#9523 = CARTESIAN_POINT('',(-1.375,-1.,0.));
#9524 = DIRECTION('',(0.,0.,1.));
#9525 = DIRECTION('',(-4.669739647545E-16,-1.,0.));
#9526 = ADVANCED_FACE('',(#9527),#9533,.F.);
#9527 = FACE_BOUND('',#9528,.F.);
#9528 = EDGE_LOOP('',(#9529,#9530,#9531,#9532));
#9529 = ORIENTED_EDGE('',*,*,#7736,.T.);
#9530 = ORIENTED_EDGE('',*,*,#9213,.T.);
#9531 = ORIENTED_EDGE('',*,*,#7839,.F.);
#9532 = ORIENTED_EDGE('',*,*,#9516,.F.);
#9533 = PLANE('',#9534);
#9534 = AXIS2_PLACEMENT_3D('',#9535,#9536,#9537);
#9535 = CARTESIAN_POINT('',(-1.5,-0.9,0.));
#9536 = DIRECTION('',(1.,-4.669739647545E-16,0.));
#9537 = DIRECTION('',(-4.669739647545E-16,-1.,0.));
#9538 = ADVANCED_FACE('',(#9539),#9550,.T.);
#9539 = FACE_BOUND('',#9540,.T.);
#9540 = EDGE_LOOP('',(#9541,#9547,#9548,#9549));
#9541 = ORIENTED_EDGE('',*,*,#9542,.T.);
#9542 = EDGE_CURVE('',#8275,#8146,#9543,.T.);
#9543 = LINE('',#9544,#9545);
#9544 = CARTESIAN_POINT('',(1.5,0.9,0.2));
#9545 = VECTOR('',#9546,1.);
#9546 = DIRECTION('',(3.445092848398E-16,1.,0.));
#9547 = ORIENTED_EDGE('',*,*,#8153,.T.);
#9548 = ORIENTED_EDGE('',*,*,#7981,.T.);
#9549 = ORIENTED_EDGE('',*,*,#8274,.T.);
#9550 = PLANE('',#9551);
#9551 = AXIS2_PLACEMENT_3D('',#9552,#9553,#9554);
#9552 = CARTESIAN_POINT('',(1.375,1.,0.2));
#9553 = DIRECTION('',(0.,0.,1.));
#9554 = DIRECTION('',(3.445092848398E-16,1.,-0.));
#9555 = ADVANCED_FACE('',(#9556),#9567,.T.);
#9556 = FACE_BOUND('',#9557,.T.);
#9557 = EDGE_LOOP('',(#9558,#9564,#9565,#9566));
#9558 = ORIENTED_EDGE('',*,*,#9559,.T.);
#9559 = EDGE_CURVE('',#9051,#8922,#9560,.T.);
#9560 = LINE('',#9561,#9562);
#9561 = CARTESIAN_POINT('',(1.5,-1.1,0.2));
#9562 = VECTOR('',#9563,1.);
#9563 = DIRECTION('',(3.445092848398E-16,1.,0.));
#9564 = ORIENTED_EDGE('',*,*,#8929,.T.);
#9565 = ORIENTED_EDGE('',*,*,#7889,.T.);
#9566 = ORIENTED_EDGE('',*,*,#9050,.T.);
#9567 = PLANE('',#9568);
#9568 = AXIS2_PLACEMENT_3D('',#9569,#9570,#9571);
#9569 = CARTESIAN_POINT('',(1.375,-1.,0.2));
#9570 = DIRECTION('',(0.,0.,1.));
#9571 = DIRECTION('',(3.445092848398E-16,1.,-0.));
#9572 = ADVANCED_FACE('',(#9573),#9584,.T.);
#9573 = FACE_BOUND('',#9574,.T.);
#9574 = EDGE_LOOP('',(#9575,#9581,#9582,#9583));
#9575 = ORIENTED_EDGE('',*,*,#9576,.T.);
#9576 = EDGE_CURVE('',#8469,#8340,#9577,.T.);
#9577 = LINE('',#9578,#9579);
#9578 = CARTESIAN_POINT('',(1.5,0.4,0.2));
#9579 = VECTOR('',#9580,1.);
#9580 = DIRECTION('',(3.445092848398E-16,1.,0.));
#9581 = ORIENTED_EDGE('',*,*,#8347,.T.);
#9582 = ORIENTED_EDGE('',*,*,#7958,.T.);
#9583 = ORIENTED_EDGE('',*,*,#8468,.T.);
#9584 = PLANE('',#9585);
#9585 = AXIS2_PLACEMENT_3D('',#9586,#9587,#9588);
#9586 = CARTESIAN_POINT('',(1.375,0.5,0.2));
#9587 = DIRECTION('',(0.,0.,1.));
#9588 = DIRECTION('',(3.445092848398E-16,1.,-0.));
#9589 = ADVANCED_FACE('',(#9590),#9601,.T.);
#9590 = FACE_BOUND('',#9591,.T.);
#9591 = EDGE_LOOP('',(#9592,#9598,#9599,#9600));
#9592 = ORIENTED_EDGE('',*,*,#9593,.T.);
#9593 = EDGE_CURVE('',#8857,#8728,#9594,.T.);
#9594 = LINE('',#9595,#9596);
#9595 = CARTESIAN_POINT('',(1.5,-0.6,0.2));
#9596 = VECTOR('',#9597,1.);
#9597 = DIRECTION('',(3.445092848398E-16,1.,0.));
#9598 = ORIENTED_EDGE('',*,*,#8735,.T.);
#9599 = ORIENTED_EDGE('',*,*,#7912,.T.);
#9600 = ORIENTED_EDGE('',*,*,#8856,.T.);
#9601 = PLANE('',#9602);
#9602 = AXIS2_PLACEMENT_3D('',#9603,#9604,#9605);
#9603 = CARTESIAN_POINT('',(1.375,-0.5,0.2));
#9604 = DIRECTION('',(0.,0.,1.));
#9605 = DIRECTION('',(3.445092848398E-16,1.,-0.));
#9606 = ADVANCED_FACE('',(#9607),#9618,.T.);
#9607 = FACE_BOUND('',#9608,.T.);
#9608 = EDGE_LOOP('',(#9609,#9615,#9616,#9617));
#9609 = ORIENTED_EDGE('',*,*,#9610,.T.);
#9610 = EDGE_CURVE('',#8663,#8534,#9611,.T.);
#9611 = LINE('',#9612,#9613);
#9612 = CARTESIAN_POINT('',(1.5,-0.1,0.2));
#9613 = VECTOR('',#9614,1.);
#9614 = DIRECTION('',(3.445092848398E-16,1.,0.));
#9615 = ORIENTED_EDGE('',*,*,#8541,.T.);
#9616 = ORIENTED_EDGE('',*,*,#7935,.T.);
#9617 = ORIENTED_EDGE('',*,*,#8662,.T.);
#9618 = PLANE('',#9619);
#9619 = AXIS2_PLACEMENT_3D('',#9620,#9621,#9622);
#9620 = CARTESIAN_POINT('',(1.375,-2.636779683485E-16,0.2));
#9621 = DIRECTION('',(0.,0.,1.));
#9622 = DIRECTION('',(3.445092848398E-16,1.,-0.));
#9623 = ADVANCED_FACE('',(#9624),#9635,.T.);
#9624 = FACE_BOUND('',#9625,.T.);
#9625 = EDGE_LOOP('',(#9626,#9632,#9633,#9634));
#9626 = ORIENTED_EDGE('',*,*,#9627,.T.);
#9627 = EDGE_CURVE('',#8970,#9081,#9628,.T.);
#9628 = LINE('',#9629,#9630);
#9629 = CARTESIAN_POINT('',(0.9,-1.5,0.2));
#9630 = VECTOR('',#9631,1.);
#9631 = DIRECTION('',(1.,-5.665538897648E-16,0.));
#9632 = ORIENTED_EDGE('',*,*,#9088,.T.);
#9633 = ORIENTED_EDGE('',*,*,#8111,.T.);
#9634 = ORIENTED_EDGE('',*,*,#8969,.T.);
#9635 = PLANE('',#9636);
#9636 = AXIS2_PLACEMENT_3D('',#9637,#9638,#9639);
#9637 = CARTESIAN_POINT('',(1.,-1.375,0.2));
#9638 = DIRECTION('',(0.,0.,1.));
#9639 = DIRECTION('',(1.,-5.665538897648E-16,0.));
#9640 = ADVANCED_FACE('',(#9641),#9652,.T.);
#9641 = FACE_BOUND('',#9642,.T.);
#9642 = EDGE_LOOP('',(#9643,#9649,#9650,#9651));
#9643 = ORIENTED_EDGE('',*,*,#9644,.T.);
#9644 = EDGE_CURVE('',#8194,#8305,#9645,.T.);
#9645 = LINE('',#9646,#9647);
#9646 = CARTESIAN_POINT('',(-1.1,-1.5,0.2));
#9647 = VECTOR('',#9648,1.);
#9648 = DIRECTION('',(1.,-5.665538897648E-16,0.));
#9649 = ORIENTED_EDGE('',*,*,#8312,.T.);
#9650 = ORIENTED_EDGE('',*,*,#8019,.T.);
#9651 = ORIENTED_EDGE('',*,*,#8193,.T.);
#9652 = PLANE('',#9653);
#9653 = AXIS2_PLACEMENT_3D('',#9654,#9655,#9656);
#9654 = CARTESIAN_POINT('',(-1.,-1.375,0.2));
#9655 = DIRECTION('',(0.,0.,1.));
#9656 = DIRECTION('',(1.,-5.665538897648E-16,0.));
#9657 = ADVANCED_FACE('',(#9658),#9669,.T.);
#9658 = FACE_BOUND('',#9659,.T.);
#9659 = EDGE_LOOP('',(#9660,#9666,#9667,#9668));
#9660 = ORIENTED_EDGE('',*,*,#9661,.T.);
#9661 = EDGE_CURVE('',#8776,#8887,#9662,.T.);
#9662 = LINE('',#9663,#9664);
#9663 = CARTESIAN_POINT('',(0.4,-1.5,0.2));
#9664 = VECTOR('',#9665,1.);
#9665 = DIRECTION('',(1.,-5.665538897648E-16,0.));
#9666 = ORIENTED_EDGE('',*,*,#8894,.T.);
#9667 = ORIENTED_EDGE('',*,*,#8088,.T.);
#9668 = ORIENTED_EDGE('',*,*,#8775,.T.);
#9669 = PLANE('',#9670);
#9670 = AXIS2_PLACEMENT_3D('',#9671,#9672,#9673);
#9671 = CARTESIAN_POINT('',(0.5,-1.375,0.2));
#9672 = DIRECTION('',(0.,0.,1.));
#9673 = DIRECTION('',(1.,-5.665538897648E-16,0.));
#9674 = ADVANCED_FACE('',(#9675),#9686,.T.);
#9675 = FACE_BOUND('',#9676,.T.);
#9676 = EDGE_LOOP('',(#9677,#9683,#9684,#9685));
#9677 = ORIENTED_EDGE('',*,*,#9678,.T.);
#9678 = EDGE_CURVE('',#8388,#8499,#9679,.T.);
#9679 = LINE('',#9680,#9681);
#9680 = CARTESIAN_POINT('',(-0.6,-1.5,0.2));
#9681 = VECTOR('',#9682,1.);
#9682 = DIRECTION('',(1.,-5.665538897648E-16,0.));
#9683 = ORIENTED_EDGE('',*,*,#8506,.T.);
#9684 = ORIENTED_EDGE('',*,*,#8042,.T.);
#9685 = ORIENTED_EDGE('',*,*,#8387,.T.);
#9686 = PLANE('',#9687);
#9687 = AXIS2_PLACEMENT_3D('',#9688,#9689,#9690);
#9688 = CARTESIAN_POINT('',(-0.5,-1.375,0.2));
#9689 = DIRECTION('',(0.,0.,1.));
#9690 = DIRECTION('',(1.,-5.665538897648E-16,0.));
#9691 = ADVANCED_FACE('',(#9692),#9703,.T.);
#9692 = FACE_BOUND('',#9693,.T.);
#9693 = EDGE_LOOP('',(#9694,#9700,#9701,#9702));
#9694 = ORIENTED_EDGE('',*,*,#9695,.T.);
#9695 = EDGE_CURVE('',#8582,#8693,#9696,.T.);
#9696 = LINE('',#9697,#9698);
#9697 = CARTESIAN_POINT('',(-0.1,-1.5,0.2));
#9698 = VECTOR('',#9699,1.);
#9699 = DIRECTION('',(1.,-5.665538897648E-16,0.));
#9700 = ORIENTED_EDGE('',*,*,#8700,.T.);
#9701 = ORIENTED_EDGE('',*,*,#8065,.T.);
#9702 = ORIENTED_EDGE('',*,*,#8581,.T.);
#9703 = PLANE('',#9704);
#9704 = AXIS2_PLACEMENT_3D('',#9705,#9706,#9707);
#9705 = CARTESIAN_POINT('',(-5.689893001204E-16,-1.375,0.2));
#9706 = DIRECTION('',(0.,0.,1.));
#9707 = DIRECTION('',(1.,-5.665538897648E-16,0.));
#9708 = ADVANCED_FACE('',(#9709),#9720,.F.);
#9709 = FACE_BOUND('',#9710,.F.);
#9710 = EDGE_LOOP('',(#9711,#9712,#9713,#9714));
#9711 = ORIENTED_EDGE('',*,*,#8135,.T.);
#9712 = ORIENTED_EDGE('',*,*,#8215,.T.);
#9713 = ORIENTED_EDGE('',*,*,#8263,.T.);
#9714 = ORIENTED_EDGE('',*,*,#9715,.T.);
#9715 = EDGE_CURVE('',#8264,#8136,#9716,.T.);
#9716 = LINE('',#9717,#9718);
#9717 = CARTESIAN_POINT('',(1.5,0.9,0.));
#9718 = VECTOR('',#9719,1.);
#9719 = DIRECTION('',(3.445092848398E-16,1.,0.));
#9720 = PLANE('',#9721);
#9721 = AXIS2_PLACEMENT_3D('',#9722,#9723,#9724);
#9722 = CARTESIAN_POINT('',(1.375,1.,0.));
#9723 = DIRECTION('',(0.,0.,1.));
#9724 = DIRECTION('',(3.445092848398E-16,1.,-0.));
#9725 = ADVANCED_FACE('',(#9726),#9732,.F.);
#9726 = FACE_BOUND('',#9727,.F.);
#9727 = EDGE_LOOP('',(#9728,#9729,#9730,#9731));
#9728 = ORIENTED_EDGE('',*,*,#8282,.T.);
#9729 = ORIENTED_EDGE('',*,*,#9542,.T.);
#9730 = ORIENTED_EDGE('',*,*,#8145,.F.);
#9731 = ORIENTED_EDGE('',*,*,#9715,.F.);
#9732 = PLANE('',#9733);
#9733 = AXIS2_PLACEMENT_3D('',#9734,#9735,#9736);
#9734 = CARTESIAN_POINT('',(1.5,0.9,0.));
#9735 = DIRECTION('',(-1.,3.445092848398E-16,0.));
#9736 = DIRECTION('',(3.445092848398E-16,1.,0.));
#9737 = ADVANCED_FACE('',(#9738),#9749,.F.);
#9738 = FACE_BOUND('',#9739,.F.);
#9739 = EDGE_LOOP('',(#9740,#9741,#9742,#9743));
#9740 = ORIENTED_EDGE('',*,*,#8296,.T.);
#9741 = ORIENTED_EDGE('',*,*,#8239,.T.);
#9742 = ORIENTED_EDGE('',*,*,#8175,.T.);
#9743 = ORIENTED_EDGE('',*,*,#9744,.T.);
#9744 = EDGE_CURVE('',#8178,#8297,#9745,.T.);
#9745 = LINE('',#9746,#9747);
#9746 = CARTESIAN_POINT('',(-1.1,-1.5,0.));
#9747 = VECTOR('',#9748,1.);
#9748 = DIRECTION('',(1.,-5.665538897648E-16,0.));
#9749 = PLANE('',#9750);
#9750 = AXIS2_PLACEMENT_3D('',#9751,#9752,#9753);
#9751 = CARTESIAN_POINT('',(-1.,-1.375,0.));
#9752 = DIRECTION('',(0.,0.,1.));
#9753 = DIRECTION('',(1.,-5.665538897648E-16,0.));
#9754 = ADVANCED_FACE('',(#9755),#9761,.F.);
#9755 = FACE_BOUND('',#9756,.F.);
#9756 = EDGE_LOOP('',(#9757,#9758,#9759,#9760));
#9757 = ORIENTED_EDGE('',*,*,#8201,.T.);
#9758 = ORIENTED_EDGE('',*,*,#9644,.T.);
#9759 = ORIENTED_EDGE('',*,*,#8304,.F.);
#9760 = ORIENTED_EDGE('',*,*,#9744,.F.);
#9761 = PLANE('',#9762);
#9762 = AXIS2_PLACEMENT_3D('',#9763,#9764,#9765);
#9763 = CARTESIAN_POINT('',(-1.1,-1.5,0.));
#9764 = DIRECTION('',(5.665538897648E-16,1.,0.));
#9765 = DIRECTION('',(1.,-5.665538897648E-16,0.));
#9766 = ADVANCED_FACE('',(#9767),#9778,.F.);
#9767 = FACE_BOUND('',#9768,.F.);
#9768 = EDGE_LOOP('',(#9769,#9770,#9771,#9772));
#9769 = ORIENTED_EDGE('',*,*,#8329,.T.);
#9770 = ORIENTED_EDGE('',*,*,#8409,.T.);
#9771 = ORIENTED_EDGE('',*,*,#8457,.T.);
#9772 = ORIENTED_EDGE('',*,*,#9773,.T.);
#9773 = EDGE_CURVE('',#8458,#8330,#9774,.T.);
#9774 = LINE('',#9775,#9776);
#9775 = CARTESIAN_POINT('',(1.5,0.4,0.));
#9776 = VECTOR('',#9777,1.);
#9777 = DIRECTION('',(3.445092848398E-16,1.,0.));
#9778 = PLANE('',#9779);
#9779 = AXIS2_PLACEMENT_3D('',#9780,#9781,#9782);
#9780 = CARTESIAN_POINT('',(1.375,0.5,0.));
#9781 = DIRECTION('',(0.,0.,1.));
#9782 = DIRECTION('',(3.445092848398E-16,1.,-0.));
#9783 = ADVANCED_FACE('',(#9784),#9790,.F.);
#9784 = FACE_BOUND('',#9785,.F.);
#9785 = EDGE_LOOP('',(#9786,#9787,#9788,#9789));
#9786 = ORIENTED_EDGE('',*,*,#8476,.T.);
#9787 = ORIENTED_EDGE('',*,*,#9576,.T.);
#9788 = ORIENTED_EDGE('',*,*,#8339,.F.);
#9789 = ORIENTED_EDGE('',*,*,#9773,.F.);
#9790 = PLANE('',#9791);
#9791 = AXIS2_PLACEMENT_3D('',#9792,#9793,#9794);
#9792 = CARTESIAN_POINT('',(1.5,0.4,0.));
#9793 = DIRECTION('',(-1.,3.445092848398E-16,0.));
#9794 = DIRECTION('',(3.445092848398E-16,1.,0.));
#9795 = ADVANCED_FACE('',(#9796),#9807,.F.);
#9796 = FACE_BOUND('',#9797,.F.);
#9797 = EDGE_LOOP('',(#9798,#9799,#9800,#9801));
#9798 = ORIENTED_EDGE('',*,*,#8490,.T.);
#9799 = ORIENTED_EDGE('',*,*,#8433,.T.);
#9800 = ORIENTED_EDGE('',*,*,#8369,.T.);
#9801 = ORIENTED_EDGE('',*,*,#9802,.T.);
#9802 = EDGE_CURVE('',#8372,#8491,#9803,.T.);
#9803 = LINE('',#9804,#9805);
#9804 = CARTESIAN_POINT('',(-0.6,-1.5,0.));
#9805 = VECTOR('',#9806,1.);
#9806 = DIRECTION('',(1.,-5.665538897648E-16,0.));
#9807 = PLANE('',#9808);
#9808 = AXIS2_PLACEMENT_3D('',#9809,#9810,#9811);
#9809 = CARTESIAN_POINT('',(-0.5,-1.375,0.));
#9810 = DIRECTION('',(0.,0.,1.));
#9811 = DIRECTION('',(1.,-5.665538897648E-16,0.));
#9812 = ADVANCED_FACE('',(#9813),#9819,.F.);
#9813 = FACE_BOUND('',#9814,.F.);
#9814 = EDGE_LOOP('',(#9815,#9816,#9817,#9818));
#9815 = ORIENTED_EDGE('',*,*,#8395,.T.);
#9816 = ORIENTED_EDGE('',*,*,#9678,.T.);
#9817 = ORIENTED_EDGE('',*,*,#8498,.F.);
#9818 = ORIENTED_EDGE('',*,*,#9802,.F.);
#9819 = PLANE('',#9820);
#9820 = AXIS2_PLACEMENT_3D('',#9821,#9822,#9823);
#9821 = CARTESIAN_POINT('',(-0.6,-1.5,0.));
#9822 = DIRECTION('',(5.665538897648E-16,1.,0.));
#9823 = DIRECTION('',(1.,-5.665538897648E-16,0.));
#9824 = ADVANCED_FACE('',(#9825),#9836,.F.);
#9825 = FACE_BOUND('',#9826,.F.);
#9826 = EDGE_LOOP('',(#9827,#9828,#9829,#9830));
#9827 = ORIENTED_EDGE('',*,*,#8523,.T.);
#9828 = ORIENTED_EDGE('',*,*,#8603,.T.);
#9829 = ORIENTED_EDGE('',*,*,#8651,.T.);
#9830 = ORIENTED_EDGE('',*,*,#9831,.T.);
#9831 = EDGE_CURVE('',#8652,#8524,#9832,.T.);
#9832 = LINE('',#9833,#9834);
#9833 = CARTESIAN_POINT('',(1.5,-0.1,0.));
#9834 = VECTOR('',#9835,1.);
#9835 = DIRECTION('',(3.445092848398E-16,1.,0.));
#9836 = PLANE('',#9837);
#9837 = AXIS2_PLACEMENT_3D('',#9838,#9839,#9840);
#9838 = CARTESIAN_POINT('',(1.375,-2.636779683485E-16,0.));
#9839 = DIRECTION('',(0.,0.,1.));
#9840 = DIRECTION('',(3.445092848398E-16,1.,-0.));
#9841 = ADVANCED_FACE('',(#9842),#9848,.F.);
#9842 = FACE_BOUND('',#9843,.F.);
#9843 = EDGE_LOOP('',(#9844,#9845,#9846,#9847));
#9844 = ORIENTED_EDGE('',*,*,#8670,.T.);
#9845 = ORIENTED_EDGE('',*,*,#9610,.T.);
#9846 = ORIENTED_EDGE('',*,*,#8533,.F.);
#9847 = ORIENTED_EDGE('',*,*,#9831,.F.);
#9848 = PLANE('',#9849);
#9849 = AXIS2_PLACEMENT_3D('',#9850,#9851,#9852);
#9850 = CARTESIAN_POINT('',(1.5,-0.1,0.));
#9851 = DIRECTION('',(-1.,3.445092848398E-16,0.));
#9852 = DIRECTION('',(3.445092848398E-16,1.,0.));
#9853 = ADVANCED_FACE('',(#9854),#9865,.F.);
#9854 = FACE_BOUND('',#9855,.F.);
#9855 = EDGE_LOOP('',(#9856,#9857,#9858,#9859));
#9856 = ORIENTED_EDGE('',*,*,#8684,.T.);
#9857 = ORIENTED_EDGE('',*,*,#8627,.T.);
#9858 = ORIENTED_EDGE('',*,*,#8563,.T.);
#9859 = ORIENTED_EDGE('',*,*,#9860,.T.);
#9860 = EDGE_CURVE('',#8566,#8685,#9861,.T.);
#9861 = LINE('',#9862,#9863);
#9862 = CARTESIAN_POINT('',(-0.1,-1.5,0.));
#9863 = VECTOR('',#9864,1.);
#9864 = DIRECTION('',(1.,-5.665538897648E-16,0.));
#9865 = PLANE('',#9866);
#9866 = AXIS2_PLACEMENT_3D('',#9867,#9868,#9869);
#9867 = CARTESIAN_POINT('',(-5.689893001204E-16,-1.375,0.));
#9868 = DIRECTION('',(0.,0.,1.));
#9869 = DIRECTION('',(1.,-5.665538897648E-16,0.));
#9870 = ADVANCED_FACE('',(#9871),#9877,.F.);
#9871 = FACE_BOUND('',#9872,.F.);
#9872 = EDGE_LOOP('',(#9873,#9874,#9875,#9876));
#9873 = ORIENTED_EDGE('',*,*,#8589,.T.);
#9874 = ORIENTED_EDGE('',*,*,#9695,.T.);
#9875 = ORIENTED_EDGE('',*,*,#8692,.F.);
#9876 = ORIENTED_EDGE('',*,*,#9860,.F.);
#9877 = PLANE('',#9878);
#9878 = AXIS2_PLACEMENT_3D('',#9879,#9880,#9881);
#9879 = CARTESIAN_POINT('',(-0.1,-1.5,0.));
#9880 = DIRECTION('',(5.665538897648E-16,1.,0.));
#9881 = DIRECTION('',(1.,-5.665538897648E-16,0.));
#9882 = ADVANCED_FACE('',(#9883),#9894,.F.);
#9883 = FACE_BOUND('',#9884,.F.);
#9884 = EDGE_LOOP('',(#9885,#9886,#9887,#9888));
#9885 = ORIENTED_EDGE('',*,*,#8717,.T.);
#9886 = ORIENTED_EDGE('',*,*,#8797,.T.);
#9887 = ORIENTED_EDGE('',*,*,#8845,.T.);
#9888 = ORIENTED_EDGE('',*,*,#9889,.T.);
#9889 = EDGE_CURVE('',#8846,#8718,#9890,.T.);
#9890 = LINE('',#9891,#9892);
#9891 = CARTESIAN_POINT('',(1.5,-0.6,0.));
#9892 = VECTOR('',#9893,1.);
#9893 = DIRECTION('',(3.445092848398E-16,1.,0.));
#9894 = PLANE('',#9895);
#9895 = AXIS2_PLACEMENT_3D('',#9896,#9897,#9898);
#9896 = CARTESIAN_POINT('',(1.375,-0.5,0.));
#9897 = DIRECTION('',(0.,0.,1.));
#9898 = DIRECTION('',(3.445092848398E-16,1.,-0.));
#9899 = ADVANCED_FACE('',(#9900),#9906,.F.);
#9900 = FACE_BOUND('',#9901,.F.);
#9901 = EDGE_LOOP('',(#9902,#9903,#9904,#9905));
#9902 = ORIENTED_EDGE('',*,*,#8864,.T.);
#9903 = ORIENTED_EDGE('',*,*,#9593,.T.);
#9904 = ORIENTED_EDGE('',*,*,#8727,.F.);
#9905 = ORIENTED_EDGE('',*,*,#9889,.F.);
#9906 = PLANE('',#9907);
#9907 = AXIS2_PLACEMENT_3D('',#9908,#9909,#9910);
#9908 = CARTESIAN_POINT('',(1.5,-0.6,0.));
#9909 = DIRECTION('',(-1.,3.445092848398E-16,0.));
#9910 = DIRECTION('',(3.445092848398E-16,1.,0.));
#9911 = ADVANCED_FACE('',(#9912),#9923,.F.);
#9912 = FACE_BOUND('',#9913,.F.);
#9913 = EDGE_LOOP('',(#9914,#9915,#9916,#9917));
#9914 = ORIENTED_EDGE('',*,*,#8878,.T.);
#9915 = ORIENTED_EDGE('',*,*,#8821,.T.);
#9916 = ORIENTED_EDGE('',*,*,#8757,.T.);
#9917 = ORIENTED_EDGE('',*,*,#9918,.T.);
#9918 = EDGE_CURVE('',#8760,#8879,#9919,.T.);
#9919 = LINE('',#9920,#9921);
#9920 = CARTESIAN_POINT('',(0.4,-1.5,0.));
#9921 = VECTOR('',#9922,1.);
#9922 = DIRECTION('',(1.,-5.665538897648E-16,0.));
#9923 = PLANE('',#9924);
#9924 = AXIS2_PLACEMENT_3D('',#9925,#9926,#9927);
#9925 = CARTESIAN_POINT('',(0.5,-1.375,0.));
#9926 = DIRECTION('',(0.,0.,1.));
#9927 = DIRECTION('',(1.,-5.665538897648E-16,0.));
#9928 = ADVANCED_FACE('',(#9929),#9935,.F.);
#9929 = FACE_BOUND('',#9930,.F.);
#9930 = EDGE_LOOP('',(#9931,#9932,#9933,#9934));
#9931 = ORIENTED_EDGE('',*,*,#8783,.T.);
#9932 = ORIENTED_EDGE('',*,*,#9661,.T.);
#9933 = ORIENTED_EDGE('',*,*,#8886,.F.);
#9934 = ORIENTED_EDGE('',*,*,#9918,.F.);
#9935 = PLANE('',#9936);
#9936 = AXIS2_PLACEMENT_3D('',#9937,#9938,#9939);
#9937 = CARTESIAN_POINT('',(0.4,-1.5,0.));
#9938 = DIRECTION('',(5.665538897648E-16,1.,0.));
#9939 = DIRECTION('',(1.,-5.665538897648E-16,0.));
#9940 = ADVANCED_FACE('',(#9941),#9952,.F.);
#9941 = FACE_BOUND('',#9942,.F.);
#9942 = EDGE_LOOP('',(#9943,#9944,#9945,#9946));
#9943 = ORIENTED_EDGE('',*,*,#8911,.T.);
#9944 = ORIENTED_EDGE('',*,*,#8991,.T.);
#9945 = ORIENTED_EDGE('',*,*,#9039,.T.);
#9946 = ORIENTED_EDGE('',*,*,#9947,.T.);
#9947 = EDGE_CURVE('',#9040,#8912,#9948,.T.);
#9948 = LINE('',#9949,#9950);
#9949 = CARTESIAN_POINT('',(1.5,-1.1,0.));
#9950 = VECTOR('',#9951,1.);
#9951 = DIRECTION('',(3.445092848398E-16,1.,0.));
#9952 = PLANE('',#9953);
#9953 = AXIS2_PLACEMENT_3D('',#9954,#9955,#9956);
#9954 = CARTESIAN_POINT('',(1.375,-1.,0.));
#9955 = DIRECTION('',(0.,0.,1.));
#9956 = DIRECTION('',(3.445092848398E-16,1.,-0.));
#9957 = ADVANCED_FACE('',(#9958),#9964,.F.);
#9958 = FACE_BOUND('',#9959,.F.);
#9959 = EDGE_LOOP('',(#9960,#9961,#9962,#9963));
#9960 = ORIENTED_EDGE('',*,*,#9058,.T.);
#9961 = ORIENTED_EDGE('',*,*,#9559,.T.);
#9962 = ORIENTED_EDGE('',*,*,#8921,.F.);
#9963 = ORIENTED_EDGE('',*,*,#9947,.F.);
#9964 = PLANE('',#9965);
#9965 = AXIS2_PLACEMENT_3D('',#9966,#9967,#9968);
#9966 = CARTESIAN_POINT('',(1.5,-1.1,0.));
#9967 = DIRECTION('',(-1.,3.445092848398E-16,0.));
#9968 = DIRECTION('',(3.445092848398E-16,1.,0.));
#9969 = ADVANCED_FACE('',(#9970),#9981,.F.);
#9970 = FACE_BOUND('',#9971,.F.);
#9971 = EDGE_LOOP('',(#9972,#9973,#9974,#9975));
#9972 = ORIENTED_EDGE('',*,*,#9072,.T.);
#9973 = ORIENTED_EDGE('',*,*,#9015,.T.);
#9974 = ORIENTED_EDGE('',*,*,#8951,.T.);
#9975 = ORIENTED_EDGE('',*,*,#9976,.T.);
#9976 = EDGE_CURVE('',#8954,#9073,#9977,.T.);
#9977 = LINE('',#9978,#9979);
#9978 = CARTESIAN_POINT('',(0.9,-1.5,0.));
#9979 = VECTOR('',#9980,1.);
#9980 = DIRECTION('',(1.,-5.665538897648E-16,0.));
#9981 = PLANE('',#9982);
#9982 = AXIS2_PLACEMENT_3D('',#9983,#9984,#9985);
#9983 = CARTESIAN_POINT('',(1.,-1.375,0.));
#9984 = DIRECTION('',(0.,0.,1.));
#9985 = DIRECTION('',(1.,-5.665538897648E-16,0.));
#9986 = ADVANCED_FACE('',(#9987),#9993,.F.);
#9987 = FACE_BOUND('',#9988,.F.);
#9988 = EDGE_LOOP('',(#9989,#9990,#9991,#9992));
#9989 = ORIENTED_EDGE('',*,*,#8977,.T.);
#9990 = ORIENTED_EDGE('',*,*,#9627,.T.);
#9991 = ORIENTED_EDGE('',*,*,#9080,.F.);
#9992 = ORIENTED_EDGE('',*,*,#9976,.F.);
#9993 = PLANE('',#9994);
#9994 = AXIS2_PLACEMENT_3D('',#9995,#9996,#9997);
#9995 = CARTESIAN_POINT('',(0.9,-1.5,0.));
#9996 = DIRECTION('',(5.665538897648E-16,1.,0.));
#9997 = DIRECTION('',(1.,-5.665538897648E-16,0.));
#9998 = ADVANCED_FACE('',(#9999),#10018,.F.);
#9999 = FACE_BOUND('',#10000,.F.);
#10000 = EDGE_LOOP('',(#10001,#10009,#10016,#10017));
#10001 = ORIENTED_EDGE('',*,*,#10002,.T.);
#10002 = EDGE_CURVE('',#9112,#10003,#10005,.T.);
#10003 = VERTEX_POINT('',#10004);
#10004 = CARTESIAN_POINT('',(-1.,0.9,0.5));
#10005 = LINE('',#10006,#10007);
#10006 = CARTESIAN_POINT('',(-1.,0.9,0.7));
#10007 = VECTOR('',#10008,1.);
#10008 = DIRECTION('',(-0.,0.,-1.));
#10009 = ORIENTED_EDGE('',*,*,#10010,.T.);
#10010 = EDGE_CURVE('',#10003,#10003,#10011,.T.);
#10011 = CIRCLE('',#10012,0.1);
#10012 = AXIS2_PLACEMENT_3D('',#10013,#10014,#10015);
#10013 = CARTESIAN_POINT('',(-1.,1.,0.5));
#10014 = DIRECTION('',(0.,0.,1.));
#10015 = DIRECTION('',(-2.22044604925E-16,-1.,0.));
#10016 = ORIENTED_EDGE('',*,*,#10002,.F.);
#10017 = ORIENTED_EDGE('',*,*,#9111,.T.);
#10018 = CYLINDRICAL_SURFACE('',#10019,0.1);
#10019 = AXIS2_PLACEMENT_3D('',#10020,#10021,#10022);
#10020 = CARTESIAN_POINT('',(-1.,1.,0.7));
#10021 = DIRECTION('',(0.,0.,-1.));
#10022 = DIRECTION('',(-2.22044604925E-16,-1.,-0.));
#10023 = ADVANCED_FACE('',(#10024),#10027,.T.);
#10024 = FACE_BOUND('',#10025,.T.);
#10025 = EDGE_LOOP('',(#10026));
#10026 = ORIENTED_EDGE('',*,*,#10010,.T.);
#10027 = PLANE('',#10028);
#10028 = AXIS2_PLACEMENT_3D('',#10029,#10030,#10031);
#10029 = CARTESIAN_POINT('',(-1.,1.,0.5));
#10030 = DIRECTION('',(0.,0.,1.));
#10031 = DIRECTION('',(-2.22044604925E-16,-1.,0.));
#10032 = ( GEOMETRIC_REPRESENTATION_CONTEXT(3) 
GLOBAL_UNCERTAINTY_ASSIGNED_CONTEXT((#10036)) 
GLOBAL_UNIT_ASSIGNED_CONTEXT((#10033,#10034,#10035)) 
REPRESENTATION_CONTEXT('Context #1',
  '3D Context with UNIT and UNCERTAINTY') );
#10033 = ( LENGTH_UNIT() NAMED_UNIT(*) SI_UNIT(.MILLI.,.METRE.) );
#10034 = ( NAMED_UNIT(*) PLANE_ANGLE_UNIT() SI_UNIT($,.RADIAN.) );
#10035 = ( NAMED_UNIT(*) SI_UNIT($,.STERADIAN.) SOLID_ANGLE_UNIT() );
#10036 = UNCERTAINTY_MEASURE_WITH_UNIT(LENGTH_MEASURE(1.E-07),#10033,
  'distance_accuracy_value','confusion accuracy');
#10037 = CONTEXT_DEPENDENT_SHAPE_REPRESENTATION(#10038,#10040);
#10038 = ( REPRESENTATION_RELATIONSHIP('','',#5876,#10) 
REPRESENTATION_RELATIONSHIP_WITH_TRANSFORMATION(#10039) 
SHAPE_REPRESENTATION_RELATIONSHIP() );
#10039 = ITEM_DEFINED_TRANSFORMATION('','',#11,#59);
#10040 = PRODUCT_DEFINITION_SHAPE('Placement','Placement of an item',
  #10041);
#10041 = NEXT_ASSEMBLY_USAGE_OCCURRENCE('12','U3','',#5,#5871,$);
#10042 = PRODUCT_RELATED_PRODUCT_CATEGORY('part',$,(#5873));
#10043 = SHAPE_DEFINITION_REPRESENTATION(#10044,#10050);
#10044 = PRODUCT_DEFINITION_SHAPE('','',#10045);
#10045 = PRODUCT_DEFINITION('design','',#10046,#10049);
#10046 = PRODUCT_DEFINITION_FORMATION('','',#10047);
#10047 = PRODUCT('LED_0603_1608Metric','LED_0603_1608Metric','',(#10048)
  );
#10048 = PRODUCT_CONTEXT('',#2,'mechanical');
#10049 = PRODUCT_DEFINITION_CONTEXT('part definition',#2,'design');
#10050 = ADVANCED_BREP_SHAPE_REPRESENTATION('',(#11,#10051),#11574);
#10051 = MANIFOLD_SOLID_BREP('',#10052);
#10052 = CLOSED_SHELL('',(#10053,#10093,#10140,#10219,#10243,#10283,
    #10314,#10331,#10364,#10388,#10455,#10576,#10643,#10667,#10698,
    #10731,#10787,#10811,#10835,#10859,#10892,#10904,#10967,#10992,
    #11009,#11033,#11051,#11069,#11087,#11104,#11121,#11152,#11177,
    #11202,#11226,#11243,#11274,#11298,#11315,#11343,#11368,#11392,
    #11417,#11464,#11481,#11493,#11515,#11527,#11545,#11563));
#10053 = ADVANCED_FACE('',(#10054),#10088,.F.);
#10054 = FACE_BOUND('',#10055,.F.);
#10055 = EDGE_LOOP('',(#10056,#10066,#10074,#10082));
#10056 = ORIENTED_EDGE('',*,*,#10057,.T.);
#10057 = EDGE_CURVE('',#10058,#10060,#10062,.T.);
#10058 = VERTEX_POINT('',#10059);
#10059 = CARTESIAN_POINT('',(-0.5,-0.4,0.47));
#10060 = VERTEX_POINT('',#10061);
#10061 = CARTESIAN_POINT('',(-0.45,-0.4,1.1));
#10062 = LINE('',#10063,#10064);
#10063 = CARTESIAN_POINT('',(-0.5,-0.4,0.47));
#10064 = VECTOR('',#10065,1.);
#10065 = DIRECTION('',(7.911630099815E-02,0.,0.996865392576));
#10066 = ORIENTED_EDGE('',*,*,#10067,.T.);
#10067 = EDGE_CURVE('',#10060,#10068,#10070,.T.);
#10068 = VERTEX_POINT('',#10069);
#10069 = CARTESIAN_POINT('',(0.45,-0.4,1.1));
#10070 = LINE('',#10071,#10072);
#10071 = CARTESIAN_POINT('',(-0.45,-0.4,1.1));
#10072 = VECTOR('',#10073,1.);
#10073 = DIRECTION('',(1.,0.,0.));
#10074 = ORIENTED_EDGE('',*,*,#10075,.T.);
#10075 = EDGE_CURVE('',#10068,#10076,#10078,.T.);
#10076 = VERTEX_POINT('',#10077);
#10077 = CARTESIAN_POINT('',(0.5,-0.4,0.47));
#10078 = LINE('',#10079,#10080);
#10079 = CARTESIAN_POINT('',(0.45,-0.4,1.1));
#10080 = VECTOR('',#10081,1.);
#10081 = DIRECTION('',(7.911630099815E-02,0.,-0.996865392576));
#10082 = ORIENTED_EDGE('',*,*,#10083,.T.);
#10083 = EDGE_CURVE('',#10076,#10058,#10084,.T.);
#10084 = LINE('',#10085,#10086);
#10085 = CARTESIAN_POINT('',(0.5,-0.4,0.47));
#10086 = VECTOR('',#10087,1.);
#10087 = DIRECTION('',(-1.,0.,0.));
#10088 = PLANE('',#10089);
#10089 = AXIS2_PLACEMENT_3D('',#10090,#10091,#10092);
#10090 = CARTESIAN_POINT('',(-8.772411109409E-18,-0.4,0.775044128294));
#10091 = DIRECTION('',(0.,1.,0.));
#10092 = DIRECTION('',(0.,-0.,1.));
#10093 = ADVANCED_FACE('',(#10094),#10135,.T.);
#10094 = FACE_BOUND('',#10095,.T.);
#10095 = EDGE_LOOP('',(#10096,#10106,#10114,#10120,#10121,#10129));
#10096 = ORIENTED_EDGE('',*,*,#10097,.T.);
#10097 = EDGE_CURVE('',#10098,#10100,#10102,.T.);
#10098 = VERTEX_POINT('',#10099);
#10099 = CARTESIAN_POINT('',(-0.5,0.4,0.47));
#10100 = VERTEX_POINT('',#10101);
#10101 = CARTESIAN_POINT('',(-0.5,0.3,0.47));
#10102 = LINE('',#10103,#10104);
#10103 = CARTESIAN_POINT('',(-0.5,0.4,0.47));
#10104 = VECTOR('',#10105,1.);
#10105 = DIRECTION('',(0.,-1.,0.));
#10106 = ORIENTED_EDGE('',*,*,#10107,.F.);
#10107 = EDGE_CURVE('',#10108,#10100,#10110,.T.);
#10108 = VERTEX_POINT('',#10109);
#10109 = CARTESIAN_POINT('',(-0.5,-0.3,0.47));
#10110 = LINE('',#10111,#10112);
#10111 = CARTESIAN_POINT('',(-0.5,-0.4,0.47));
#10112 = VECTOR('',#10113,1.);
#10113 = DIRECTION('',(0.,1.,0.));
#10114 = ORIENTED_EDGE('',*,*,#10115,.T.);
#10115 = EDGE_CURVE('',#10108,#10058,#10116,.T.);
#10116 = LINE('',#10117,#10118);
#10117 = CARTESIAN_POINT('',(-0.5,0.4,0.47));
#10118 = VECTOR('',#10119,1.);
#10119 = DIRECTION('',(0.,-1.,0.));
#10120 = ORIENTED_EDGE('',*,*,#10057,.T.);
#10121 = ORIENTED_EDGE('',*,*,#10122,.F.);
#10122 = EDGE_CURVE('',#10123,#10060,#10125,.T.);
#10123 = VERTEX_POINT('',#10124);
#10124 = CARTESIAN_POINT('',(-0.45,0.4,1.1));
#10125 = LINE('',#10126,#10127);
#10126 = CARTESIAN_POINT('',(-0.45,0.4,1.1));
#10127 = VECTOR('',#10128,1.);
#10128 = DIRECTION('',(0.,-1.,0.));
#10129 = ORIENTED_EDGE('',*,*,#10130,.F.);
#10130 = EDGE_CURVE('',#10098,#10123,#10131,.T.);
#10131 = LINE('',#10132,#10133);
#10132 = CARTESIAN_POINT('',(-0.5,0.4,0.47));
#10133 = VECTOR('',#10134,1.);
#10134 = DIRECTION('',(7.911630099815E-02,0.,0.996865392576));
#10135 = PLANE('',#10136);
#10136 = AXIS2_PLACEMENT_3D('',#10137,#10138,#10139);
#10137 = CARTESIAN_POINT('',(-0.5,0.4,0.47));
#10138 = DIRECTION('',(-0.996865392576,0.,7.911630099815E-02));
#10139 = DIRECTION('',(7.911630099815E-02,0.,0.996865392576));
#10140 = ADVANCED_FACE('',(#10141),#10214,.F.);
#10141 = FACE_BOUND('',#10142,.F.);
#10142 = EDGE_LOOP('',(#10143,#10153,#10161,#10169,#10175,#10176,#10184,
    #10192,#10200,#10208));
#10143 = ORIENTED_EDGE('',*,*,#10144,.F.);
#10144 = EDGE_CURVE('',#10145,#10147,#10149,.T.);
#10145 = VERTEX_POINT('',#10146);
#10146 = CARTESIAN_POINT('',(-0.77,-0.4,3.E-02));
#10147 = VERTEX_POINT('',#10148);
#10148 = CARTESIAN_POINT('',(-0.725,-0.4,3.E-02));
#10149 = LINE('',#10150,#10151);
#10150 = CARTESIAN_POINT('',(-0.77,-0.4,3.E-02));
#10151 = VECTOR('',#10152,1.);
#10152 = DIRECTION('',(1.,0.,0.));
#10153 = ORIENTED_EDGE('',*,*,#10154,.T.);
#10154 = EDGE_CURVE('',#10145,#10155,#10157,.T.);
#10155 = VERTEX_POINT('',#10156);
#10156 = CARTESIAN_POINT('',(-0.77,-0.4,0.47));
#10157 = LINE('',#10158,#10159);
#10158 = CARTESIAN_POINT('',(-0.77,-0.4,3.E-02));
#10159 = VECTOR('',#10160,1.);
#10160 = DIRECTION('',(0.,0.,1.));
#10161 = ORIENTED_EDGE('',*,*,#10162,.T.);
#10162 = EDGE_CURVE('',#10155,#10163,#10165,.T.);
#10163 = VERTEX_POINT('',#10164);
#10164 = CARTESIAN_POINT('',(-0.725,-0.4,0.47));
#10165 = LINE('',#10166,#10167);
#10166 = CARTESIAN_POINT('',(-0.77,-0.4,0.47));
#10167 = VECTOR('',#10168,1.);
#10168 = DIRECTION('',(1.,0.,0.));
#10169 = ORIENTED_EDGE('',*,*,#10170,.T.);
#10170 = EDGE_CURVE('',#10163,#10058,#10171,.T.);
#10171 = LINE('',#10172,#10173);
#10172 = CARTESIAN_POINT('',(-0.77,-0.4,0.47));
#10173 = VECTOR('',#10174,1.);
#10174 = DIRECTION('',(1.,0.,0.));
#10175 = ORIENTED_EDGE('',*,*,#10083,.F.);
#10176 = ORIENTED_EDGE('',*,*,#10177,.T.);
#10177 = EDGE_CURVE('',#10076,#10178,#10180,.T.);
#10178 = VERTEX_POINT('',#10179);
#10179 = CARTESIAN_POINT('',(0.725,-0.4,0.47));
#10180 = LINE('',#10181,#10182);
#10181 = CARTESIAN_POINT('',(-0.77,-0.4,0.47));
#10182 = VECTOR('',#10183,1.);
#10183 = DIRECTION('',(1.,0.,0.));
#10184 = ORIENTED_EDGE('',*,*,#10185,.T.);
#10185 = EDGE_CURVE('',#10178,#10186,#10188,.T.);
#10186 = VERTEX_POINT('',#10187);
#10187 = CARTESIAN_POINT('',(0.77,-0.4,0.47));
#10188 = LINE('',#10189,#10190);
#10189 = CARTESIAN_POINT('',(-0.77,-0.4,0.47));
#10190 = VECTOR('',#10191,1.);
#10191 = DIRECTION('',(1.,0.,0.));
#10192 = ORIENTED_EDGE('',*,*,#10193,.F.);
#10193 = EDGE_CURVE('',#10194,#10186,#10196,.T.);
#10194 = VERTEX_POINT('',#10195);
#10195 = CARTESIAN_POINT('',(0.77,-0.4,3.E-02));
#10196 = LINE('',#10197,#10198);
#10197 = CARTESIAN_POINT('',(0.77,-0.4,3.E-02));
#10198 = VECTOR('',#10199,1.);
#10199 = DIRECTION('',(0.,0.,1.));
#10200 = ORIENTED_EDGE('',*,*,#10201,.F.);
#10201 = EDGE_CURVE('',#10202,#10194,#10204,.T.);
#10202 = VERTEX_POINT('',#10203);
#10203 = CARTESIAN_POINT('',(0.725,-0.4,3.E-02));
#10204 = LINE('',#10205,#10206);
#10205 = CARTESIAN_POINT('',(-0.77,-0.4,3.E-02));
#10206 = VECTOR('',#10207,1.);
#10207 = DIRECTION('',(1.,0.,0.));
#10208 = ORIENTED_EDGE('',*,*,#10209,.F.);
#10209 = EDGE_CURVE('',#10147,#10202,#10210,.T.);
#10210 = LINE('',#10211,#10212);
#10211 = CARTESIAN_POINT('',(-0.77,-0.4,3.E-02));
#10212 = VECTOR('',#10213,1.);
#10213 = DIRECTION('',(1.,0.,0.));
#10214 = PLANE('',#10215);
#10215 = AXIS2_PLACEMENT_3D('',#10216,#10217,#10218);
#10216 = CARTESIAN_POINT('',(-0.77,-0.4,3.E-02));
#10217 = DIRECTION('',(0.,1.,0.));
#10218 = DIRECTION('',(0.,-0.,1.));
#10219 = ADVANCED_FACE('',(#10220),#10238,.T.);
#10220 = FACE_BOUND('',#10221,.T.);
#10221 = EDGE_LOOP('',(#10222,#10223,#10224,#10232));
#10222 = ORIENTED_EDGE('',*,*,#10122,.T.);
#10223 = ORIENTED_EDGE('',*,*,#10067,.T.);
#10224 = ORIENTED_EDGE('',*,*,#10225,.F.);
#10225 = EDGE_CURVE('',#10226,#10068,#10228,.T.);
#10226 = VERTEX_POINT('',#10227);
#10227 = CARTESIAN_POINT('',(0.45,0.4,1.1));
#10228 = LINE('',#10229,#10230);
#10229 = CARTESIAN_POINT('',(0.45,0.4,1.1));
#10230 = VECTOR('',#10231,1.);
#10231 = DIRECTION('',(0.,-1.,0.));
#10232 = ORIENTED_EDGE('',*,*,#10233,.F.);
#10233 = EDGE_CURVE('',#10123,#10226,#10234,.T.);
#10234 = LINE('',#10235,#10236);
#10235 = CARTESIAN_POINT('',(-0.45,0.4,1.1));
#10236 = VECTOR('',#10237,1.);
#10237 = DIRECTION('',(1.,0.,0.));
#10238 = PLANE('',#10239);
#10239 = AXIS2_PLACEMENT_3D('',#10240,#10241,#10242);
#10240 = CARTESIAN_POINT('',(-0.45,0.4,1.1));
#10241 = DIRECTION('',(0.,0.,1.));
#10242 = DIRECTION('',(1.,0.,-0.));
#10243 = ADVANCED_FACE('',(#10244),#10278,.T.);
#10244 = FACE_BOUND('',#10245,.T.);
#10245 = EDGE_LOOP('',(#10246,#10247,#10248,#10256,#10264,#10272));
#10246 = ORIENTED_EDGE('',*,*,#10225,.T.);
#10247 = ORIENTED_EDGE('',*,*,#10075,.T.);
#10248 = ORIENTED_EDGE('',*,*,#10249,.F.);
#10249 = EDGE_CURVE('',#10250,#10076,#10252,.T.);
#10250 = VERTEX_POINT('',#10251);
#10251 = CARTESIAN_POINT('',(0.5,-0.3,0.47));
#10252 = LINE('',#10253,#10254);
#10253 = CARTESIAN_POINT('',(0.5,0.4,0.47));
#10254 = VECTOR('',#10255,1.);
#10255 = DIRECTION('',(0.,-1.,0.));
#10256 = ORIENTED_EDGE('',*,*,#10257,.T.);
#10257 = EDGE_CURVE('',#10250,#10258,#10260,.T.);
#10258 = VERTEX_POINT('',#10259);
#10259 = CARTESIAN_POINT('',(0.5,0.3,0.47));
#10260 = LINE('',#10261,#10262);
#10261 = CARTESIAN_POINT('',(0.5,-0.4,0.47));
#10262 = VECTOR('',#10263,1.);
#10263 = DIRECTION('',(0.,1.,0.));
#10264 = ORIENTED_EDGE('',*,*,#10265,.F.);
#10265 = EDGE_CURVE('',#10266,#10258,#10268,.T.);
#10266 = VERTEX_POINT('',#10267);
#10267 = CARTESIAN_POINT('',(0.5,0.4,0.47));
#10268 = LINE('',#10269,#10270);
#10269 = CARTESIAN_POINT('',(0.5,0.4,0.47));
#10270 = VECTOR('',#10271,1.);
#10271 = DIRECTION('',(0.,-1.,0.));
#10272 = ORIENTED_EDGE('',*,*,#10273,.F.);
#10273 = EDGE_CURVE('',#10226,#10266,#10274,.T.);
#10274 = LINE('',#10275,#10276);
#10275 = CARTESIAN_POINT('',(0.45,0.4,1.1));
#10276 = VECTOR('',#10277,1.);
#10277 = DIRECTION('',(7.911630099815E-02,0.,-0.996865392576));
#10278 = PLANE('',#10279);
#10279 = AXIS2_PLACEMENT_3D('',#10280,#10281,#10282);
#10280 = CARTESIAN_POINT('',(0.45,0.4,1.1));
#10281 = DIRECTION('',(0.996865392576,0.,7.911630099815E-02));
#10282 = DIRECTION('',(7.911630099815E-02,0.,-0.996865392576));
#10283 = ADVANCED_FACE('',(#10284),#10309,.T.);
#10284 = FACE_BOUND('',#10285,.T.);
#10285 = EDGE_LOOP('',(#10286,#10294,#10302,#10308));
#10286 = ORIENTED_EDGE('',*,*,#10287,.F.);
#10287 = EDGE_CURVE('',#10288,#10098,#10290,.T.);
#10288 = VERTEX_POINT('',#10289);
#10289 = CARTESIAN_POINT('',(-0.725,0.4,0.47));
#10290 = LINE('',#10291,#10292);
#10291 = CARTESIAN_POINT('',(-0.77,0.4,0.47));
#10292 = VECTOR('',#10293,1.);
#10293 = DIRECTION('',(1.,0.,0.));
#10294 = ORIENTED_EDGE('',*,*,#10295,.F.);
#10295 = EDGE_CURVE('',#10296,#10288,#10298,.T.);
#10296 = VERTEX_POINT('',#10297);
#10297 = CARTESIAN_POINT('',(-0.725,0.3,0.47));
#10298 = LINE('',#10299,#10300);
#10299 = CARTESIAN_POINT('',(-0.725,5.E-02,0.47));
#10300 = VECTOR('',#10301,1.);
#10301 = DIRECTION('',(0.,1.,0.));
#10302 = ORIENTED_EDGE('',*,*,#10303,.F.);
#10303 = EDGE_CURVE('',#10100,#10296,#10304,.T.);
#10304 = LINE('',#10305,#10306);
#10305 = CARTESIAN_POINT('',(-0.7475,0.3,0.47));
#10306 = VECTOR('',#10307,1.);
#10307 = DIRECTION('',(-1.,0.,0.));
#10308 = ORIENTED_EDGE('',*,*,#10097,.F.);
#10309 = PLANE('',#10310);
#10310 = AXIS2_PLACEMENT_3D('',#10311,#10312,#10313);
#10311 = CARTESIAN_POINT('',(-0.77,-0.4,0.47));
#10312 = DIRECTION('',(0.,0.,1.));
#10313 = DIRECTION('',(1.,0.,-0.));
#10314 = ADVANCED_FACE('',(#10315),#10326,.T.);
#10315 = FACE_BOUND('',#10316,.T.);
#10316 = EDGE_LOOP('',(#10317,#10318,#10319,#10320));
#10317 = ORIENTED_EDGE('',*,*,#10130,.T.);
#10318 = ORIENTED_EDGE('',*,*,#10233,.T.);
#10319 = ORIENTED_EDGE('',*,*,#10273,.T.);
#10320 = ORIENTED_EDGE('',*,*,#10321,.T.);
#10321 = EDGE_CURVE('',#10266,#10098,#10322,.T.);
#10322 = LINE('',#10323,#10324);
#10323 = CARTESIAN_POINT('',(0.5,0.4,0.47));
#10324 = VECTOR('',#10325,1.);
#10325 = DIRECTION('',(-1.,0.,0.));
#10326 = PLANE('',#10327);
#10327 = AXIS2_PLACEMENT_3D('',#10328,#10329,#10330);
#10328 = CARTESIAN_POINT('',(-8.772411109409E-18,0.4,0.775044128294));
#10329 = DIRECTION('',(0.,1.,0.));
#10330 = DIRECTION('',(0.,-0.,1.));
#10331 = ADVANCED_FACE('',(#10332),#10359,.T.);
#10332 = FACE_BOUND('',#10333,.T.);
#10333 = EDGE_LOOP('',(#10334,#10343,#10351,#10358));
#10334 = ORIENTED_EDGE('',*,*,#10335,.F.);
#10335 = EDGE_CURVE('',#10336,#10100,#10338,.T.);
#10336 = VERTEX_POINT('',#10337);
#10337 = CARTESIAN_POINT('',(-0.53,0.3,0.5));
#10338 = CIRCLE('',#10339,3.E-02);
#10339 = AXIS2_PLACEMENT_3D('',#10340,#10341,#10342);
#10340 = CARTESIAN_POINT('',(-0.53,0.3,0.47));
#10341 = DIRECTION('',(-0.,1.,0.));
#10342 = DIRECTION('',(1.,0.,0.));
#10343 = ORIENTED_EDGE('',*,*,#10344,.F.);
#10344 = EDGE_CURVE('',#10345,#10336,#10347,.T.);
#10345 = VERTEX_POINT('',#10346);
#10346 = CARTESIAN_POINT('',(-0.53,-0.3,0.5));
#10347 = LINE('',#10348,#10349);
#10348 = CARTESIAN_POINT('',(-0.53,-0.4,0.5));
#10349 = VECTOR('',#10350,1.);
#10350 = DIRECTION('',(0.,1.,0.));
#10351 = ORIENTED_EDGE('',*,*,#10352,.T.);
#10352 = EDGE_CURVE('',#10345,#10108,#10353,.T.);
#10353 = CIRCLE('',#10354,3.E-02);
#10354 = AXIS2_PLACEMENT_3D('',#10355,#10356,#10357);
#10355 = CARTESIAN_POINT('',(-0.53,-0.3,0.47));
#10356 = DIRECTION('',(-0.,1.,0.));
#10357 = DIRECTION('',(1.,0.,0.));
#10358 = ORIENTED_EDGE('',*,*,#10107,.T.);
#10359 = CYLINDRICAL_SURFACE('',#10360,3.E-02);
#10360 = AXIS2_PLACEMENT_3D('',#10361,#10362,#10363);
#10361 = CARTESIAN_POINT('',(-0.53,-0.4,0.47));
#10362 = DIRECTION('',(0.,1.,0.));
#10363 = DIRECTION('',(1.,0.,0.));
#10364 = ADVANCED_FACE('',(#10365),#10383,.T.);
#10365 = FACE_BOUND('',#10366,.T.);
#10366 = EDGE_LOOP('',(#10367,#10375,#10376,#10377));
#10367 = ORIENTED_EDGE('',*,*,#10368,.F.);
#10368 = EDGE_CURVE('',#10163,#10369,#10371,.T.);
#10369 = VERTEX_POINT('',#10370);
#10370 = CARTESIAN_POINT('',(-0.725,-0.3,0.47));
#10371 = LINE('',#10372,#10373);
#10372 = CARTESIAN_POINT('',(-0.725,-0.35,0.47));
#10373 = VECTOR('',#10374,1.);
#10374 = DIRECTION('',(0.,1.,0.));
#10375 = ORIENTED_EDGE('',*,*,#10170,.T.);
#10376 = ORIENTED_EDGE('',*,*,#10115,.F.);
#10377 = ORIENTED_EDGE('',*,*,#10378,.F.);
#10378 = EDGE_CURVE('',#10369,#10108,#10379,.T.);
#10379 = LINE('',#10380,#10381);
#10380 = CARTESIAN_POINT('',(-2.25E-02,-0.3,0.47));
#10381 = VECTOR('',#10382,1.);
#10382 = DIRECTION('',(1.,0.,0.));
#10383 = PLANE('',#10384);
#10384 = AXIS2_PLACEMENT_3D('',#10385,#10386,#10387);
#10385 = CARTESIAN_POINT('',(-0.77,-0.4,0.47));
#10386 = DIRECTION('',(0.,0.,1.));
#10387 = DIRECTION('',(1.,0.,-0.));
#10388 = ADVANCED_FACE('',(#10389),#10450,.F.);
#10389 = FACE_BOUND('',#10390,.F.);
#10390 = EDGE_LOOP('',(#10391,#10401,#10410,#10418,#10427,#10435,#10441,
    #10442,#10443,#10444));
#10391 = ORIENTED_EDGE('',*,*,#10392,.F.);
#10392 = EDGE_CURVE('',#10393,#10395,#10397,.T.);
#10393 = VERTEX_POINT('',#10394);
#10394 = CARTESIAN_POINT('',(-0.77,-0.4,-3.469446951954E-18));
#10395 = VERTEX_POINT('',#10396);
#10396 = CARTESIAN_POINT('',(-0.725,-0.4,0.));
#10397 = LINE('',#10398,#10399);
#10398 = CARTESIAN_POINT('',(-0.8,-0.4,0.));
#10399 = VECTOR('',#10400,1.);
#10400 = DIRECTION('',(1.,0.,0.));
#10401 = ORIENTED_EDGE('',*,*,#10402,.F.);
#10402 = EDGE_CURVE('',#10403,#10393,#10405,.T.);
#10403 = VERTEX_POINT('',#10404);
#10404 = CARTESIAN_POINT('',(-0.8,-0.4,3.E-02));
#10405 = CIRCLE('',#10406,3.E-02);
#10406 = AXIS2_PLACEMENT_3D('',#10407,#10408,#10409);
#10407 = CARTESIAN_POINT('',(-0.77,-0.4,3.E-02));
#10408 = DIRECTION('',(0.,-1.,0.));
#10409 = DIRECTION('',(0.,0.,1.));
#10410 = ORIENTED_EDGE('',*,*,#10411,.T.);
#10411 = EDGE_CURVE('',#10403,#10412,#10414,.T.);
#10412 = VERTEX_POINT('',#10413);
#10413 = CARTESIAN_POINT('',(-0.8,-0.4,0.47));
#10414 = LINE('',#10415,#10416);
#10415 = CARTESIAN_POINT('',(-0.8,-0.4,0.));
#10416 = VECTOR('',#10417,1.);
#10417 = DIRECTION('',(0.,0.,1.));
#10418 = ORIENTED_EDGE('',*,*,#10419,.T.);
#10419 = EDGE_CURVE('',#10412,#10420,#10422,.T.);
#10420 = VERTEX_POINT('',#10421);
#10421 = CARTESIAN_POINT('',(-0.77,-0.4,0.5));
#10422 = CIRCLE('',#10423,3.E-02);
#10423 = AXIS2_PLACEMENT_3D('',#10424,#10425,#10426);
#10424 = CARTESIAN_POINT('',(-0.77,-0.4,0.47));
#10425 = DIRECTION('',(0.,1.,0.));
#10426 = DIRECTION('',(0.,-0.,1.));
#10427 = ORIENTED_EDGE('',*,*,#10428,.T.);
#10428 = EDGE_CURVE('',#10420,#10429,#10431,.T.);
#10429 = VERTEX_POINT('',#10430);
#10430 = CARTESIAN_POINT('',(-0.725,-0.4,0.5));
#10431 = LINE('',#10432,#10433);
#10432 = CARTESIAN_POINT('',(-0.8,-0.4,0.5));
#10433 = VECTOR('',#10434,1.);
#10434 = DIRECTION('',(1.,0.,0.));
#10435 = ORIENTED_EDGE('',*,*,#10436,.F.);
#10436 = EDGE_CURVE('',#10163,#10429,#10437,.T.);
#10437 = LINE('',#10438,#10439);
#10438 = CARTESIAN_POINT('',(-0.725,-0.4,0.375));
#10439 = VECTOR('',#10440,1.);
#10440 = DIRECTION('',(0.,0.,1.));
#10441 = ORIENTED_EDGE('',*,*,#10162,.F.);
#10442 = ORIENTED_EDGE('',*,*,#10154,.F.);
#10443 = ORIENTED_EDGE('',*,*,#10144,.T.);
#10444 = ORIENTED_EDGE('',*,*,#10445,.F.);
#10445 = EDGE_CURVE('',#10395,#10147,#10446,.T.);
#10446 = LINE('',#10447,#10448);
#10447 = CARTESIAN_POINT('',(-0.725,-0.4,0.375));
#10448 = VECTOR('',#10449,1.);
#10449 = DIRECTION('',(0.,0.,1.));
#10450 = PLANE('',#10451);
#10451 = AXIS2_PLACEMENT_3D('',#10452,#10453,#10454);
#10452 = CARTESIAN_POINT('',(-0.8,-0.4,0.));
#10453 = DIRECTION('',(0.,1.,0.));
#10454 = DIRECTION('',(0.,-0.,1.));
#10455 = ADVANCED_FACE('',(#10456,#10545),#10571,.F.);
#10456 = FACE_BOUND('',#10457,.F.);
#10457 = EDGE_LOOP('',(#10458,#10466,#10467,#10475,#10483,#10491,#10499,
    #10507,#10515,#10523,#10531,#10539));
#10458 = ORIENTED_EDGE('',*,*,#10459,.F.);
#10459 = EDGE_CURVE('',#10147,#10460,#10462,.T.);
#10460 = VERTEX_POINT('',#10461);
#10461 = CARTESIAN_POINT('',(-0.725,-0.3,3.E-02));
#10462 = LINE('',#10463,#10464);
#10463 = CARTESIAN_POINT('',(-0.725,-0.35,3.E-02));
#10464 = VECTOR('',#10465,1.);
#10465 = DIRECTION('',(0.,1.,0.));
#10466 = ORIENTED_EDGE('',*,*,#10209,.T.);
#10467 = ORIENTED_EDGE('',*,*,#10468,.F.);
#10468 = EDGE_CURVE('',#10469,#10202,#10471,.T.);
#10469 = VERTEX_POINT('',#10470);
#10470 = CARTESIAN_POINT('',(0.725,-0.3,3.E-02));
#10471 = LINE('',#10472,#10473);
#10472 = CARTESIAN_POINT('',(0.725,-0.45,3.E-02));
#10473 = VECTOR('',#10474,1.);
#10474 = DIRECTION('',(0.,-1.,0.));
#10475 = ORIENTED_EDGE('',*,*,#10476,.F.);
#10476 = EDGE_CURVE('',#10477,#10469,#10479,.T.);
#10477 = VERTEX_POINT('',#10478);
#10478 = CARTESIAN_POINT('',(0.5,-0.3,3.E-02));
#10479 = LINE('',#10480,#10481);
#10480 = CARTESIAN_POINT('',(-2.25E-02,-0.3,3.E-02));
#10481 = VECTOR('',#10482,1.);
#10482 = DIRECTION('',(1.,0.,0.));
#10483 = ORIENTED_EDGE('',*,*,#10484,.T.);
#10484 = EDGE_CURVE('',#10477,#10485,#10487,.T.);
#10485 = VERTEX_POINT('',#10486);
#10486 = CARTESIAN_POINT('',(0.5,0.3,3.E-02));
#10487 = LINE('',#10488,#10489);
#10488 = CARTESIAN_POINT('',(0.5,-0.4,3.E-02));
#10489 = VECTOR('',#10490,1.);
#10490 = DIRECTION('',(0.,1.,0.));
#10491 = ORIENTED_EDGE('',*,*,#10492,.F.);
#10492 = EDGE_CURVE('',#10493,#10485,#10495,.T.);
#10493 = VERTEX_POINT('',#10494);
#10494 = CARTESIAN_POINT('',(0.725,0.3,3.E-02));
#10495 = LINE('',#10496,#10497);
#10496 = CARTESIAN_POINT('',(-0.7475,0.3,3.E-02));
#10497 = VECTOR('',#10498,1.);
#10498 = DIRECTION('',(-1.,0.,0.));
#10499 = ORIENTED_EDGE('',*,*,#10500,.F.);
#10500 = EDGE_CURVE('',#10501,#10493,#10503,.T.);
#10501 = VERTEX_POINT('',#10502);
#10502 = CARTESIAN_POINT('',(0.725,0.4,3.E-02));
#10503 = LINE('',#10504,#10505);
#10504 = CARTESIAN_POINT('',(0.725,-5.E-02,3.E-02));
#10505 = VECTOR('',#10506,1.);
#10506 = DIRECTION('',(0.,-1.,0.));
#10507 = ORIENTED_EDGE('',*,*,#10508,.F.);
#10508 = EDGE_CURVE('',#10509,#10501,#10511,.T.);
#10509 = VERTEX_POINT('',#10510);
#10510 = CARTESIAN_POINT('',(-0.725,0.4,3.E-02));
#10511 = LINE('',#10512,#10513);
#10512 = CARTESIAN_POINT('',(-0.77,0.4,3.E-02));
#10513 = VECTOR('',#10514,1.);
#10514 = DIRECTION('',(1.,0.,0.));
#10515 = ORIENTED_EDGE('',*,*,#10516,.F.);
#10516 = EDGE_CURVE('',#10517,#10509,#10519,.T.);
#10517 = VERTEX_POINT('',#10518);
#10518 = CARTESIAN_POINT('',(-0.725,0.3,3.E-02));
#10519 = LINE('',#10520,#10521);
#10520 = CARTESIAN_POINT('',(-0.725,5.E-02,3.E-02));
#10521 = VECTOR('',#10522,1.);
#10522 = DIRECTION('',(0.,1.,0.));
#10523 = ORIENTED_EDGE('',*,*,#10524,.F.);
#10524 = EDGE_CURVE('',#10525,#10517,#10527,.T.);
#10525 = VERTEX_POINT('',#10526);
#10526 = CARTESIAN_POINT('',(-0.5,0.3,3.E-02));
#10527 = LINE('',#10528,#10529);
#10528 = CARTESIAN_POINT('',(-0.7475,0.3,3.E-02));
#10529 = VECTOR('',#10530,1.);
#10530 = DIRECTION('',(-1.,0.,0.));
#10531 = ORIENTED_EDGE('',*,*,#10532,.F.);
#10532 = EDGE_CURVE('',#10533,#10525,#10535,.T.);
#10533 = VERTEX_POINT('',#10534);
#10534 = CARTESIAN_POINT('',(-0.5,-0.3,3.E-02));
#10535 = LINE('',#10536,#10537);
#10536 = CARTESIAN_POINT('',(-0.5,-0.4,3.E-02));
#10537 = VECTOR('',#10538,1.);
#10538 = DIRECTION('',(0.,1.,0.));
#10539 = ORIENTED_EDGE('',*,*,#10540,.F.);
#10540 = EDGE_CURVE('',#10460,#10533,#10541,.T.);
#10541 = LINE('',#10542,#10543);
#10542 = CARTESIAN_POINT('',(-2.25E-02,-0.3,3.E-02));
#10543 = VECTOR('',#10544,1.);
#10544 = DIRECTION('',(1.,0.,0.));
#10545 = FACE_BOUND('',#10546,.F.);
#10546 = EDGE_LOOP('',(#10547,#10557,#10565));
#10547 = ORIENTED_EDGE('',*,*,#10548,.T.);
#10548 = EDGE_CURVE('',#10549,#10551,#10553,.T.);
#10549 = VERTEX_POINT('',#10550);
#10550 = CARTESIAN_POINT('',(0.277128129211,0.32,3.E-02));
#10551 = VERTEX_POINT('',#10552);
#10552 = CARTESIAN_POINT('',(0.277128129211,-0.32,3.E-02));
#10553 = LINE('',#10554,#10555);
#10554 = CARTESIAN_POINT('',(0.277128129211,0.32,3.E-02));
#10555 = VECTOR('',#10556,1.);
#10556 = DIRECTION('',(0.,-1.,0.));
#10557 = ORIENTED_EDGE('',*,*,#10558,.T.);
#10558 = EDGE_CURVE('',#10551,#10559,#10561,.T.);
#10559 = VERTEX_POINT('',#10560);
#10560 = CARTESIAN_POINT('',(-0.277128129211,0.,3.E-02));
#10561 = LINE('',#10562,#10563);
#10562 = CARTESIAN_POINT('',(0.277128129211,-0.32,3.E-02));
#10563 = VECTOR('',#10564,1.);
#10564 = DIRECTION('',(-0.866025403784,0.5,0.));
#10565 = ORIENTED_EDGE('',*,*,#10566,.T.);
#10566 = EDGE_CURVE('',#10559,#10549,#10567,.T.);
#10567 = LINE('',#10568,#10569);
#10568 = CARTESIAN_POINT('',(-0.277128129211,0.,3.E-02));
#10569 = VECTOR('',#10570,1.);
#10570 = DIRECTION('',(0.866025403784,0.5,0.));
#10571 = PLANE('',#10572);
#10572 = AXIS2_PLACEMENT_3D('',#10573,#10574,#10575);
#10573 = CARTESIAN_POINT('',(-0.77,-0.4,3.E-02));
#10574 = DIRECTION('',(0.,0.,1.));
#10575 = DIRECTION('',(1.,0.,-0.));
#10576 = ADVANCED_FACE('',(#10577),#10638,.F.);
#10577 = FACE_BOUND('',#10578,.F.);
#10578 = EDGE_LOOP('',(#10579,#10589,#10595,#10596,#10597,#10598,#10606,
    #10614,#10623,#10631));
#10579 = ORIENTED_EDGE('',*,*,#10580,.F.);
#10580 = EDGE_CURVE('',#10581,#10583,#10585,.T.);
#10581 = VERTEX_POINT('',#10582);
#10582 = CARTESIAN_POINT('',(0.725,-0.4,0.));
#10583 = VERTEX_POINT('',#10584);
#10584 = CARTESIAN_POINT('',(0.77,-0.4,-3.469446951954E-18));
#10585 = LINE('',#10586,#10587);
#10586 = CARTESIAN_POINT('',(0.5,-0.4,0.));
#10587 = VECTOR('',#10588,1.);
#10588 = DIRECTION('',(1.,0.,0.));
#10589 = ORIENTED_EDGE('',*,*,#10590,.F.);
#10590 = EDGE_CURVE('',#10202,#10581,#10591,.T.);
#10591 = LINE('',#10592,#10593);
#10592 = CARTESIAN_POINT('',(0.725,-0.4,0.375));
#10593 = VECTOR('',#10594,1.);
#10594 = DIRECTION('',(0.,0.,-1.));
#10595 = ORIENTED_EDGE('',*,*,#10201,.T.);
#10596 = ORIENTED_EDGE('',*,*,#10193,.T.);
#10597 = ORIENTED_EDGE('',*,*,#10185,.F.);
#10598 = ORIENTED_EDGE('',*,*,#10599,.F.);
#10599 = EDGE_CURVE('',#10600,#10178,#10602,.T.);
#10600 = VERTEX_POINT('',#10601);
#10601 = CARTESIAN_POINT('',(0.725,-0.4,0.5));
#10602 = LINE('',#10603,#10604);
#10603 = CARTESIAN_POINT('',(0.725,-0.4,0.375));
#10604 = VECTOR('',#10605,1.);
#10605 = DIRECTION('',(0.,0.,-1.));
#10606 = ORIENTED_EDGE('',*,*,#10607,.T.);
#10607 = EDGE_CURVE('',#10600,#10608,#10610,.T.);
#10608 = VERTEX_POINT('',#10609);
#10609 = CARTESIAN_POINT('',(0.77,-0.4,0.5));
#10610 = LINE('',#10611,#10612);
#10611 = CARTESIAN_POINT('',(0.5,-0.4,0.5));
#10612 = VECTOR('',#10613,1.);
#10613 = DIRECTION('',(1.,0.,0.));
#10614 = ORIENTED_EDGE('',*,*,#10615,.F.);
#10615 = EDGE_CURVE('',#10616,#10608,#10618,.T.);
#10616 = VERTEX_POINT('',#10617);
#10617 = CARTESIAN_POINT('',(0.8,-0.4,0.47));
#10618 = CIRCLE('',#10619,3.E-02);
#10619 = AXIS2_PLACEMENT_3D('',#10620,#10621,#10622);
#10620 = CARTESIAN_POINT('',(0.77,-0.4,0.47));
#10621 = DIRECTION('',(0.,-1.,0.));
#10622 = DIRECTION('',(0.,0.,1.));
#10623 = ORIENTED_EDGE('',*,*,#10624,.F.);
#10624 = EDGE_CURVE('',#10625,#10616,#10627,.T.);
#10625 = VERTEX_POINT('',#10626);
#10626 = CARTESIAN_POINT('',(0.8,-0.4,3.E-02));
#10627 = LINE('',#10628,#10629);
#10628 = CARTESIAN_POINT('',(0.8,-0.4,0.));
#10629 = VECTOR('',#10630,1.);
#10630 = DIRECTION('',(0.,0.,1.));
#10631 = ORIENTED_EDGE('',*,*,#10632,.T.);
#10632 = EDGE_CURVE('',#10625,#10583,#10633,.T.);
#10633 = CIRCLE('',#10634,3.E-02);
#10634 = AXIS2_PLACEMENT_3D('',#10635,#10636,#10637);
#10635 = CARTESIAN_POINT('',(0.77,-0.4,3.E-02));
#10636 = DIRECTION('',(0.,1.,0.));
#10637 = DIRECTION('',(0.,-0.,1.));
#10638 = PLANE('',#10639);
#10639 = AXIS2_PLACEMENT_3D('',#10640,#10641,#10642);
#10640 = CARTESIAN_POINT('',(0.5,-0.4,0.));
#10641 = DIRECTION('',(0.,1.,0.));
#10642 = DIRECTION('',(0.,-0.,1.));
#10643 = ADVANCED_FACE('',(#10644),#10662,.T.);
#10644 = FACE_BOUND('',#10645,.T.);
#10645 = EDGE_LOOP('',(#10646,#10654,#10655,#10656));
#10646 = ORIENTED_EDGE('',*,*,#10647,.F.);
#10647 = EDGE_CURVE('',#10250,#10648,#10650,.T.);
#10648 = VERTEX_POINT('',#10649);
#10649 = CARTESIAN_POINT('',(0.725,-0.3,0.47));
#10650 = LINE('',#10651,#10652);
#10651 = CARTESIAN_POINT('',(-2.25E-02,-0.3,0.47));
#10652 = VECTOR('',#10653,1.);
#10653 = DIRECTION('',(1.,0.,0.));
#10654 = ORIENTED_EDGE('',*,*,#10249,.T.);
#10655 = ORIENTED_EDGE('',*,*,#10177,.T.);
#10656 = ORIENTED_EDGE('',*,*,#10657,.F.);
#10657 = EDGE_CURVE('',#10648,#10178,#10658,.T.);
#10658 = LINE('',#10659,#10660);
#10659 = CARTESIAN_POINT('',(0.725,-0.45,0.47));
#10660 = VECTOR('',#10661,1.);
#10661 = DIRECTION('',(0.,-1.,0.));
#10662 = PLANE('',#10663);
#10663 = AXIS2_PLACEMENT_3D('',#10664,#10665,#10666);
#10664 = CARTESIAN_POINT('',(-0.77,-0.4,0.47));
#10665 = DIRECTION('',(0.,0.,1.));
#10666 = DIRECTION('',(1.,0.,-0.));
#10667 = ADVANCED_FACE('',(#10668),#10693,.T.);
#10668 = FACE_BOUND('',#10669,.T.);
#10669 = EDGE_LOOP('',(#10670,#10678,#10679,#10687));
#10670 = ORIENTED_EDGE('',*,*,#10671,.F.);
#10671 = EDGE_CURVE('',#10266,#10672,#10674,.T.);
#10672 = VERTEX_POINT('',#10673);
#10673 = CARTESIAN_POINT('',(0.725,0.4,0.47));
#10674 = LINE('',#10675,#10676);
#10675 = CARTESIAN_POINT('',(-0.77,0.4,0.47));
#10676 = VECTOR('',#10677,1.);
#10677 = DIRECTION('',(1.,0.,0.));
#10678 = ORIENTED_EDGE('',*,*,#10265,.T.);
#10679 = ORIENTED_EDGE('',*,*,#10680,.F.);
#10680 = EDGE_CURVE('',#10681,#10258,#10683,.T.);
#10681 = VERTEX_POINT('',#10682);
#10682 = CARTESIAN_POINT('',(0.725,0.3,0.47));
#10683 = LINE('',#10684,#10685);
#10684 = CARTESIAN_POINT('',(-0.7475,0.3,0.47));
#10685 = VECTOR('',#10686,1.);
#10686 = DIRECTION('',(-1.,0.,0.));
#10687 = ORIENTED_EDGE('',*,*,#10688,.F.);
#10688 = EDGE_CURVE('',#10672,#10681,#10689,.T.);
#10689 = LINE('',#10690,#10691);
#10690 = CARTESIAN_POINT('',(0.725,-5.E-02,0.47));
#10691 = VECTOR('',#10692,1.);
#10692 = DIRECTION('',(0.,-1.,0.));
#10693 = PLANE('',#10694);
#10694 = AXIS2_PLACEMENT_3D('',#10695,#10696,#10697);
#10695 = CARTESIAN_POINT('',(-0.77,-0.4,0.47));
#10696 = DIRECTION('',(0.,0.,1.));
#10697 = DIRECTION('',(1.,0.,-0.));
#10698 = ADVANCED_FACE('',(#10699),#10726,.T.);
#10699 = FACE_BOUND('',#10700,.T.);
#10700 = EDGE_LOOP('',(#10701,#10702,#10711,#10719));
#10701 = ORIENTED_EDGE('',*,*,#10257,.F.);
#10702 = ORIENTED_EDGE('',*,*,#10703,.T.);
#10703 = EDGE_CURVE('',#10250,#10704,#10706,.T.);
#10704 = VERTEX_POINT('',#10705);
#10705 = CARTESIAN_POINT('',(0.53,-0.3,0.5));
#10706 = CIRCLE('',#10707,3.E-02);
#10707 = AXIS2_PLACEMENT_3D('',#10708,#10709,#10710);
#10708 = CARTESIAN_POINT('',(0.53,-0.3,0.47));
#10709 = DIRECTION('',(0.,1.,-0.));
#10710 = DIRECTION('',(-1.,0.,0.));
#10711 = ORIENTED_EDGE('',*,*,#10712,.T.);
#10712 = EDGE_CURVE('',#10704,#10713,#10715,.T.);
#10713 = VERTEX_POINT('',#10714);
#10714 = CARTESIAN_POINT('',(0.53,0.3,0.5));
#10715 = LINE('',#10716,#10717);
#10716 = CARTESIAN_POINT('',(0.53,-0.4,0.5));
#10717 = VECTOR('',#10718,1.);
#10718 = DIRECTION('',(0.,1.,0.));
#10719 = ORIENTED_EDGE('',*,*,#10720,.F.);
#10720 = EDGE_CURVE('',#10258,#10713,#10721,.T.);
#10721 = CIRCLE('',#10722,3.E-02);
#10722 = AXIS2_PLACEMENT_3D('',#10723,#10724,#10725);
#10723 = CARTESIAN_POINT('',(0.53,0.3,0.47));
#10724 = DIRECTION('',(0.,1.,-0.));
#10725 = DIRECTION('',(-1.,0.,0.));
#10726 = CYLINDRICAL_SURFACE('',#10727,3.E-02);
#10727 = AXIS2_PLACEMENT_3D('',#10728,#10729,#10730);
#10728 = CARTESIAN_POINT('',(0.53,-0.4,0.47));
#10729 = DIRECTION('',(0.,1.,0.));
#10730 = DIRECTION('',(-1.,0.,0.));
#10731 = ADVANCED_FACE('',(#10732),#10782,.T.);
#10732 = FACE_BOUND('',#10733,.T.);
#10733 = EDGE_LOOP('',(#10734,#10742,#10750,#10756,#10757,#10758,#10759,
    #10767,#10775,#10781));
#10734 = ORIENTED_EDGE('',*,*,#10735,.F.);
#10735 = EDGE_CURVE('',#10736,#10509,#10738,.T.);
#10736 = VERTEX_POINT('',#10737);
#10737 = CARTESIAN_POINT('',(-0.77,0.4,3.E-02));
#10738 = LINE('',#10739,#10740);
#10739 = CARTESIAN_POINT('',(-0.77,0.4,3.E-02));
#10740 = VECTOR('',#10741,1.);
#10741 = DIRECTION('',(1.,0.,0.));
#10742 = ORIENTED_EDGE('',*,*,#10743,.T.);
#10743 = EDGE_CURVE('',#10736,#10744,#10746,.T.);
#10744 = VERTEX_POINT('',#10745);
#10745 = CARTESIAN_POINT('',(-0.77,0.4,0.47));
#10746 = LINE('',#10747,#10748);
#10747 = CARTESIAN_POINT('',(-0.77,0.4,3.E-02));
#10748 = VECTOR('',#10749,1.);
#10749 = DIRECTION('',(0.,0.,1.));
#10750 = ORIENTED_EDGE('',*,*,#10751,.T.);
#10751 = EDGE_CURVE('',#10744,#10288,#10752,.T.);
#10752 = LINE('',#10753,#10754);
#10753 = CARTESIAN_POINT('',(-0.77,0.4,0.47));
#10754 = VECTOR('',#10755,1.);
#10755 = DIRECTION('',(1.,0.,0.));
#10756 = ORIENTED_EDGE('',*,*,#10287,.T.);
#10757 = ORIENTED_EDGE('',*,*,#10321,.F.);
#10758 = ORIENTED_EDGE('',*,*,#10671,.T.);
#10759 = ORIENTED_EDGE('',*,*,#10760,.T.);
#10760 = EDGE_CURVE('',#10672,#10761,#10763,.T.);
#10761 = VERTEX_POINT('',#10762);
#10762 = CARTESIAN_POINT('',(0.77,0.4,0.47));
#10763 = LINE('',#10764,#10765);
#10764 = CARTESIAN_POINT('',(-0.77,0.4,0.47));
#10765 = VECTOR('',#10766,1.);
#10766 = DIRECTION('',(1.,0.,0.));
#10767 = ORIENTED_EDGE('',*,*,#10768,.F.);
#10768 = EDGE_CURVE('',#10769,#10761,#10771,.T.);
#10769 = VERTEX_POINT('',#10770);
#10770 = CARTESIAN_POINT('',(0.77,0.4,3.E-02));
#10771 = LINE('',#10772,#10773);
#10772 = CARTESIAN_POINT('',(0.77,0.4,3.E-02));
#10773 = VECTOR('',#10774,1.);
#10774 = DIRECTION('',(0.,0.,1.));
#10775 = ORIENTED_EDGE('',*,*,#10776,.F.);
#10776 = EDGE_CURVE('',#10501,#10769,#10777,.T.);
#10777 = LINE('',#10778,#10779);
#10778 = CARTESIAN_POINT('',(-0.77,0.4,3.E-02));
#10779 = VECTOR('',#10780,1.);
#10780 = DIRECTION('',(1.,0.,0.));
#10781 = ORIENTED_EDGE('',*,*,#10508,.F.);
#10782 = PLANE('',#10783);
#10783 = AXIS2_PLACEMENT_3D('',#10784,#10785,#10786);
#10784 = CARTESIAN_POINT('',(-0.77,0.4,3.E-02));
#10785 = DIRECTION('',(0.,1.,0.));
#10786 = DIRECTION('',(0.,-0.,1.));
#10787 = ADVANCED_FACE('',(#10788),#10806,.F.);
#10788 = FACE_BOUND('',#10789,.F.);
#10789 = EDGE_LOOP('',(#10790,#10798,#10804,#10805));
#10790 = ORIENTED_EDGE('',*,*,#10791,.F.);
#10791 = EDGE_CURVE('',#10792,#10336,#10794,.T.);
#10792 = VERTEX_POINT('',#10793);
#10793 = CARTESIAN_POINT('',(-0.725,0.3,0.5));
#10794 = LINE('',#10795,#10796);
#10795 = CARTESIAN_POINT('',(-0.7625,0.3,0.5));
#10796 = VECTOR('',#10797,1.);
#10797 = DIRECTION('',(1.,0.,0.));
#10798 = ORIENTED_EDGE('',*,*,#10799,.T.);
#10799 = EDGE_CURVE('',#10792,#10296,#10800,.T.);
#10800 = LINE('',#10801,#10802);
#10801 = CARTESIAN_POINT('',(-0.725,0.3,0.75));
#10802 = VECTOR('',#10803,1.);
#10803 = DIRECTION('',(-0.,-0.,-1.));
#10804 = ORIENTED_EDGE('',*,*,#10303,.F.);
#10805 = ORIENTED_EDGE('',*,*,#10335,.F.);
#10806 = PLANE('',#10807);
#10807 = AXIS2_PLACEMENT_3D('',#10808,#10809,#10810);
#10808 = CARTESIAN_POINT('',(-0.725,0.3,0.75));
#10809 = DIRECTION('',(0.,-1.,0.));
#10810 = DIRECTION('',(1.,0.,0.));
#10811 = ADVANCED_FACE('',(#10812),#10830,.F.);
#10812 = FACE_BOUND('',#10813,.F.);
#10813 = EDGE_LOOP('',(#10814,#10815,#10823,#10829));
#10814 = ORIENTED_EDGE('',*,*,#10799,.F.);
#10815 = ORIENTED_EDGE('',*,*,#10816,.F.);
#10816 = EDGE_CURVE('',#10817,#10792,#10819,.T.);
#10817 = VERTEX_POINT('',#10818);
#10818 = CARTESIAN_POINT('',(-0.725,0.4,0.5));
#10819 = LINE('',#10820,#10821);
#10820 = CARTESIAN_POINT('',(-0.725,5.E-02,0.5));
#10821 = VECTOR('',#10822,1.);
#10822 = DIRECTION('',(0.,-1.,0.));
#10823 = ORIENTED_EDGE('',*,*,#10824,.F.);
#10824 = EDGE_CURVE('',#10288,#10817,#10825,.T.);
#10825 = LINE('',#10826,#10827);
#10826 = CARTESIAN_POINT('',(-0.725,0.4,0.375));
#10827 = VECTOR('',#10828,1.);
#10828 = DIRECTION('',(0.,0.,1.));
#10829 = ORIENTED_EDGE('',*,*,#10295,.F.);
#10830 = PLANE('',#10831);
#10831 = AXIS2_PLACEMENT_3D('',#10832,#10833,#10834);
#10832 = CARTESIAN_POINT('',(-0.725,0.5,0.75));
#10833 = DIRECTION('',(-1.,0.,0.));
#10834 = DIRECTION('',(0.,-1.,0.));
#10835 = ADVANCED_FACE('',(#10836),#10854,.F.);
#10836 = FACE_BOUND('',#10837,.F.);
#10837 = EDGE_LOOP('',(#10838,#10846,#10852,#10853));
#10838 = ORIENTED_EDGE('',*,*,#10839,.F.);
#10839 = EDGE_CURVE('',#10840,#10369,#10842,.T.);
#10840 = VERTEX_POINT('',#10841);
#10841 = CARTESIAN_POINT('',(-0.725,-0.3,0.5));
#10842 = LINE('',#10843,#10844);
#10843 = CARTESIAN_POINT('',(-0.725,-0.3,0.75));
#10844 = VECTOR('',#10845,1.);
#10845 = DIRECTION('',(-0.,-0.,-1.));
#10846 = ORIENTED_EDGE('',*,*,#10847,.F.);
#10847 = EDGE_CURVE('',#10345,#10840,#10848,.T.);
#10848 = LINE('',#10849,#10850);
#10849 = CARTESIAN_POINT('',(-3.75E-02,-0.3,0.5));
#10850 = VECTOR('',#10851,1.);
#10851 = DIRECTION('',(-1.,0.,0.));
#10852 = ORIENTED_EDGE('',*,*,#10352,.T.);
#10853 = ORIENTED_EDGE('',*,*,#10378,.F.);
#10854 = PLANE('',#10855);
#10855 = AXIS2_PLACEMENT_3D('',#10856,#10857,#10858);
#10856 = CARTESIAN_POINT('',(0.725,-0.3,0.75));
#10857 = DIRECTION('',(0.,1.,0.));
#10858 = DIRECTION('',(-1.,0.,0.));
#10859 = ADVANCED_FACE('',(#10860),#10887,.T.);
#10860 = FACE_BOUND('',#10861,.T.);
#10861 = EDGE_LOOP('',(#10862,#10870,#10876,#10877,#10883,#10884,#10885,
    #10886));
#10862 = ORIENTED_EDGE('',*,*,#10863,.F.);
#10863 = EDGE_CURVE('',#10864,#10817,#10866,.T.);
#10864 = VERTEX_POINT('',#10865);
#10865 = CARTESIAN_POINT('',(-0.77,0.4,0.5));
#10866 = LINE('',#10867,#10868);
#10867 = CARTESIAN_POINT('',(-0.8,0.4,0.5));
#10868 = VECTOR('',#10869,1.);
#10869 = DIRECTION('',(1.,0.,0.));
#10870 = ORIENTED_EDGE('',*,*,#10871,.F.);
#10871 = EDGE_CURVE('',#10420,#10864,#10872,.T.);
#10872 = LINE('',#10873,#10874);
#10873 = CARTESIAN_POINT('',(-0.77,-0.4,0.5));
#10874 = VECTOR('',#10875,1.);
#10875 = DIRECTION('',(0.,1.,0.));
#10876 = ORIENTED_EDGE('',*,*,#10428,.T.);
#10877 = ORIENTED_EDGE('',*,*,#10878,.F.);
#10878 = EDGE_CURVE('',#10840,#10429,#10879,.T.);
#10879 = LINE('',#10880,#10881);
#10880 = CARTESIAN_POINT('',(-0.725,-0.35,0.5));
#10881 = VECTOR('',#10882,1.);
#10882 = DIRECTION('',(0.,-1.,0.));
#10883 = ORIENTED_EDGE('',*,*,#10847,.F.);
#10884 = ORIENTED_EDGE('',*,*,#10344,.T.);
#10885 = ORIENTED_EDGE('',*,*,#10791,.F.);
#10886 = ORIENTED_EDGE('',*,*,#10816,.F.);
#10887 = PLANE('',#10888);
#10888 = AXIS2_PLACEMENT_3D('',#10889,#10890,#10891);
#10889 = CARTESIAN_POINT('',(-0.8,-0.4,0.5));
#10890 = DIRECTION('',(0.,0.,1.));
#10891 = DIRECTION('',(1.,0.,-0.));
#10892 = ADVANCED_FACE('',(#10893),#10899,.F.);
#10893 = FACE_BOUND('',#10894,.F.);
#10894 = EDGE_LOOP('',(#10895,#10896,#10897,#10898));
#10895 = ORIENTED_EDGE('',*,*,#10878,.F.);
#10896 = ORIENTED_EDGE('',*,*,#10839,.T.);
#10897 = ORIENTED_EDGE('',*,*,#10368,.F.);
#10898 = ORIENTED_EDGE('',*,*,#10436,.T.);
#10899 = PLANE('',#10900);
#10900 = AXIS2_PLACEMENT_3D('',#10901,#10902,#10903);
#10901 = CARTESIAN_POINT('',(-0.725,-0.3,0.75));
#10902 = DIRECTION('',(-1.,0.,0.));
#10903 = DIRECTION('',(0.,-1.,0.));
#10904 = ADVANCED_FACE('',(#10905),#10962,.F.);
#10905 = FACE_BOUND('',#10906,.F.);
#10906 = EDGE_LOOP('',(#10907,#10917,#10923,#10924,#10932,#10940,#10948,
    #10956));
#10907 = ORIENTED_EDGE('',*,*,#10908,.F.);
#10908 = EDGE_CURVE('',#10909,#10911,#10913,.T.);
#10909 = VERTEX_POINT('',#10910);
#10910 = CARTESIAN_POINT('',(-0.77,0.4,-3.469446951954E-18));
#10911 = VERTEX_POINT('',#10912);
#10912 = CARTESIAN_POINT('',(-0.725,0.4,0.));
#10913 = LINE('',#10914,#10915);
#10914 = CARTESIAN_POINT('',(-0.8,0.4,0.));
#10915 = VECTOR('',#10916,1.);
#10916 = DIRECTION('',(1.,0.,0.));
#10917 = ORIENTED_EDGE('',*,*,#10918,.F.);
#10918 = EDGE_CURVE('',#10393,#10909,#10919,.T.);
#10919 = LINE('',#10920,#10921);
#10920 = CARTESIAN_POINT('',(-0.77,-0.4,-3.469446951954E-18));
#10921 = VECTOR('',#10922,1.);
#10922 = DIRECTION('',(0.,1.,0.));
#10923 = ORIENTED_EDGE('',*,*,#10392,.T.);
#10924 = ORIENTED_EDGE('',*,*,#10925,.F.);
#10925 = EDGE_CURVE('',#10926,#10395,#10928,.T.);
#10926 = VERTEX_POINT('',#10927);
#10927 = CARTESIAN_POINT('',(-0.725,-0.3,0.));
#10928 = LINE('',#10929,#10930);
#10929 = CARTESIAN_POINT('',(-0.725,-0.35,0.));
#10930 = VECTOR('',#10931,1.);
#10931 = DIRECTION('',(0.,-1.,0.));
#10932 = ORIENTED_EDGE('',*,*,#10933,.F.);
#10933 = EDGE_CURVE('',#10934,#10926,#10936,.T.);
#10934 = VERTEX_POINT('',#10935);
#10935 = CARTESIAN_POINT('',(-0.53,-0.3,-3.469446951954E-18));
#10936 = LINE('',#10937,#10938);
#10937 = CARTESIAN_POINT('',(-3.75E-02,-0.3,0.));
#10938 = VECTOR('',#10939,1.);
#10939 = DIRECTION('',(-1.,0.,0.));
#10940 = ORIENTED_EDGE('',*,*,#10941,.T.);
#10941 = EDGE_CURVE('',#10934,#10942,#10944,.T.);
#10942 = VERTEX_POINT('',#10943);
#10943 = CARTESIAN_POINT('',(-0.53,0.3,-3.469446951954E-18));
#10944 = LINE('',#10945,#10946);
#10945 = CARTESIAN_POINT('',(-0.53,-0.4,-3.469446951954E-18));
#10946 = VECTOR('',#10947,1.);
#10947 = DIRECTION('',(0.,1.,0.));
#10948 = ORIENTED_EDGE('',*,*,#10949,.F.);
#10949 = EDGE_CURVE('',#10950,#10942,#10952,.T.);
#10950 = VERTEX_POINT('',#10951);
#10951 = CARTESIAN_POINT('',(-0.725,0.3,0.));
#10952 = LINE('',#10953,#10954);
#10953 = CARTESIAN_POINT('',(-0.7625,0.3,0.));
#10954 = VECTOR('',#10955,1.);
#10955 = DIRECTION('',(1.,0.,0.));
#10956 = ORIENTED_EDGE('',*,*,#10957,.F.);
#10957 = EDGE_CURVE('',#10911,#10950,#10958,.T.);
#10958 = LINE('',#10959,#10960);
#10959 = CARTESIAN_POINT('',(-0.725,5.E-02,0.));
#10960 = VECTOR('',#10961,1.);
#10961 = DIRECTION('',(0.,-1.,0.));
#10962 = PLANE('',#10963);
#10963 = AXIS2_PLACEMENT_3D('',#10964,#10965,#10966);
#10964 = CARTESIAN_POINT('',(-0.8,-0.4,0.));
#10965 = DIRECTION('',(0.,0.,1.));
#10966 = DIRECTION('',(1.,0.,-0.));
#10967 = ADVANCED_FACE('',(#10968),#10987,.T.);
#10968 = FACE_BOUND('',#10969,.T.);
#10969 = EDGE_LOOP('',(#10970,#10978,#10985,#10986));
#10970 = ORIENTED_EDGE('',*,*,#10971,.T.);
#10971 = EDGE_CURVE('',#10403,#10972,#10974,.T.);
#10972 = VERTEX_POINT('',#10973);
#10973 = CARTESIAN_POINT('',(-0.8,0.4,3.E-02));
#10974 = LINE('',#10975,#10976);
#10975 = CARTESIAN_POINT('',(-0.8,-0.4,3.E-02));
#10976 = VECTOR('',#10977,1.);
#10977 = DIRECTION('',(0.,1.,0.));
#10978 = ORIENTED_EDGE('',*,*,#10979,.T.);
#10979 = EDGE_CURVE('',#10972,#10909,#10980,.T.);
#10980 = CIRCLE('',#10981,3.E-02);
#10981 = AXIS2_PLACEMENT_3D('',#10982,#10983,#10984);
#10982 = CARTESIAN_POINT('',(-0.77,0.4,3.E-02));
#10983 = DIRECTION('',(0.,-1.,0.));
#10984 = DIRECTION('',(0.,0.,1.));
#10985 = ORIENTED_EDGE('',*,*,#10918,.F.);
#10986 = ORIENTED_EDGE('',*,*,#10402,.F.);
#10987 = CYLINDRICAL_SURFACE('',#10988,3.E-02);
#10988 = AXIS2_PLACEMENT_3D('',#10989,#10990,#10991);
#10989 = CARTESIAN_POINT('',(-0.77,-0.4,3.E-02));
#10990 = DIRECTION('',(0.,1.,0.));
#10991 = DIRECTION('',(-1.,0.,0.));
#10992 = ADVANCED_FACE('',(#10993),#11004,.F.);
#10993 = FACE_BOUND('',#10994,.F.);
#10994 = EDGE_LOOP('',(#10995,#10996,#11002,#11003));
#10995 = ORIENTED_EDGE('',*,*,#10459,.T.);
#10996 = ORIENTED_EDGE('',*,*,#10997,.T.);
#10997 = EDGE_CURVE('',#10460,#10926,#10998,.T.);
#10998 = LINE('',#10999,#11000);
#10999 = CARTESIAN_POINT('',(-0.725,-0.3,0.75));
#11000 = VECTOR('',#11001,1.);
#11001 = DIRECTION('',(-0.,-0.,-1.));
#11002 = ORIENTED_EDGE('',*,*,#10925,.T.);
#11003 = ORIENTED_EDGE('',*,*,#10445,.T.);
#11004 = PLANE('',#11005);
#11005 = AXIS2_PLACEMENT_3D('',#11006,#11007,#11008);
#11006 = CARTESIAN_POINT('',(-0.725,-0.3,0.75));
#11007 = DIRECTION('',(-1.,0.,0.));
#11008 = DIRECTION('',(0.,-1.,0.));
#11009 = ADVANCED_FACE('',(#11010),#11028,.F.);
#11010 = FACE_BOUND('',#11011,.F.);
#11011 = EDGE_LOOP('',(#11012,#11013,#11014,#11022));
#11012 = ORIENTED_EDGE('',*,*,#10411,.F.);
#11013 = ORIENTED_EDGE('',*,*,#10971,.T.);
#11014 = ORIENTED_EDGE('',*,*,#11015,.T.);
#11015 = EDGE_CURVE('',#10972,#11016,#11018,.T.);
#11016 = VERTEX_POINT('',#11017);
#11017 = CARTESIAN_POINT('',(-0.8,0.4,0.47));
#11018 = LINE('',#11019,#11020);
#11019 = CARTESIAN_POINT('',(-0.8,0.4,0.));
#11020 = VECTOR('',#11021,1.);
#11021 = DIRECTION('',(0.,0.,1.));
#11022 = ORIENTED_EDGE('',*,*,#11023,.F.);
#11023 = EDGE_CURVE('',#10412,#11016,#11024,.T.);
#11024 = LINE('',#11025,#11026);
#11025 = CARTESIAN_POINT('',(-0.8,-0.4,0.47));
#11026 = VECTOR('',#11027,1.);
#11027 = DIRECTION('',(0.,1.,0.));
#11028 = PLANE('',#11029);
#11029 = AXIS2_PLACEMENT_3D('',#11030,#11031,#11032);
#11030 = CARTESIAN_POINT('',(-0.8,-0.4,0.));
#11031 = DIRECTION('',(1.,0.,0.));
#11032 = DIRECTION('',(0.,0.,1.));
#11033 = ADVANCED_FACE('',(#11034),#11046,.T.);
#11034 = FACE_BOUND('',#11035,.T.);
#11035 = EDGE_LOOP('',(#11036,#11037,#11038,#11045));
#11036 = ORIENTED_EDGE('',*,*,#10419,.T.);
#11037 = ORIENTED_EDGE('',*,*,#10871,.T.);
#11038 = ORIENTED_EDGE('',*,*,#11039,.F.);
#11039 = EDGE_CURVE('',#11016,#10864,#11040,.T.);
#11040 = CIRCLE('',#11041,3.E-02);
#11041 = AXIS2_PLACEMENT_3D('',#11042,#11043,#11044);
#11042 = CARTESIAN_POINT('',(-0.77,0.4,0.47));
#11043 = DIRECTION('',(0.,1.,0.));
#11044 = DIRECTION('',(0.,-0.,1.));
#11045 = ORIENTED_EDGE('',*,*,#11023,.F.);
#11046 = CYLINDRICAL_SURFACE('',#11047,3.E-02);
#11047 = AXIS2_PLACEMENT_3D('',#11048,#11049,#11050);
#11048 = CARTESIAN_POINT('',(-0.77,-0.4,0.47));
#11049 = DIRECTION('',(0.,1.,0.));
#11050 = DIRECTION('',(-1.,0.,0.));
#11051 = ADVANCED_FACE('',(#11052),#11064,.F.);
#11052 = FACE_BOUND('',#11053,.F.);
#11053 = EDGE_LOOP('',(#11054,#11055,#11056,#11063));
#11054 = ORIENTED_EDGE('',*,*,#10997,.F.);
#11055 = ORIENTED_EDGE('',*,*,#10540,.T.);
#11056 = ORIENTED_EDGE('',*,*,#11057,.T.);
#11057 = EDGE_CURVE('',#10533,#10934,#11058,.T.);
#11058 = CIRCLE('',#11059,3.E-02);
#11059 = AXIS2_PLACEMENT_3D('',#11060,#11061,#11062);
#11060 = CARTESIAN_POINT('',(-0.53,-0.3,3.E-02));
#11061 = DIRECTION('',(-0.,1.,0.));
#11062 = DIRECTION('',(1.,0.,0.));
#11063 = ORIENTED_EDGE('',*,*,#10933,.T.);
#11064 = PLANE('',#11065);
#11065 = AXIS2_PLACEMENT_3D('',#11066,#11067,#11068);
#11066 = CARTESIAN_POINT('',(0.725,-0.3,0.75));
#11067 = DIRECTION('',(0.,1.,0.));
#11068 = DIRECTION('',(-1.,0.,0.));
#11069 = ADVANCED_FACE('',(#11070),#11082,.T.);
#11070 = FACE_BOUND('',#11071,.T.);
#11071 = EDGE_LOOP('',(#11072,#11073,#11074,#11075));
#11072 = ORIENTED_EDGE('',*,*,#10532,.F.);
#11073 = ORIENTED_EDGE('',*,*,#11057,.T.);
#11074 = ORIENTED_EDGE('',*,*,#10941,.T.);
#11075 = ORIENTED_EDGE('',*,*,#11076,.F.);
#11076 = EDGE_CURVE('',#10525,#10942,#11077,.T.);
#11077 = CIRCLE('',#11078,3.E-02);
#11078 = AXIS2_PLACEMENT_3D('',#11079,#11080,#11081);
#11079 = CARTESIAN_POINT('',(-0.53,0.3,3.E-02));
#11080 = DIRECTION('',(-0.,1.,0.));
#11081 = DIRECTION('',(1.,0.,0.));
#11082 = CYLINDRICAL_SURFACE('',#11083,3.E-02);
#11083 = AXIS2_PLACEMENT_3D('',#11084,#11085,#11086);
#11084 = CARTESIAN_POINT('',(-0.53,-0.4,3.E-02));
#11085 = DIRECTION('',(0.,1.,0.));
#11086 = DIRECTION('',(1.,0.,0.));
#11087 = ADVANCED_FACE('',(#11088),#11099,.F.);
#11088 = FACE_BOUND('',#11089,.F.);
#11089 = EDGE_LOOP('',(#11090,#11091,#11097,#11098));
#11090 = ORIENTED_EDGE('',*,*,#10524,.T.);
#11091 = ORIENTED_EDGE('',*,*,#11092,.T.);
#11092 = EDGE_CURVE('',#10517,#10950,#11093,.T.);
#11093 = LINE('',#11094,#11095);
#11094 = CARTESIAN_POINT('',(-0.725,0.3,0.75));
#11095 = VECTOR('',#11096,1.);
#11096 = DIRECTION('',(-0.,-0.,-1.));
#11097 = ORIENTED_EDGE('',*,*,#10949,.T.);
#11098 = ORIENTED_EDGE('',*,*,#11076,.F.);
#11099 = PLANE('',#11100);
#11100 = AXIS2_PLACEMENT_3D('',#11101,#11102,#11103);
#11101 = CARTESIAN_POINT('',(-0.725,0.3,0.75));
#11102 = DIRECTION('',(0.,-1.,0.));
#11103 = DIRECTION('',(1.,0.,0.));
#11104 = ADVANCED_FACE('',(#11105),#11116,.F.);
#11105 = FACE_BOUND('',#11106,.F.);
#11106 = EDGE_LOOP('',(#11107,#11108,#11109,#11115));
#11107 = ORIENTED_EDGE('',*,*,#11092,.F.);
#11108 = ORIENTED_EDGE('',*,*,#10516,.T.);
#11109 = ORIENTED_EDGE('',*,*,#11110,.F.);
#11110 = EDGE_CURVE('',#10911,#10509,#11111,.T.);
#11111 = LINE('',#11112,#11113);
#11112 = CARTESIAN_POINT('',(-0.725,0.4,0.375));
#11113 = VECTOR('',#11114,1.);
#11114 = DIRECTION('',(0.,0.,1.));
#11115 = ORIENTED_EDGE('',*,*,#10957,.T.);
#11116 = PLANE('',#11117);
#11117 = AXIS2_PLACEMENT_3D('',#11118,#11119,#11120);
#11118 = CARTESIAN_POINT('',(-0.725,0.5,0.75));
#11119 = DIRECTION('',(-1.,0.,0.));
#11120 = DIRECTION('',(0.,-1.,0.));
#11121 = ADVANCED_FACE('',(#11122),#11147,.F.);
#11122 = FACE_BOUND('',#11123,.F.);
#11123 = EDGE_LOOP('',(#11124,#11125,#11133,#11141));
#11124 = ORIENTED_EDGE('',*,*,#10500,.T.);
#11125 = ORIENTED_EDGE('',*,*,#11126,.T.);
#11126 = EDGE_CURVE('',#10493,#11127,#11129,.T.);
#11127 = VERTEX_POINT('',#11128);
#11128 = CARTESIAN_POINT('',(0.725,0.3,0.));
#11129 = LINE('',#11130,#11131);
#11130 = CARTESIAN_POINT('',(0.725,0.3,0.75));
#11131 = VECTOR('',#11132,1.);
#11132 = DIRECTION('',(-0.,-0.,-1.));
#11133 = ORIENTED_EDGE('',*,*,#11134,.T.);
#11134 = EDGE_CURVE('',#11127,#11135,#11137,.T.);
#11135 = VERTEX_POINT('',#11136);
#11136 = CARTESIAN_POINT('',(0.725,0.4,0.));
#11137 = LINE('',#11138,#11139);
#11138 = CARTESIAN_POINT('',(0.725,-5.E-02,0.));
#11139 = VECTOR('',#11140,1.);
#11140 = DIRECTION('',(0.,1.,0.));
#11141 = ORIENTED_EDGE('',*,*,#11142,.F.);
#11142 = EDGE_CURVE('',#10501,#11135,#11143,.T.);
#11143 = LINE('',#11144,#11145);
#11144 = CARTESIAN_POINT('',(0.725,0.4,0.375));
#11145 = VECTOR('',#11146,1.);
#11146 = DIRECTION('',(0.,0.,-1.));
#11147 = PLANE('',#11148);
#11148 = AXIS2_PLACEMENT_3D('',#11149,#11150,#11151);
#11149 = CARTESIAN_POINT('',(0.725,0.3,0.75));
#11150 = DIRECTION('',(1.,0.,0.));
#11151 = DIRECTION('',(-0.,1.,0.));
#11152 = ADVANCED_FACE('',(#11153),#11172,.F.);
#11153 = FACE_BOUND('',#11154,.F.);
#11154 = EDGE_LOOP('',(#11155,#11156,#11157,#11166));
#11155 = ORIENTED_EDGE('',*,*,#11126,.F.);
#11156 = ORIENTED_EDGE('',*,*,#10492,.T.);
#11157 = ORIENTED_EDGE('',*,*,#11158,.F.);
#11158 = EDGE_CURVE('',#11159,#10485,#11161,.T.);
#11159 = VERTEX_POINT('',#11160);
#11160 = CARTESIAN_POINT('',(0.53,0.3,-3.469446951954E-18));
#11161 = CIRCLE('',#11162,3.E-02);
#11162 = AXIS2_PLACEMENT_3D('',#11163,#11164,#11165);
#11163 = CARTESIAN_POINT('',(0.53,0.3,3.E-02));
#11164 = DIRECTION('',(0.,1.,-0.));
#11165 = DIRECTION('',(-1.,0.,0.));
#11166 = ORIENTED_EDGE('',*,*,#11167,.T.);
#11167 = EDGE_CURVE('',#11159,#11127,#11168,.T.);
#11168 = LINE('',#11169,#11170);
#11169 = CARTESIAN_POINT('',(-0.1125,0.3,0.));
#11170 = VECTOR('',#11171,1.);
#11171 = DIRECTION('',(1.,0.,0.));
#11172 = PLANE('',#11173);
#11173 = AXIS2_PLACEMENT_3D('',#11174,#11175,#11176);
#11174 = CARTESIAN_POINT('',(-0.725,0.3,0.75));
#11175 = DIRECTION('',(0.,-1.,0.));
#11176 = DIRECTION('',(1.,0.,0.));
#11177 = ADVANCED_FACE('',(#11178),#11197,.T.);
#11178 = FACE_BOUND('',#11179,.T.);
#11179 = EDGE_LOOP('',(#11180,#11181,#11189,#11196));
#11180 = ORIENTED_EDGE('',*,*,#11158,.F.);
#11181 = ORIENTED_EDGE('',*,*,#11182,.F.);
#11182 = EDGE_CURVE('',#11183,#11159,#11185,.T.);
#11183 = VERTEX_POINT('',#11184);
#11184 = CARTESIAN_POINT('',(0.53,-0.3,-3.469446951954E-18));
#11185 = LINE('',#11186,#11187);
#11186 = CARTESIAN_POINT('',(0.53,-0.4,-3.469446951954E-18));
#11187 = VECTOR('',#11188,1.);
#11188 = DIRECTION('',(0.,1.,0.));
#11189 = ORIENTED_EDGE('',*,*,#11190,.T.);
#11190 = EDGE_CURVE('',#11183,#10477,#11191,.T.);
#11191 = CIRCLE('',#11192,3.E-02);
#11192 = AXIS2_PLACEMENT_3D('',#11193,#11194,#11195);
#11193 = CARTESIAN_POINT('',(0.53,-0.3,3.E-02));
#11194 = DIRECTION('',(0.,1.,-0.));
#11195 = DIRECTION('',(-1.,0.,0.));
#11196 = ORIENTED_EDGE('',*,*,#10484,.T.);
#11197 = CYLINDRICAL_SURFACE('',#11198,3.E-02);
#11198 = AXIS2_PLACEMENT_3D('',#11199,#11200,#11201);
#11199 = CARTESIAN_POINT('',(0.53,-0.4,3.E-02));
#11200 = DIRECTION('',(0.,1.,0.));
#11201 = DIRECTION('',(-1.,0.,0.));
#11202 = ADVANCED_FACE('',(#11203),#11221,.F.);
#11203 = FACE_BOUND('',#11204,.F.);
#11204 = EDGE_LOOP('',(#11205,#11206,#11214,#11220));
#11205 = ORIENTED_EDGE('',*,*,#10476,.T.);
#11206 = ORIENTED_EDGE('',*,*,#11207,.T.);
#11207 = EDGE_CURVE('',#10469,#11208,#11210,.T.);
#11208 = VERTEX_POINT('',#11209);
#11209 = CARTESIAN_POINT('',(0.725,-0.3,0.));
#11210 = LINE('',#11211,#11212);
#11211 = CARTESIAN_POINT('',(0.725,-0.3,0.75));
#11212 = VECTOR('',#11213,1.);
#11213 = DIRECTION('',(-0.,-0.,-1.));
#11214 = ORIENTED_EDGE('',*,*,#11215,.T.);
#11215 = EDGE_CURVE('',#11208,#11183,#11216,.T.);
#11216 = LINE('',#11217,#11218);
#11217 = CARTESIAN_POINT('',(0.6125,-0.3,0.));
#11218 = VECTOR('',#11219,1.);
#11219 = DIRECTION('',(-1.,0.,0.));
#11220 = ORIENTED_EDGE('',*,*,#11190,.T.);
#11221 = PLANE('',#11222);
#11222 = AXIS2_PLACEMENT_3D('',#11223,#11224,#11225);
#11223 = CARTESIAN_POINT('',(0.725,-0.3,0.75));
#11224 = DIRECTION('',(0.,1.,0.));
#11225 = DIRECTION('',(-1.,0.,0.));
#11226 = ADVANCED_FACE('',(#11227),#11238,.F.);
#11227 = FACE_BOUND('',#11228,.F.);
#11228 = EDGE_LOOP('',(#11229,#11230,#11231,#11232));
#11229 = ORIENTED_EDGE('',*,*,#11207,.F.);
#11230 = ORIENTED_EDGE('',*,*,#10468,.T.);
#11231 = ORIENTED_EDGE('',*,*,#10590,.T.);
#11232 = ORIENTED_EDGE('',*,*,#11233,.T.);
#11233 = EDGE_CURVE('',#10581,#11208,#11234,.T.);
#11234 = LINE('',#11235,#11236);
#11235 = CARTESIAN_POINT('',(0.725,-0.45,0.));
#11236 = VECTOR('',#11237,1.);
#11237 = DIRECTION('',(0.,1.,0.));
#11238 = PLANE('',#11239);
#11239 = AXIS2_PLACEMENT_3D('',#11240,#11241,#11242);
#11240 = CARTESIAN_POINT('',(0.725,-0.5,0.75));
#11241 = DIRECTION('',(1.,0.,0.));
#11242 = DIRECTION('',(-0.,1.,0.));
#11243 = ADVANCED_FACE('',(#11244),#11269,.T.);
#11244 = FACE_BOUND('',#11245,.T.);
#11245 = EDGE_LOOP('',(#11246,#11254,#11255,#11263));
#11246 = ORIENTED_EDGE('',*,*,#11247,.T.);
#11247 = EDGE_CURVE('',#11248,#10549,#11250,.T.);
#11248 = VERTEX_POINT('',#11249);
#11249 = CARTESIAN_POINT('',(0.277128129211,0.32,1.5E-02));
#11250 = LINE('',#11251,#11252);
#11251 = CARTESIAN_POINT('',(0.277128129211,0.32,1.5E-02));
#11252 = VECTOR('',#11253,1.);
#11253 = DIRECTION('',(0.,0.,1.));
#11254 = ORIENTED_EDGE('',*,*,#10548,.T.);
#11255 = ORIENTED_EDGE('',*,*,#11256,.F.);
#11256 = EDGE_CURVE('',#11257,#10551,#11259,.T.);
#11257 = VERTEX_POINT('',#11258);
#11258 = CARTESIAN_POINT('',(0.277128129211,-0.32,1.5E-02));
#11259 = LINE('',#11260,#11261);
#11260 = CARTESIAN_POINT('',(0.277128129211,-0.32,1.5E-02));
#11261 = VECTOR('',#11262,1.);
#11262 = DIRECTION('',(0.,0.,1.));
#11263 = ORIENTED_EDGE('',*,*,#11264,.F.);
#11264 = EDGE_CURVE('',#11248,#11257,#11265,.T.);
#11265 = LINE('',#11266,#11267);
#11266 = CARTESIAN_POINT('',(0.277128129211,0.32,1.5E-02));
#11267 = VECTOR('',#11268,1.);
#11268 = DIRECTION('',(0.,-1.,0.));
#11269 = PLANE('',#11270);
#11270 = AXIS2_PLACEMENT_3D('',#11271,#11272,#11273);
#11271 = CARTESIAN_POINT('',(0.277128129211,0.32,1.5E-02));
#11272 = DIRECTION('',(1.,0.,0.));
#11273 = DIRECTION('',(0.,-1.,0.));
#11274 = ADVANCED_FACE('',(#11275),#11293,.T.);
#11275 = FACE_BOUND('',#11276,.T.);
#11276 = EDGE_LOOP('',(#11277,#11285,#11286,#11287));
#11277 = ORIENTED_EDGE('',*,*,#11278,.T.);
#11278 = EDGE_CURVE('',#11279,#10559,#11281,.T.);
#11279 = VERTEX_POINT('',#11280);
#11280 = CARTESIAN_POINT('',(-0.277128129211,0.,1.5E-02));
#11281 = LINE('',#11282,#11283);
#11282 = CARTESIAN_POINT('',(-0.277128129211,0.,1.5E-02));
#11283 = VECTOR('',#11284,1.);
#11284 = DIRECTION('',(0.,0.,1.));
#11285 = ORIENTED_EDGE('',*,*,#10566,.T.);
#11286 = ORIENTED_EDGE('',*,*,#11247,.F.);
#11287 = ORIENTED_EDGE('',*,*,#11288,.F.);
#11288 = EDGE_CURVE('',#11279,#11248,#11289,.T.);
#11289 = LINE('',#11290,#11291);
#11290 = CARTESIAN_POINT('',(-0.277128129211,0.,1.5E-02));
#11291 = VECTOR('',#11292,1.);
#11292 = DIRECTION('',(0.866025403784,0.5,0.));
#11293 = PLANE('',#11294);
#11294 = AXIS2_PLACEMENT_3D('',#11295,#11296,#11297);
#11295 = CARTESIAN_POINT('',(-0.277128129211,0.,1.5E-02));
#11296 = DIRECTION('',(-0.5,0.866025403784,0.));
#11297 = DIRECTION('',(0.866025403784,0.5,0.));
#11298 = ADVANCED_FACE('',(#11299),#11310,.T.);
#11299 = FACE_BOUND('',#11300,.T.);
#11300 = EDGE_LOOP('',(#11301,#11302,#11303,#11304));
#11301 = ORIENTED_EDGE('',*,*,#11256,.T.);
#11302 = ORIENTED_EDGE('',*,*,#10558,.T.);
#11303 = ORIENTED_EDGE('',*,*,#11278,.F.);
#11304 = ORIENTED_EDGE('',*,*,#11305,.F.);
#11305 = EDGE_CURVE('',#11257,#11279,#11306,.T.);
#11306 = LINE('',#11307,#11308);
#11307 = CARTESIAN_POINT('',(0.277128129211,-0.32,1.5E-02));
#11308 = VECTOR('',#11309,1.);
#11309 = DIRECTION('',(-0.866025403784,0.5,0.));
#11310 = PLANE('',#11311);
#11311 = AXIS2_PLACEMENT_3D('',#11312,#11313,#11314);
#11312 = CARTESIAN_POINT('',(0.277128129211,-0.32,1.5E-02));
#11313 = DIRECTION('',(-0.5,-0.866025403784,0.));
#11314 = DIRECTION('',(-0.866025403784,0.5,0.));
#11315 = ADVANCED_FACE('',(#11316),#11338,.F.);
#11316 = FACE_BOUND('',#11317,.F.);
#11317 = EDGE_LOOP('',(#11318,#11326,#11327,#11328,#11329,#11330,#11331,
    #11332));
#11318 = ORIENTED_EDGE('',*,*,#11319,.F.);
#11319 = EDGE_CURVE('',#11135,#11320,#11322,.T.);
#11320 = VERTEX_POINT('',#11321);
#11321 = CARTESIAN_POINT('',(0.77,0.4,-3.469446951954E-18));
#11322 = LINE('',#11323,#11324);
#11323 = CARTESIAN_POINT('',(0.5,0.4,0.));
#11324 = VECTOR('',#11325,1.);
#11325 = DIRECTION('',(1.,0.,0.));
#11326 = ORIENTED_EDGE('',*,*,#11134,.F.);
#11327 = ORIENTED_EDGE('',*,*,#11167,.F.);
#11328 = ORIENTED_EDGE('',*,*,#11182,.F.);
#11329 = ORIENTED_EDGE('',*,*,#11215,.F.);
#11330 = ORIENTED_EDGE('',*,*,#11233,.F.);
#11331 = ORIENTED_EDGE('',*,*,#10580,.T.);
#11332 = ORIENTED_EDGE('',*,*,#11333,.T.);
#11333 = EDGE_CURVE('',#10583,#11320,#11334,.T.);
#11334 = LINE('',#11335,#11336);
#11335 = CARTESIAN_POINT('',(0.77,-0.4,-3.469446951954E-18));
#11336 = VECTOR('',#11337,1.);
#11337 = DIRECTION('',(0.,1.,0.));
#11338 = PLANE('',#11339);
#11339 = AXIS2_PLACEMENT_3D('',#11340,#11341,#11342);
#11340 = CARTESIAN_POINT('',(0.5,-0.4,0.));
#11341 = DIRECTION('',(0.,0.,1.));
#11342 = DIRECTION('',(1.,0.,-0.));
#11343 = ADVANCED_FACE('',(#11344),#11363,.T.);
#11344 = FACE_BOUND('',#11345,.T.);
#11345 = EDGE_LOOP('',(#11346,#11347,#11348,#11357));
#11346 = ORIENTED_EDGE('',*,*,#10632,.T.);
#11347 = ORIENTED_EDGE('',*,*,#11333,.T.);
#11348 = ORIENTED_EDGE('',*,*,#11349,.F.);
#11349 = EDGE_CURVE('',#11350,#11320,#11352,.T.);
#11350 = VERTEX_POINT('',#11351);
#11351 = CARTESIAN_POINT('',(0.8,0.4,3.E-02));
#11352 = CIRCLE('',#11353,3.E-02);
#11353 = AXIS2_PLACEMENT_3D('',#11354,#11355,#11356);
#11354 = CARTESIAN_POINT('',(0.77,0.4,3.E-02));
#11355 = DIRECTION('',(0.,1.,0.));
#11356 = DIRECTION('',(0.,-0.,1.));
#11357 = ORIENTED_EDGE('',*,*,#11358,.F.);
#11358 = EDGE_CURVE('',#10625,#11350,#11359,.T.);
#11359 = LINE('',#11360,#11361);
#11360 = CARTESIAN_POINT('',(0.8,-0.4,3.E-02));
#11361 = VECTOR('',#11362,1.);
#11362 = DIRECTION('',(0.,1.,0.));
#11363 = CYLINDRICAL_SURFACE('',#11364,3.E-02);
#11364 = AXIS2_PLACEMENT_3D('',#11365,#11366,#11367);
#11365 = CARTESIAN_POINT('',(0.77,-0.4,3.E-02));
#11366 = DIRECTION('',(0.,1.,0.));
#11367 = DIRECTION('',(1.,0.,0.));
#11368 = ADVANCED_FACE('',(#11369),#11387,.T.);
#11369 = FACE_BOUND('',#11370,.T.);
#11370 = EDGE_LOOP('',(#11371,#11372,#11373,#11381));
#11371 = ORIENTED_EDGE('',*,*,#10624,.F.);
#11372 = ORIENTED_EDGE('',*,*,#11358,.T.);
#11373 = ORIENTED_EDGE('',*,*,#11374,.T.);
#11374 = EDGE_CURVE('',#11350,#11375,#11377,.T.);
#11375 = VERTEX_POINT('',#11376);
#11376 = CARTESIAN_POINT('',(0.8,0.4,0.47));
#11377 = LINE('',#11378,#11379);
#11378 = CARTESIAN_POINT('',(0.8,0.4,0.));
#11379 = VECTOR('',#11380,1.);
#11380 = DIRECTION('',(0.,0.,1.));
#11381 = ORIENTED_EDGE('',*,*,#11382,.F.);
#11382 = EDGE_CURVE('',#10616,#11375,#11383,.T.);
#11383 = LINE('',#11384,#11385);
#11384 = CARTESIAN_POINT('',(0.8,-0.4,0.47));
#11385 = VECTOR('',#11386,1.);
#11386 = DIRECTION('',(0.,1.,0.));
#11387 = PLANE('',#11388);
#11388 = AXIS2_PLACEMENT_3D('',#11389,#11390,#11391);
#11389 = CARTESIAN_POINT('',(0.8,-0.4,0.));
#11390 = DIRECTION('',(1.,0.,0.));
#11391 = DIRECTION('',(0.,0.,1.));
#11392 = ADVANCED_FACE('',(#11393),#11412,.T.);
#11393 = FACE_BOUND('',#11394,.T.);
#11394 = EDGE_LOOP('',(#11395,#11396,#11405,#11411));
#11395 = ORIENTED_EDGE('',*,*,#11382,.T.);
#11396 = ORIENTED_EDGE('',*,*,#11397,.T.);
#11397 = EDGE_CURVE('',#11375,#11398,#11400,.T.);
#11398 = VERTEX_POINT('',#11399);
#11399 = CARTESIAN_POINT('',(0.77,0.4,0.5));
#11400 = CIRCLE('',#11401,3.E-02);
#11401 = AXIS2_PLACEMENT_3D('',#11402,#11403,#11404);
#11402 = CARTESIAN_POINT('',(0.77,0.4,0.47));
#11403 = DIRECTION('',(0.,-1.,0.));
#11404 = DIRECTION('',(0.,0.,1.));
#11405 = ORIENTED_EDGE('',*,*,#11406,.F.);
#11406 = EDGE_CURVE('',#10608,#11398,#11407,.T.);
#11407 = LINE('',#11408,#11409);
#11408 = CARTESIAN_POINT('',(0.77,-0.4,0.5));
#11409 = VECTOR('',#11410,1.);
#11410 = DIRECTION('',(0.,1.,0.));
#11411 = ORIENTED_EDGE('',*,*,#10615,.F.);
#11412 = CYLINDRICAL_SURFACE('',#11413,3.E-02);
#11413 = AXIS2_PLACEMENT_3D('',#11414,#11415,#11416);
#11414 = CARTESIAN_POINT('',(0.77,-0.4,0.47));
#11415 = DIRECTION('',(0.,1.,0.));
#11416 = DIRECTION('',(1.,0.,0.));
#11417 = ADVANCED_FACE('',(#11418),#11459,.T.);
#11418 = FACE_BOUND('',#11419,.T.);
#11419 = EDGE_LOOP('',(#11420,#11428,#11436,#11442,#11443,#11451,#11457,
    #11458));
#11420 = ORIENTED_EDGE('',*,*,#11421,.F.);
#11421 = EDGE_CURVE('',#11422,#11398,#11424,.T.);
#11422 = VERTEX_POINT('',#11423);
#11423 = CARTESIAN_POINT('',(0.725,0.4,0.5));
#11424 = LINE('',#11425,#11426);
#11425 = CARTESIAN_POINT('',(0.5,0.4,0.5));
#11426 = VECTOR('',#11427,1.);
#11427 = DIRECTION('',(1.,0.,0.));
#11428 = ORIENTED_EDGE('',*,*,#11429,.F.);
#11429 = EDGE_CURVE('',#11430,#11422,#11432,.T.);
#11430 = VERTEX_POINT('',#11431);
#11431 = CARTESIAN_POINT('',(0.725,0.3,0.5));
#11432 = LINE('',#11433,#11434);
#11433 = CARTESIAN_POINT('',(0.725,-5.E-02,0.5));
#11434 = VECTOR('',#11435,1.);
#11435 = DIRECTION('',(0.,1.,0.));
#11436 = ORIENTED_EDGE('',*,*,#11437,.F.);
#11437 = EDGE_CURVE('',#10713,#11430,#11438,.T.);
#11438 = LINE('',#11439,#11440);
#11439 = CARTESIAN_POINT('',(-0.1125,0.3,0.5));
#11440 = VECTOR('',#11441,1.);
#11441 = DIRECTION('',(1.,0.,0.));
#11442 = ORIENTED_EDGE('',*,*,#10712,.F.);
#11443 = ORIENTED_EDGE('',*,*,#11444,.F.);
#11444 = EDGE_CURVE('',#11445,#10704,#11447,.T.);
#11445 = VERTEX_POINT('',#11446);
#11446 = CARTESIAN_POINT('',(0.725,-0.3,0.5));
#11447 = LINE('',#11448,#11449);
#11448 = CARTESIAN_POINT('',(0.6125,-0.3,0.5));
#11449 = VECTOR('',#11450,1.);
#11450 = DIRECTION('',(-1.,0.,0.));
#11451 = ORIENTED_EDGE('',*,*,#11452,.F.);
#11452 = EDGE_CURVE('',#10600,#11445,#11453,.T.);
#11453 = LINE('',#11454,#11455);
#11454 = CARTESIAN_POINT('',(0.725,-0.45,0.5));
#11455 = VECTOR('',#11456,1.);
#11456 = DIRECTION('',(0.,1.,0.));
#11457 = ORIENTED_EDGE('',*,*,#10607,.T.);
#11458 = ORIENTED_EDGE('',*,*,#11406,.T.);
#11459 = PLANE('',#11460);
#11460 = AXIS2_PLACEMENT_3D('',#11461,#11462,#11463);
#11461 = CARTESIAN_POINT('',(0.5,-0.4,0.5));
#11462 = DIRECTION('',(0.,0.,1.));
#11463 = DIRECTION('',(1.,0.,-0.));
#11464 = ADVANCED_FACE('',(#11465),#11476,.F.);
#11465 = FACE_BOUND('',#11466,.F.);
#11466 = EDGE_LOOP('',(#11467,#11473,#11474,#11475));
#11467 = ORIENTED_EDGE('',*,*,#11468,.F.);
#11468 = EDGE_CURVE('',#11445,#10648,#11469,.T.);
#11469 = LINE('',#11470,#11471);
#11470 = CARTESIAN_POINT('',(0.725,-0.3,0.75));
#11471 = VECTOR('',#11472,1.);
#11472 = DIRECTION('',(-0.,-0.,-1.));
#11473 = ORIENTED_EDGE('',*,*,#11452,.F.);
#11474 = ORIENTED_EDGE('',*,*,#10599,.T.);
#11475 = ORIENTED_EDGE('',*,*,#10657,.F.);
#11476 = PLANE('',#11477);
#11477 = AXIS2_PLACEMENT_3D('',#11478,#11479,#11480);
#11478 = CARTESIAN_POINT('',(0.725,-0.5,0.75));
#11479 = DIRECTION('',(1.,0.,0.));
#11480 = DIRECTION('',(-0.,1.,0.));
#11481 = ADVANCED_FACE('',(#11482),#11488,.F.);
#11482 = FACE_BOUND('',#11483,.F.);
#11483 = EDGE_LOOP('',(#11484,#11485,#11486,#11487));
#11484 = ORIENTED_EDGE('',*,*,#11444,.F.);
#11485 = ORIENTED_EDGE('',*,*,#11468,.T.);
#11486 = ORIENTED_EDGE('',*,*,#10647,.F.);
#11487 = ORIENTED_EDGE('',*,*,#10703,.T.);
#11488 = PLANE('',#11489);
#11489 = AXIS2_PLACEMENT_3D('',#11490,#11491,#11492);
#11490 = CARTESIAN_POINT('',(0.725,-0.3,0.75));
#11491 = DIRECTION('',(0.,1.,0.));
#11492 = DIRECTION('',(-1.,0.,0.));
#11493 = ADVANCED_FACE('',(#11494),#11510,.F.);
#11494 = FACE_BOUND('',#11495,.F.);
#11495 = EDGE_LOOP('',(#11496,#11497,#11503,#11504));
#11496 = ORIENTED_EDGE('',*,*,#11429,.F.);
#11497 = ORIENTED_EDGE('',*,*,#11498,.T.);
#11498 = EDGE_CURVE('',#11430,#10681,#11499,.T.);
#11499 = LINE('',#11500,#11501);
#11500 = CARTESIAN_POINT('',(0.725,0.3,0.75));
#11501 = VECTOR('',#11502,1.);
#11502 = DIRECTION('',(-0.,-0.,-1.));
#11503 = ORIENTED_EDGE('',*,*,#10688,.F.);
#11504 = ORIENTED_EDGE('',*,*,#11505,.F.);
#11505 = EDGE_CURVE('',#11422,#10672,#11506,.T.);
#11506 = LINE('',#11507,#11508);
#11507 = CARTESIAN_POINT('',(0.725,0.4,0.375));
#11508 = VECTOR('',#11509,1.);
#11509 = DIRECTION('',(0.,0.,-1.));
#11510 = PLANE('',#11511);
#11511 = AXIS2_PLACEMENT_3D('',#11512,#11513,#11514);
#11512 = CARTESIAN_POINT('',(0.725,0.3,0.75));
#11513 = DIRECTION('',(1.,0.,0.));
#11514 = DIRECTION('',(-0.,1.,0.));
#11515 = ADVANCED_FACE('',(#11516),#11522,.F.);
#11516 = FACE_BOUND('',#11517,.F.);
#11517 = EDGE_LOOP('',(#11518,#11519,#11520,#11521));
#11518 = ORIENTED_EDGE('',*,*,#11498,.F.);
#11519 = ORIENTED_EDGE('',*,*,#11437,.F.);
#11520 = ORIENTED_EDGE('',*,*,#10720,.F.);
#11521 = ORIENTED_EDGE('',*,*,#10680,.F.);
#11522 = PLANE('',#11523);
#11523 = AXIS2_PLACEMENT_3D('',#11524,#11525,#11526);
#11524 = CARTESIAN_POINT('',(-0.725,0.3,0.75));
#11525 = DIRECTION('',(0.,-1.,0.));
#11526 = DIRECTION('',(1.,0.,0.));
#11527 = ADVANCED_FACE('',(#11528),#11540,.T.);
#11528 = FACE_BOUND('',#11529,.T.);
#11529 = EDGE_LOOP('',(#11530,#11531,#11532,#11533,#11534,#11535,#11536,
    #11537,#11538,#11539));
#11530 = ORIENTED_EDGE('',*,*,#10908,.F.);
#11531 = ORIENTED_EDGE('',*,*,#10979,.F.);
#11532 = ORIENTED_EDGE('',*,*,#11015,.T.);
#11533 = ORIENTED_EDGE('',*,*,#11039,.T.);
#11534 = ORIENTED_EDGE('',*,*,#10863,.T.);
#11535 = ORIENTED_EDGE('',*,*,#10824,.F.);
#11536 = ORIENTED_EDGE('',*,*,#10751,.F.);
#11537 = ORIENTED_EDGE('',*,*,#10743,.F.);
#11538 = ORIENTED_EDGE('',*,*,#10735,.T.);
#11539 = ORIENTED_EDGE('',*,*,#11110,.F.);
#11540 = PLANE('',#11541);
#11541 = AXIS2_PLACEMENT_3D('',#11542,#11543,#11544);
#11542 = CARTESIAN_POINT('',(-0.8,0.4,0.));
#11543 = DIRECTION('',(0.,1.,0.));
#11544 = DIRECTION('',(0.,-0.,1.));
#11545 = ADVANCED_FACE('',(#11546),#11558,.T.);
#11546 = FACE_BOUND('',#11547,.T.);
#11547 = EDGE_LOOP('',(#11548,#11549,#11550,#11551,#11552,#11553,#11554,
    #11555,#11556,#11557));
#11548 = ORIENTED_EDGE('',*,*,#11319,.F.);
#11549 = ORIENTED_EDGE('',*,*,#11142,.F.);
#11550 = ORIENTED_EDGE('',*,*,#10776,.T.);
#11551 = ORIENTED_EDGE('',*,*,#10768,.T.);
#11552 = ORIENTED_EDGE('',*,*,#10760,.F.);
#11553 = ORIENTED_EDGE('',*,*,#11505,.F.);
#11554 = ORIENTED_EDGE('',*,*,#11421,.T.);
#11555 = ORIENTED_EDGE('',*,*,#11397,.F.);
#11556 = ORIENTED_EDGE('',*,*,#11374,.F.);
#11557 = ORIENTED_EDGE('',*,*,#11349,.T.);
#11558 = PLANE('',#11559);
#11559 = AXIS2_PLACEMENT_3D('',#11560,#11561,#11562);
#11560 = CARTESIAN_POINT('',(0.5,0.4,0.));
#11561 = DIRECTION('',(0.,1.,0.));
#11562 = DIRECTION('',(0.,-0.,1.));
#11563 = ADVANCED_FACE('',(#11564),#11569,.T.);
#11564 = FACE_BOUND('',#11565,.T.);
#11565 = EDGE_LOOP('',(#11566,#11567,#11568));
#11566 = ORIENTED_EDGE('',*,*,#11288,.T.);
#11567 = ORIENTED_EDGE('',*,*,#11264,.T.);
#11568 = ORIENTED_EDGE('',*,*,#11305,.T.);
#11569 = PLANE('',#11570);
#11570 = AXIS2_PLACEMENT_3D('',#11571,#11572,#11573);
#11571 = CARTESIAN_POINT('',(9.237604307034E-02,0.,1.5E-02));
#11572 = DIRECTION('',(-0.,-0.,-1.));
#11573 = DIRECTION('',(-1.,0.,0.));
#11574 = ( GEOMETRIC_REPRESENTATION_CONTEXT(3) 
GLOBAL_UNCERTAINTY_ASSIGNED_CONTEXT((#11578)) 
GLOBAL_UNIT_ASSIGNED_CONTEXT((#11575,#11576,#11577)) 
REPRESENTATION_CONTEXT('Context #1',
  '3D Context with UNIT and UNCERTAINTY') );
#11575 = ( LENGTH_UNIT() NAMED_UNIT(*) SI_UNIT(.MILLI.,.METRE.) );
#11576 = ( NAMED_UNIT(*) PLANE_ANGLE_UNIT() SI_UNIT($,.RADIAN.) );
#11577 = ( NAMED_UNIT(*) SI_UNIT($,.STERADIAN.) SOLID_ANGLE_UNIT() );
#11578 = UNCERTAINTY_MEASURE_WITH_UNIT(LENGTH_MEASURE(1.E-07),#11575,
  'distance_accuracy_value','confusion accuracy');
#11579 = CONTEXT_DEPENDENT_SHAPE_REPRESENTATION(#11580,#11582);
#11580 = ( REPRESENTATION_RELATIONSHIP('','',#10050,#10) 
REPRESENTATION_RELATIONSHIP_WITH_TRANSFORMATION(#11581) 
SHAPE_REPRESENTATION_RELATIONSHIP() );
#11581 = ITEM_DEFINED_TRANSFORMATION('','',#11,#63);
#11582 = PRODUCT_DEFINITION_SHAPE('Placement','Placement of an item',
  #11583);
#11583 = NEXT_ASSEMBLY_USAGE_OCCURRENCE('13','D1','',#5,#10045,$);
#11584 = PRODUCT_RELATED_PRODUCT_CATEGORY('part',$,(#10047));
#11585 = CONTEXT_DEPENDENT_SHAPE_REPRESENTATION(#11586,#11588);
#11586 = ( REPRESENTATION_RELATIONSHIP('','',#4051,#10) 
REPRESENTATION_RELATIONSHIP_WITH_TRANSFORMATION(#11587) 
SHAPE_REPRESENTATION_RELATIONSHIP() );
#11587 = ITEM_DEFINED_TRANSFORMATION('','',#11,#67);
#11588 = PRODUCT_DEFINITION_SHAPE('Placement','Placement of an item',
  #11589);
#11589 = NEXT_ASSEMBLY_USAGE_OCCURRENCE('14','Q1','',#5,#4046,$);
#11590 = CONTEXT_DEPENDENT_SHAPE_REPRESENTATION(#11591,#11593);
#11591 = ( REPRESENTATION_RELATIONSHIP('','',#152,#10) 
REPRESENTATION_RELATIONSHIP_WITH_TRANSFORMATION(#11592) 
SHAPE_REPRESENTATION_RELATIONSHIP() );
#11592 = ITEM_DEFINED_TRANSFORMATION('','',#11,#71);
#11593 = PRODUCT_DEFINITION_SHAPE('Placement','Placement of an item',
  #11594);
#11594 = NEXT_ASSEMBLY_USAGE_OCCURRENCE('15','R5','',#5,#147,$);
#11595 = CONTEXT_DEPENDENT_SHAPE_REPRESENTATION(#11596,#11598);
#11596 = ( REPRESENTATION_RELATIONSHIP('','',#961,#10) 
REPRESENTATION_RELATIONSHIP_WITH_TRANSFORMATION(#11597) 
SHAPE_REPRESENTATION_RELATIONSHIP() );
#11597 = ITEM_DEFINED_TRANSFORMATION('','',#11,#75);
#11598 = PRODUCT_DEFINITION_SHAPE('Placement','Placement of an item',
  #11599);
#11599 = NEXT_ASSEMBLY_USAGE_OCCURRENCE('16','C3','',#5,#956,$);
#11600 = SHAPE_DEFINITION_REPRESENTATION(#11601,#11607);
#11601 = PRODUCT_DEFINITION_SHAPE('','',#11602);
#11602 = PRODUCT_DEFINITION('design','',#11603,#11606);
#11603 = PRODUCT_DEFINITION_FORMATION('','',#11604);
#11604 = PRODUCT('SOT-23-5','SOT-23-5','',(#11605));
#11605 = PRODUCT_CONTEXT('',#2,'mechanical');
#11606 = PRODUCT_DEFINITION_CONTEXT('part definition',#2,'design');
#11607 = ADVANCED_BREP_SHAPE_REPRESENTATION('',(#11,#11608),#14677);
#11608 = MANIFOLD_SOLID_BREP('',#11609);
#11609 = CLOSED_SHELL('',(#11610,#11648,#11711,#11734,#11763,#11786,
    #11857,#11912,#11935,#11958,#11975,#11998,#12086,#12102,#12132,
    #12163,#12194,#12225,#12256,#12287,#12304,#12321,#12352,#12383,
    #12414,#12444,#12467,#12490,#12507,#12552,#12622,#12645,#12668,
    #12691,#12746,#12784,#12833,#12925,#12950,#13034,#13056,#13148,
    #13173,#13257,#13274,#13359,#13384,#13461,#13546,#13571,#13648,
    #13665,#13757,#13782,#13866,#13883,#13902,#13921,#13967,#13983,
    #14002,#14018,#14035,#14047,#14064,#14081,#14098,#14115,#14132,
    #14149,#14166,#14178,#14195,#14212,#14229,#14246,#14263,#14280,
    #14297,#14309,#14326,#14343,#14360,#14377,#14394,#14411,#14423,
    #14440,#14457,#14474,#14491,#14508,#14525,#14537,#14554,#14571,
    #14588,#14605,#14622,#14639,#14656,#14668));
#11610 = ADVANCED_FACE('',(#11611),#11643,.F.);
#11611 = FACE_BOUND('',#11612,.F.);
#11612 = EDGE_LOOP('',(#11613,#11623,#11630,#11638));
#11613 = ORIENTED_EDGE('',*,*,#11614,.T.);
#11614 = EDGE_CURVE('',#11615,#11617,#11619,.T.);
#11615 = VERTEX_POINT('',#11616);
#11616 = CARTESIAN_POINT('',(-0.659324228722,1.358648457443,0.1));
#11617 = VERTEX_POINT('',#11618);
#11618 = CARTESIAN_POINT('',(0.659324228722,1.358648457443,0.1));
#11619 = LINE('',#11620,#11621);
#11620 = CARTESIAN_POINT('',(-0.659324228722,1.358648457443,0.1));
#11621 = VECTOR('',#11622,1.);
#11622 = DIRECTION('',(1.,1.110223024625E-16,0.));
#11623 = ORIENTED_EDGE('',*,*,#11624,.T.);
#11624 = EDGE_CURVE('',#11617,#11625,#11627,.T.);
#11625 = VERTEX_POINT('',#11626);
#11626 = CARTESIAN_POINT('',(0.705,1.45,0.75));
#11627 = B_SPLINE_CURVE_WITH_KNOTS('',1,(#11628,#11629),.UNSPECIFIED.,
  .F.,.F.,(2,2),(0.,1.),.PIECEWISE_BEZIER_KNOTS.);
#11628 = CARTESIAN_POINT('',(0.659324228722,1.358648457443,0.1));
#11629 = CARTESIAN_POINT('',(0.705,1.45,0.75));
#11630 = ORIENTED_EDGE('',*,*,#11631,.F.);
#11631 = EDGE_CURVE('',#11632,#11625,#11634,.T.);
#11632 = VERTEX_POINT('',#11633);
#11633 = CARTESIAN_POINT('',(-0.705,1.45,0.75));
#11634 = LINE('',#11635,#11636);
#11635 = CARTESIAN_POINT('',(-0.705,1.45,0.75));
#11636 = VECTOR('',#11637,1.);
#11637 = DIRECTION('',(1.,1.110223024625E-16,0.));
#11638 = ORIENTED_EDGE('',*,*,#11639,.F.);
#11639 = EDGE_CURVE('',#11615,#11632,#11640,.T.);
#11640 = B_SPLINE_CURVE_WITH_KNOTS('',1,(#11641,#11642),.UNSPECIFIED.,
  .F.,.F.,(2,2),(0.,1.),.PIECEWISE_BEZIER_KNOTS.);
#11641 = CARTESIAN_POINT('',(-0.659324228722,1.358648457443,0.1));
#11642 = CARTESIAN_POINT('',(-0.705,1.45,0.75));
#11643 = B_SPLINE_SURFACE_WITH_KNOTS('',1,1,(
    (#11644,#11645)
    ,(#11646,#11647
    )),.UNSPECIFIED.,.F.,.F.,.F.,(2,2),(2,2),(0.,1.41),(0.,1.),
  .PIECEWISE_BEZIER_KNOTS.);
#11644 = CARTESIAN_POINT('',(-0.659324228722,1.358648457443,0.1));
#11645 = CARTESIAN_POINT('',(-0.705,1.45,0.75));
#11646 = CARTESIAN_POINT('',(0.659324228722,1.358648457443,0.1));
#11647 = CARTESIAN_POINT('',(0.705,1.45,0.75));
#11648 = ADVANCED_FACE('',(#11649),#11706,.F.);
#11649 = FACE_BOUND('',#11650,.T.);
#11650 = EDGE_LOOP('',(#11651,#11652,#11660,#11668,#11676,#11684,#11692,
    #11700));
#11651 = ORIENTED_EDGE('',*,*,#11614,.T.);
#11652 = ORIENTED_EDGE('',*,*,#11653,.T.);
#11653 = EDGE_CURVE('',#11617,#11654,#11656,.T.);
#11654 = VERTEX_POINT('',#11655);
#11655 = CARTESIAN_POINT('',(0.708648457443,1.309324228722,0.1));
#11656 = LINE('',#11657,#11658);
#11657 = CARTESIAN_POINT('',(0.659324228722,1.358648457443,0.1));
#11658 = VECTOR('',#11659,1.);
#11659 = DIRECTION('',(0.707106781187,-0.707106781187,0.));
#11660 = ORIENTED_EDGE('',*,*,#11661,.T.);
#11661 = EDGE_CURVE('',#11654,#11662,#11664,.T.);
#11662 = VERTEX_POINT('',#11663);
#11663 = CARTESIAN_POINT('',(0.708648457443,-1.309324228722,0.1));
#11664 = LINE('',#11665,#11666);
#11665 = CARTESIAN_POINT('',(0.708648457443,1.309324228722,0.1));
#11666 = VECTOR('',#11667,1.);
#11667 = DIRECTION('',(1.110223024625E-16,-1.,0.));
#11668 = ORIENTED_EDGE('',*,*,#11669,.T.);
#11669 = EDGE_CURVE('',#11662,#11670,#11672,.T.);
#11670 = VERTEX_POINT('',#11671);
#11671 = CARTESIAN_POINT('',(0.659324228722,-1.358648457443,0.1));
#11672 = LINE('',#11673,#11674);
#11673 = CARTESIAN_POINT('',(0.708648457443,-1.309324228722,0.1));
#11674 = VECTOR('',#11675,1.);
#11675 = DIRECTION('',(-0.707106781187,-0.707106781187,0.));
#11676 = ORIENTED_EDGE('',*,*,#11677,.T.);
#11677 = EDGE_CURVE('',#11670,#11678,#11680,.T.);
#11678 = VERTEX_POINT('',#11679);
#11679 = CARTESIAN_POINT('',(-0.659324228722,-1.358648457443,0.1));
#11680 = LINE('',#11681,#11682);
#11681 = CARTESIAN_POINT('',(0.659324228722,-1.358648457443,0.1));
#11682 = VECTOR('',#11683,1.);
#11683 = DIRECTION('',(-1.,-1.110223024625E-16,0.));
#11684 = ORIENTED_EDGE('',*,*,#11685,.T.);
#11685 = EDGE_CURVE('',#11678,#11686,#11688,.T.);
#11686 = VERTEX_POINT('',#11687);
#11687 = CARTESIAN_POINT('',(-0.708648457443,-1.309324228722,0.1));
#11688 = LINE('',#11689,#11690);
#11689 = CARTESIAN_POINT('',(-0.659324228722,-1.358648457443,0.1));
#11690 = VECTOR('',#11691,1.);
#11691 = DIRECTION('',(-0.707106781187,0.707106781187,0.));
#11692 = ORIENTED_EDGE('',*,*,#11693,.T.);
#11693 = EDGE_CURVE('',#11686,#11694,#11696,.T.);
#11694 = VERTEX_POINT('',#11695);
#11695 = CARTESIAN_POINT('',(-0.708648457443,1.309324228722,0.1));
#11696 = LINE('',#11697,#11698);
#11697 = CARTESIAN_POINT('',(-0.708648457443,-1.309324228722,0.1));
#11698 = VECTOR('',#11699,1.);
#11699 = DIRECTION('',(-1.110223024625E-16,1.,0.));
#11700 = ORIENTED_EDGE('',*,*,#11701,.T.);
#11701 = EDGE_CURVE('',#11694,#11615,#11702,.T.);
#11702 = LINE('',#11703,#11704);
#11703 = CARTESIAN_POINT('',(-0.708648457443,1.309324228722,0.1));
#11704 = VECTOR('',#11705,1.);
#11705 = DIRECTION('',(0.707106781187,0.707106781187,0.));
#11706 = PLANE('',#11707);
#11707 = AXIS2_PLACEMENT_3D('',#11708,#11709,#11710);
#11708 = CARTESIAN_POINT('',(-0.659324228722,1.358648457443,0.1));
#11709 = DIRECTION('',(0.,0.,1.));
#11710 = DIRECTION('',(0.436587433964,-0.899661832304,0.));
#11711 = ADVANCED_FACE('',(#11712),#11729,.F.);
#11712 = FACE_BOUND('',#11713,.F.);
#11713 = EDGE_LOOP('',(#11714,#11715,#11722,#11728));
#11714 = ORIENTED_EDGE('',*,*,#11653,.T.);
#11715 = ORIENTED_EDGE('',*,*,#11716,.T.);
#11716 = EDGE_CURVE('',#11654,#11717,#11719,.T.);
#11717 = VERTEX_POINT('',#11718);
#11718 = CARTESIAN_POINT('',(0.8,1.355,0.75));
#11719 = B_SPLINE_CURVE_WITH_KNOTS('',1,(#11720,#11721),.UNSPECIFIED.,
  .F.,.F.,(2,2),(0.,1.),.PIECEWISE_BEZIER_KNOTS.);
#11720 = CARTESIAN_POINT('',(0.708648457443,1.309324228722,0.1));
#11721 = CARTESIAN_POINT('',(0.8,1.355,0.75));
#11722 = ORIENTED_EDGE('',*,*,#11723,.F.);
#11723 = EDGE_CURVE('',#11625,#11717,#11724,.T.);
#11724 = LINE('',#11725,#11726);
#11725 = CARTESIAN_POINT('',(0.705,1.45,0.75));
#11726 = VECTOR('',#11727,1.);
#11727 = DIRECTION('',(0.707106781187,-0.707106781187,0.));
#11728 = ORIENTED_EDGE('',*,*,#11624,.F.);
#11729 = B_SPLINE_SURFACE_WITH_KNOTS('',1,1,(
    (#11730,#11731)
    ,(#11732,#11733
    )),.UNSPECIFIED.,.F.,.F.,.F.,(2,2),(2,2),(0.,0.134350288425),(0.,1.)
  ,.PIECEWISE_BEZIER_KNOTS.);
#11730 = CARTESIAN_POINT('',(0.659324228722,1.358648457443,0.1));
#11731 = CARTESIAN_POINT('',(0.705,1.45,0.75));
#11732 = CARTESIAN_POINT('',(0.708648457443,1.309324228722,0.1));
#11733 = CARTESIAN_POINT('',(0.8,1.355,0.75));
#11734 = ADVANCED_FACE('',(#11735),#11758,.F.);
#11735 = FACE_BOUND('',#11736,.F.);
#11736 = EDGE_LOOP('',(#11737,#11738,#11745,#11753));
#11737 = ORIENTED_EDGE('',*,*,#11631,.T.);
#11738 = ORIENTED_EDGE('',*,*,#11739,.T.);
#11739 = EDGE_CURVE('',#11625,#11740,#11742,.T.);
#11740 = VERTEX_POINT('',#11741);
#11741 = CARTESIAN_POINT('',(0.705,1.45,0.9));
#11742 = B_SPLINE_CURVE_WITH_KNOTS('',1,(#11743,#11744),.UNSPECIFIED.,
  .F.,.F.,(2,2),(0.,1.),.PIECEWISE_BEZIER_KNOTS.);
#11743 = CARTESIAN_POINT('',(0.705,1.45,0.75));
#11744 = CARTESIAN_POINT('',(0.705,1.45,0.9));
#11745 = ORIENTED_EDGE('',*,*,#11746,.F.);
#11746 = EDGE_CURVE('',#11747,#11740,#11749,.T.);
#11747 = VERTEX_POINT('',#11748);
#11748 = CARTESIAN_POINT('',(-0.705,1.45,0.9));
#11749 = LINE('',#11750,#11751);
#11750 = CARTESIAN_POINT('',(-0.705,1.45,0.9));
#11751 = VECTOR('',#11752,1.);
#11752 = DIRECTION('',(1.,1.110223024625E-16,0.));
#11753 = ORIENTED_EDGE('',*,*,#11754,.F.);
#11754 = EDGE_CURVE('',#11632,#11747,#11755,.T.);
#11755 = B_SPLINE_CURVE_WITH_KNOTS('',1,(#11756,#11757),.UNSPECIFIED.,
  .F.,.F.,(2,2),(0.,1.),.PIECEWISE_BEZIER_KNOTS.);
#11756 = CARTESIAN_POINT('',(-0.705,1.45,0.75));
#11757 = CARTESIAN_POINT('',(-0.705,1.45,0.9));
#11758 = PLANE('',#11759);
#11759 = AXIS2_PLACEMENT_3D('',#11760,#11761,#11762);
#11760 = CARTESIAN_POINT('',(-0.705,1.45,0.9));
#11761 = DIRECTION('',(1.110223024625E-16,-1.,0.));
#11762 = DIRECTION('',(1.,1.110223024625E-16,0.));
#11763 = ADVANCED_FACE('',(#11764),#11781,.F.);
#11764 = FACE_BOUND('',#11765,.F.);
#11765 = EDGE_LOOP('',(#11766,#11767,#11768,#11776));
#11766 = ORIENTED_EDGE('',*,*,#11701,.T.);
#11767 = ORIENTED_EDGE('',*,*,#11639,.T.);
#11768 = ORIENTED_EDGE('',*,*,#11769,.F.);
#11769 = EDGE_CURVE('',#11770,#11632,#11772,.T.);
#11770 = VERTEX_POINT('',#11771);
#11771 = CARTESIAN_POINT('',(-0.8,1.355,0.75));
#11772 = LINE('',#11773,#11774);
#11773 = CARTESIAN_POINT('',(-0.8,1.355,0.75));
#11774 = VECTOR('',#11775,1.);
#11775 = DIRECTION('',(0.707106781187,0.707106781187,0.));
#11776 = ORIENTED_EDGE('',*,*,#11777,.F.);
#11777 = EDGE_CURVE('',#11694,#11770,#11778,.T.);
#11778 = B_SPLINE_CURVE_WITH_KNOTS('',1,(#11779,#11780),.UNSPECIFIED.,
  .F.,.F.,(2,2),(0.,1.),.PIECEWISE_BEZIER_KNOTS.);
#11779 = CARTESIAN_POINT('',(-0.708648457443,1.309324228722,0.1));
#11780 = CARTESIAN_POINT('',(-0.8,1.355,0.75));
#11781 = B_SPLINE_SURFACE_WITH_KNOTS('',1,1,(
    (#11782,#11783)
    ,(#11784,#11785
    )),.UNSPECIFIED.,.F.,.F.,.F.,(2,2),(2,2),(0.,0.134350288425),(0.,1.)
  ,.PIECEWISE_BEZIER_KNOTS.);
#11782 = CARTESIAN_POINT('',(-0.708648457443,1.309324228722,0.1));
#11783 = CARTESIAN_POINT('',(-0.8,1.355,0.75));
#11784 = CARTESIAN_POINT('',(-0.659324228722,1.358648457443,0.1));
#11785 = CARTESIAN_POINT('',(-0.705,1.45,0.75));
#11786 = ADVANCED_FACE('',(#11787),#11852,.F.);
#11787 = FACE_BOUND('',#11788,.F.);
#11788 = EDGE_LOOP('',(#11789,#11790,#11791,#11799,#11807,#11815,#11823,
    #11831,#11839,#11847));
#11789 = ORIENTED_EDGE('',*,*,#11693,.T.);
#11790 = ORIENTED_EDGE('',*,*,#11777,.T.);
#11791 = ORIENTED_EDGE('',*,*,#11792,.F.);
#11792 = EDGE_CURVE('',#11793,#11770,#11795,.T.);
#11793 = VERTEX_POINT('',#11794);
#11794 = CARTESIAN_POINT('',(-0.8,1.2,0.75));
#11795 = LINE('',#11796,#11797);
#11796 = CARTESIAN_POINT('',(-0.8,-1.355,0.75));
#11797 = VECTOR('',#11798,1.);
#11798 = DIRECTION('',(-1.110223024625E-16,1.,0.));
#11799 = ORIENTED_EDGE('',*,*,#11800,.F.);
#11800 = EDGE_CURVE('',#11801,#11793,#11803,.T.);
#11801 = VERTEX_POINT('',#11802);
#11802 = CARTESIAN_POINT('',(-0.8,0.7,0.75));
#11803 = LINE('',#11804,#11805);
#11804 = CARTESIAN_POINT('',(-0.8,-1.355,0.75));
#11805 = VECTOR('',#11806,1.);
#11806 = DIRECTION('',(-1.110223024625E-16,1.,0.));
#11807 = ORIENTED_EDGE('',*,*,#11808,.F.);
#11808 = EDGE_CURVE('',#11809,#11801,#11811,.T.);
#11809 = VERTEX_POINT('',#11810);
#11810 = CARTESIAN_POINT('',(-0.8,0.25,0.75));
#11811 = LINE('',#11812,#11813);
#11812 = CARTESIAN_POINT('',(-0.8,-1.355,0.75));
#11813 = VECTOR('',#11814,1.);
#11814 = DIRECTION('',(-1.110223024625E-16,1.,0.));
#11815 = ORIENTED_EDGE('',*,*,#11816,.F.);
#11816 = EDGE_CURVE('',#11817,#11809,#11819,.T.);
#11817 = VERTEX_POINT('',#11818);
#11818 = CARTESIAN_POINT('',(-0.8,-0.25,0.75));
#11819 = LINE('',#11820,#11821);
#11820 = CARTESIAN_POINT('',(-0.8,-1.355,0.75));
#11821 = VECTOR('',#11822,1.);
#11822 = DIRECTION('',(-1.110223024625E-16,1.,0.));
#11823 = ORIENTED_EDGE('',*,*,#11824,.F.);
#11824 = EDGE_CURVE('',#11825,#11817,#11827,.T.);
#11825 = VERTEX_POINT('',#11826);
#11826 = CARTESIAN_POINT('',(-0.8,-0.7,0.75));
#11827 = LINE('',#11828,#11829);
#11828 = CARTESIAN_POINT('',(-0.8,-1.355,0.75));
#11829 = VECTOR('',#11830,1.);
#11830 = DIRECTION('',(-1.110223024625E-16,1.,0.));
#11831 = ORIENTED_EDGE('',*,*,#11832,.F.);
#11832 = EDGE_CURVE('',#11833,#11825,#11835,.T.);
#11833 = VERTEX_POINT('',#11834);
#11834 = CARTESIAN_POINT('',(-0.8,-1.2,0.75));
#11835 = LINE('',#11836,#11837);
#11836 = CARTESIAN_POINT('',(-0.8,-1.355,0.75));
#11837 = VECTOR('',#11838,1.);
#11838 = DIRECTION('',(-1.110223024625E-16,1.,0.));
#11839 = ORIENTED_EDGE('',*,*,#11840,.F.);
#11840 = EDGE_CURVE('',#11841,#11833,#11843,.T.);
#11841 = VERTEX_POINT('',#11842);
#11842 = CARTESIAN_POINT('',(-0.8,-1.355,0.75));
#11843 = LINE('',#11844,#11845);
#11844 = CARTESIAN_POINT('',(-0.8,-1.355,0.75));
#11845 = VECTOR('',#11846,1.);
#11846 = DIRECTION('',(-1.110223024625E-16,1.,0.));
#11847 = ORIENTED_EDGE('',*,*,#11848,.F.);
#11848 = EDGE_CURVE('',#11686,#11841,#11849,.T.);
#11849 = B_SPLINE_CURVE_WITH_KNOTS('',1,(#11850,#11851),.UNSPECIFIED.,
  .F.,.F.,(2,2),(0.,1.),.PIECEWISE_BEZIER_KNOTS.);
#11850 = CARTESIAN_POINT('',(-0.708648457443,-1.309324228722,0.1));
#11851 = CARTESIAN_POINT('',(-0.8,-1.355,0.75));
#11852 = B_SPLINE_SURFACE_WITH_KNOTS('',1,1,(
    (#11853,#11854)
    ,(#11855,#11856
    )),.UNSPECIFIED.,.F.,.F.,.F.,(2,2),(2,2),(0.,2.71),(0.,1.),
  .PIECEWISE_BEZIER_KNOTS.);
#11853 = CARTESIAN_POINT('',(-0.708648457443,-1.309324228722,0.1));
#11854 = CARTESIAN_POINT('',(-0.8,-1.355,0.75));
#11855 = CARTESIAN_POINT('',(-0.708648457443,1.309324228722,0.1));
#11856 = CARTESIAN_POINT('',(-0.8,1.355,0.75));
#11857 = ADVANCED_FACE('',(#11858),#11907,.F.);
#11858 = FACE_BOUND('',#11859,.F.);
#11859 = EDGE_LOOP('',(#11860,#11861,#11868,#11876,#11884,#11892,#11900,
    #11906));
#11860 = ORIENTED_EDGE('',*,*,#11661,.T.);
#11861 = ORIENTED_EDGE('',*,*,#11862,.T.);
#11862 = EDGE_CURVE('',#11662,#11863,#11865,.T.);
#11863 = VERTEX_POINT('',#11864);
#11864 = CARTESIAN_POINT('',(0.8,-1.355,0.75));
#11865 = B_SPLINE_CURVE_WITH_KNOTS('',1,(#11866,#11867),.UNSPECIFIED.,
  .F.,.F.,(2,2),(0.,1.),.PIECEWISE_BEZIER_KNOTS.);
#11866 = CARTESIAN_POINT('',(0.708648457443,-1.309324228722,0.1));
#11867 = CARTESIAN_POINT('',(0.8,-1.355,0.75));
#11868 = ORIENTED_EDGE('',*,*,#11869,.F.);
#11869 = EDGE_CURVE('',#11870,#11863,#11872,.T.);
#11870 = VERTEX_POINT('',#11871);
#11871 = CARTESIAN_POINT('',(0.8,-1.2,0.75));
#11872 = LINE('',#11873,#11874);
#11873 = CARTESIAN_POINT('',(0.8,1.355,0.75));
#11874 = VECTOR('',#11875,1.);
#11875 = DIRECTION('',(1.110223024625E-16,-1.,0.));
#11876 = ORIENTED_EDGE('',*,*,#11877,.F.);
#11877 = EDGE_CURVE('',#11878,#11870,#11880,.T.);
#11878 = VERTEX_POINT('',#11879);
#11879 = CARTESIAN_POINT('',(0.8,-0.7,0.75));
#11880 = LINE('',#11881,#11882);
#11881 = CARTESIAN_POINT('',(0.8,1.355,0.75));
#11882 = VECTOR('',#11883,1.);
#11883 = DIRECTION('',(1.110223024625E-16,-1.,0.));
#11884 = ORIENTED_EDGE('',*,*,#11885,.F.);
#11885 = EDGE_CURVE('',#11886,#11878,#11888,.T.);
#11886 = VERTEX_POINT('',#11887);
#11887 = CARTESIAN_POINT('',(0.8,0.7,0.75));
#11888 = LINE('',#11889,#11890);
#11889 = CARTESIAN_POINT('',(0.8,1.355,0.75));
#11890 = VECTOR('',#11891,1.);
#11891 = DIRECTION('',(1.110223024625E-16,-1.,0.));
#11892 = ORIENTED_EDGE('',*,*,#11893,.F.);
#11893 = EDGE_CURVE('',#11894,#11886,#11896,.T.);
#11894 = VERTEX_POINT('',#11895);
#11895 = CARTESIAN_POINT('',(0.8,1.2,0.75));
#11896 = LINE('',#11897,#11898);
#11897 = CARTESIAN_POINT('',(0.8,1.355,0.75));
#11898 = VECTOR('',#11899,1.);
#11899 = DIRECTION('',(1.110223024625E-16,-1.,0.));
#11900 = ORIENTED_EDGE('',*,*,#11901,.F.);
#11901 = EDGE_CURVE('',#11717,#11894,#11902,.T.);
#11902 = LINE('',#11903,#11904);
#11903 = CARTESIAN_POINT('',(0.8,1.355,0.75));
#11904 = VECTOR('',#11905,1.);
#11905 = DIRECTION('',(1.110223024625E-16,-1.,0.));
#11906 = ORIENTED_EDGE('',*,*,#11716,.F.);
#11907 = B_SPLINE_SURFACE_WITH_KNOTS('',1,1,(
    (#11908,#11909)
    ,(#11910,#11911
    )),.UNSPECIFIED.,.F.,.F.,.F.,(2,2),(2,2),(0.,2.71),(0.,1.),
  .PIECEWISE_BEZIER_KNOTS.);
#11908 = CARTESIAN_POINT('',(0.708648457443,1.309324228722,0.1));
#11909 = CARTESIAN_POINT('',(0.8,1.355,0.75));
#11910 = CARTESIAN_POINT('',(0.708648457443,-1.309324228722,0.1));
#11911 = CARTESIAN_POINT('',(0.8,-1.355,0.75));
#11912 = ADVANCED_FACE('',(#11913),#11930,.F.);
#11913 = FACE_BOUND('',#11914,.F.);
#11914 = EDGE_LOOP('',(#11915,#11916,#11917,#11925));
#11915 = ORIENTED_EDGE('',*,*,#11685,.T.);
#11916 = ORIENTED_EDGE('',*,*,#11848,.T.);
#11917 = ORIENTED_EDGE('',*,*,#11918,.F.);
#11918 = EDGE_CURVE('',#11919,#11841,#11921,.T.);
#11919 = VERTEX_POINT('',#11920);
#11920 = CARTESIAN_POINT('',(-0.705,-1.45,0.75));
#11921 = LINE('',#11922,#11923);
#11922 = CARTESIAN_POINT('',(-0.705,-1.45,0.75));
#11923 = VECTOR('',#11924,1.);
#11924 = DIRECTION('',(-0.707106781187,0.707106781187,0.));
#11925 = ORIENTED_EDGE('',*,*,#11926,.F.);
#11926 = EDGE_CURVE('',#11678,#11919,#11927,.T.);
#11927 = B_SPLINE_CURVE_WITH_KNOTS('',1,(#11928,#11929),.UNSPECIFIED.,
  .F.,.F.,(2,2),(0.,1.),.PIECEWISE_BEZIER_KNOTS.);
#11928 = CARTESIAN_POINT('',(-0.659324228722,-1.358648457443,0.1));
#11929 = CARTESIAN_POINT('',(-0.705,-1.45,0.75));
#11930 = B_SPLINE_SURFACE_WITH_KNOTS('',1,1,(
    (#11931,#11932)
    ,(#11933,#11934
    )),.UNSPECIFIED.,.F.,.F.,.F.,(2,2),(2,2),(0.,0.134350288425),(0.,1.)
  ,.PIECEWISE_BEZIER_KNOTS.);
#11931 = CARTESIAN_POINT('',(-0.659324228722,-1.358648457443,0.1));
#11932 = CARTESIAN_POINT('',(-0.705,-1.45,0.75));
#11933 = CARTESIAN_POINT('',(-0.708648457443,-1.309324228722,0.1));
#11934 = CARTESIAN_POINT('',(-0.8,-1.355,0.75));
#11935 = ADVANCED_FACE('',(#11936),#11953,.F.);
#11936 = FACE_BOUND('',#11937,.F.);
#11937 = EDGE_LOOP('',(#11938,#11939,#11946,#11952));
#11938 = ORIENTED_EDGE('',*,*,#11669,.T.);
#11939 = ORIENTED_EDGE('',*,*,#11940,.T.);
#11940 = EDGE_CURVE('',#11670,#11941,#11943,.T.);
#11941 = VERTEX_POINT('',#11942);
#11942 = CARTESIAN_POINT('',(0.705,-1.45,0.75));
#11943 = B_SPLINE_CURVE_WITH_KNOTS('',1,(#11944,#11945),.UNSPECIFIED.,
  .F.,.F.,(2,2),(0.,1.),.PIECEWISE_BEZIER_KNOTS.);
#11944 = CARTESIAN_POINT('',(0.659324228722,-1.358648457443,0.1));
#11945 = CARTESIAN_POINT('',(0.705,-1.45,0.75));
#11946 = ORIENTED_EDGE('',*,*,#11947,.F.);
#11947 = EDGE_CURVE('',#11863,#11941,#11948,.T.);
#11948 = LINE('',#11949,#11950);
#11949 = CARTESIAN_POINT('',(0.8,-1.355,0.75));
#11950 = VECTOR('',#11951,1.);
#11951 = DIRECTION('',(-0.707106781187,-0.707106781187,0.));
#11952 = ORIENTED_EDGE('',*,*,#11862,.F.);
#11953 = B_SPLINE_SURFACE_WITH_KNOTS('',1,1,(
    (#11954,#11955)
    ,(#11956,#11957
    )),.UNSPECIFIED.,.F.,.F.,.F.,(2,2),(2,2),(0.,0.134350288425),(0.,1.)
  ,.PIECEWISE_BEZIER_KNOTS.);
#11954 = CARTESIAN_POINT('',(0.708648457443,-1.309324228722,0.1));
#11955 = CARTESIAN_POINT('',(0.8,-1.355,0.75));
#11956 = CARTESIAN_POINT('',(0.659324228722,-1.358648457443,0.1));
#11957 = CARTESIAN_POINT('',(0.705,-1.45,0.75));
#11958 = ADVANCED_FACE('',(#11959),#11970,.F.);
#11959 = FACE_BOUND('',#11960,.F.);
#11960 = EDGE_LOOP('',(#11961,#11962,#11963,#11969));
#11961 = ORIENTED_EDGE('',*,*,#11677,.T.);
#11962 = ORIENTED_EDGE('',*,*,#11926,.T.);
#11963 = ORIENTED_EDGE('',*,*,#11964,.F.);
#11964 = EDGE_CURVE('',#11941,#11919,#11965,.T.);
#11965 = LINE('',#11966,#11967);
#11966 = CARTESIAN_POINT('',(0.705,-1.45,0.75));
#11967 = VECTOR('',#11968,1.);
#11968 = DIRECTION('',(-1.,-1.110223024625E-16,0.));
#11969 = ORIENTED_EDGE('',*,*,#11940,.F.);
#11970 = B_SPLINE_SURFACE_WITH_KNOTS('',1,1,(
    (#11971,#11972)
    ,(#11973,#11974
    )),.UNSPECIFIED.,.F.,.F.,.F.,(2,2),(2,2),(0.,1.41),(0.,1.),
  .PIECEWISE_BEZIER_KNOTS.);
#11971 = CARTESIAN_POINT('',(0.659324228722,-1.358648457443,0.1));
#11972 = CARTESIAN_POINT('',(0.705,-1.45,0.75));
#11973 = CARTESIAN_POINT('',(-0.659324228722,-1.358648457443,0.1));
#11974 = CARTESIAN_POINT('',(-0.705,-1.45,0.75));
#11975 = ADVANCED_FACE('',(#11976),#11993,.F.);
#11976 = FACE_BOUND('',#11977,.F.);
#11977 = EDGE_LOOP('',(#11978,#11979,#11986,#11992));
#11978 = ORIENTED_EDGE('',*,*,#11723,.T.);
#11979 = ORIENTED_EDGE('',*,*,#11980,.T.);
#11980 = EDGE_CURVE('',#11717,#11981,#11983,.T.);
#11981 = VERTEX_POINT('',#11982);
#11982 = CARTESIAN_POINT('',(0.8,1.355,0.9));
#11983 = B_SPLINE_CURVE_WITH_KNOTS('',1,(#11984,#11985),.UNSPECIFIED.,
  .F.,.F.,(2,2),(0.,1.),.PIECEWISE_BEZIER_KNOTS.);
#11984 = CARTESIAN_POINT('',(0.8,1.355,0.75));
#11985 = CARTESIAN_POINT('',(0.8,1.355,0.9));
#11986 = ORIENTED_EDGE('',*,*,#11987,.F.);
#11987 = EDGE_CURVE('',#11740,#11981,#11988,.T.);
#11988 = LINE('',#11989,#11990);
#11989 = CARTESIAN_POINT('',(0.705,1.45,0.9));
#11990 = VECTOR('',#11991,1.);
#11991 = DIRECTION('',(0.707106781187,-0.707106781187,0.));
#11992 = ORIENTED_EDGE('',*,*,#11739,.F.);
#11993 = PLANE('',#11994);
#11994 = AXIS2_PLACEMENT_3D('',#11995,#11996,#11997);
#11995 = CARTESIAN_POINT('',(0.705,1.45,0.9));
#11996 = DIRECTION('',(-0.707106781187,-0.707106781187,0.));
#11997 = DIRECTION('',(0.707106781187,-0.707106781187,0.));
#11998 = ADVANCED_FACE('',(#11999),#12081,.F.);
#11999 = FACE_BOUND('',#12000,.F.);
#12000 = EDGE_LOOP('',(#12001,#12009,#12010,#12011,#12019,#12027,#12035,
    #12043,#12051,#12059,#12067,#12075));
#12001 = ORIENTED_EDGE('',*,*,#12002,.T.);
#12002 = EDGE_CURVE('',#12003,#11747,#12005,.T.);
#12003 = VERTEX_POINT('',#12004);
#12004 = CARTESIAN_POINT('',(-0.8,1.355,0.9));
#12005 = LINE('',#12006,#12007);
#12006 = CARTESIAN_POINT('',(-0.8,1.355,0.9));
#12007 = VECTOR('',#12008,1.);
#12008 = DIRECTION('',(0.707106781187,0.707106781187,0.));
#12009 = ORIENTED_EDGE('',*,*,#11746,.T.);
#12010 = ORIENTED_EDGE('',*,*,#11987,.T.);
#12011 = ORIENTED_EDGE('',*,*,#12012,.T.);
#12012 = EDGE_CURVE('',#11981,#12013,#12015,.T.);
#12013 = VERTEX_POINT('',#12014);
#12014 = CARTESIAN_POINT('',(0.8,1.2,0.9));
#12015 = LINE('',#12016,#12017);
#12016 = CARTESIAN_POINT('',(0.8,1.355,0.9));
#12017 = VECTOR('',#12018,1.);
#12018 = DIRECTION('',(1.110223024625E-16,-1.,0.));
#12019 = ORIENTED_EDGE('',*,*,#12020,.T.);
#12020 = EDGE_CURVE('',#12013,#12021,#12023,.T.);
#12021 = VERTEX_POINT('',#12022);
#12022 = CARTESIAN_POINT('',(0.775,1.2,0.9));
#12023 = LINE('',#12024,#12025);
#12024 = CARTESIAN_POINT('',(0.85,1.2,0.9));
#12025 = VECTOR('',#12026,1.);
#12026 = DIRECTION('',(-1.,-1.110223024625E-16,0.));
#12027 = ORIENTED_EDGE('',*,*,#12028,.F.);
#12028 = EDGE_CURVE('',#12029,#12021,#12031,.T.);
#12029 = VERTEX_POINT('',#12030);
#12030 = CARTESIAN_POINT('',(0.775,1.3425,0.9));
#12031 = LINE('',#12032,#12033);
#12032 = CARTESIAN_POINT('',(0.775,1.3425,0.9));
#12033 = VECTOR('',#12034,1.);
#12034 = DIRECTION('',(1.110223024625E-16,-1.,0.));
#12035 = ORIENTED_EDGE('',*,*,#12036,.F.);
#12036 = EDGE_CURVE('',#12037,#12029,#12039,.T.);
#12037 = VERTEX_POINT('',#12038);
#12038 = CARTESIAN_POINT('',(0.6925,1.425,0.9));
#12039 = LINE('',#12040,#12041);
#12040 = CARTESIAN_POINT('',(0.6925,1.425,0.9));
#12041 = VECTOR('',#12042,1.);
#12042 = DIRECTION('',(0.707106781187,-0.707106781187,0.));
#12043 = ORIENTED_EDGE('',*,*,#12044,.F.);
#12044 = EDGE_CURVE('',#12045,#12037,#12047,.T.);
#12045 = VERTEX_POINT('',#12046);
#12046 = CARTESIAN_POINT('',(-0.6925,1.425,0.9));
#12047 = LINE('',#12048,#12049);
#12048 = CARTESIAN_POINT('',(-0.6925,1.425,0.9));
#12049 = VECTOR('',#12050,1.);
#12050 = DIRECTION('',(1.,1.110223024625E-16,0.));
#12051 = ORIENTED_EDGE('',*,*,#12052,.F.);
#12052 = EDGE_CURVE('',#12053,#12045,#12055,.T.);
#12053 = VERTEX_POINT('',#12054);
#12054 = CARTESIAN_POINT('',(-0.775,1.3425,0.9));
#12055 = LINE('',#12056,#12057);
#12056 = CARTESIAN_POINT('',(-0.775,1.3425,0.9));
#12057 = VECTOR('',#12058,1.);
#12058 = DIRECTION('',(0.707106781187,0.707106781187,0.));
#12059 = ORIENTED_EDGE('',*,*,#12060,.F.);
#12060 = EDGE_CURVE('',#12061,#12053,#12063,.T.);
#12061 = VERTEX_POINT('',#12062);
#12062 = CARTESIAN_POINT('',(-0.775,1.2,0.9));
#12063 = LINE('',#12064,#12065);
#12064 = CARTESIAN_POINT('',(-0.775,-1.3425,0.9));
#12065 = VECTOR('',#12066,1.);
#12066 = DIRECTION('',(-1.110223024625E-16,1.,0.));
#12067 = ORIENTED_EDGE('',*,*,#12068,.F.);
#12068 = EDGE_CURVE('',#12069,#12061,#12071,.T.);
#12069 = VERTEX_POINT('',#12070);
#12070 = CARTESIAN_POINT('',(-0.8,1.2,0.9));
#12071 = LINE('',#12072,#12073);
#12072 = CARTESIAN_POINT('',(-0.85,1.2,0.9));
#12073 = VECTOR('',#12074,1.);
#12074 = DIRECTION('',(1.,-1.144237745222E-17,0.));
#12075 = ORIENTED_EDGE('',*,*,#12076,.T.);
#12076 = EDGE_CURVE('',#12069,#12003,#12077,.T.);
#12077 = LINE('',#12078,#12079);
#12078 = CARTESIAN_POINT('',(-0.8,-1.355,0.9));
#12079 = VECTOR('',#12080,1.);
#12080 = DIRECTION('',(-1.110223024625E-16,1.,0.));
#12081 = PLANE('',#12082);
#12082 = AXIS2_PLACEMENT_3D('',#12083,#12084,#12085);
#12083 = CARTESIAN_POINT('',(-2.091417030376E-16,1.4375,0.9));
#12084 = DIRECTION('',(4.595758349624E-18,6.551522493592E-27,-1.));
#12085 = DIRECTION('',(1.,1.51922136901E-16,4.595758349624E-18));
#12086 = ADVANCED_FACE('',(#12087),#12097,.F.);
#12087 = FACE_BOUND('',#12088,.F.);
#12088 = EDGE_LOOP('',(#12089,#12090,#12091,#12092));
#12089 = ORIENTED_EDGE('',*,*,#11769,.T.);
#12090 = ORIENTED_EDGE('',*,*,#11754,.T.);
#12091 = ORIENTED_EDGE('',*,*,#12002,.F.);
#12092 = ORIENTED_EDGE('',*,*,#12093,.F.);
#12093 = EDGE_CURVE('',#11770,#12003,#12094,.T.);
#12094 = B_SPLINE_CURVE_WITH_KNOTS('',1,(#12095,#12096),.UNSPECIFIED.,
  .F.,.F.,(2,2),(0.,1.),.PIECEWISE_BEZIER_KNOTS.);
#12095 = CARTESIAN_POINT('',(-0.8,1.355,0.75));
#12096 = CARTESIAN_POINT('',(-0.8,1.355,0.9));
#12097 = PLANE('',#12098);
#12098 = AXIS2_PLACEMENT_3D('',#12099,#12100,#12101);
#12099 = CARTESIAN_POINT('',(-0.8,1.355,0.9));
#12100 = DIRECTION('',(0.707106781187,-0.707106781187,0.));
#12101 = DIRECTION('',(0.707106781187,0.707106781187,0.));
#12102 = ADVANCED_FACE('',(#12103),#12127,.F.);
#12103 = FACE_BOUND('',#12104,.F.);
#12104 = EDGE_LOOP('',(#12105,#12112,#12113,#12121));
#12105 = ORIENTED_EDGE('',*,*,#12106,.F.);
#12106 = EDGE_CURVE('',#11841,#12107,#12109,.T.);
#12107 = VERTEX_POINT('',#12108);
#12108 = CARTESIAN_POINT('',(-0.8,-1.355,0.9));
#12109 = B_SPLINE_CURVE_WITH_KNOTS('',1,(#12110,#12111),.UNSPECIFIED.,
  .F.,.F.,(2,2),(0.,1.),.PIECEWISE_BEZIER_KNOTS.);
#12110 = CARTESIAN_POINT('',(-0.8,-1.355,0.75));
#12111 = CARTESIAN_POINT('',(-0.8,-1.355,0.9));
#12112 = ORIENTED_EDGE('',*,*,#11840,.T.);
#12113 = ORIENTED_EDGE('',*,*,#12114,.T.);
#12114 = EDGE_CURVE('',#11833,#12115,#12117,.T.);
#12115 = VERTEX_POINT('',#12116);
#12116 = CARTESIAN_POINT('',(-0.8,-1.2,0.9));
#12117 = LINE('',#12118,#12119);
#12118 = CARTESIAN_POINT('',(-0.8,-1.2,0.670847817658));
#12119 = VECTOR('',#12120,1.);
#12120 = DIRECTION('',(0.,0.,1.));
#12121 = ORIENTED_EDGE('',*,*,#12122,.F.);
#12122 = EDGE_CURVE('',#12107,#12115,#12123,.T.);
#12123 = LINE('',#12124,#12125);
#12124 = CARTESIAN_POINT('',(-0.8,-1.355,0.9));
#12125 = VECTOR('',#12126,1.);
#12126 = DIRECTION('',(-1.110223024625E-16,1.,0.));
#12127 = PLANE('',#12128);
#12128 = AXIS2_PLACEMENT_3D('',#12129,#12130,#12131);
#12129 = CARTESIAN_POINT('',(-0.8,-1.355,0.9));
#12130 = DIRECTION('',(1.,1.110223024625E-16,0.));
#12131 = DIRECTION('',(-1.110223024625E-16,1.,0.));
#12132 = ADVANCED_FACE('',(#12133),#12158,.F.);
#12133 = FACE_BOUND('',#12134,.F.);
#12134 = EDGE_LOOP('',(#12135,#12143,#12144,#12152));
#12135 = ORIENTED_EDGE('',*,*,#12136,.F.);
#12136 = EDGE_CURVE('',#11833,#12137,#12139,.T.);
#12137 = VERTEX_POINT('',#12138);
#12138 = CARTESIAN_POINT('',(-0.85,-1.2,0.75));
#12139 = LINE('',#12140,#12141);
#12140 = CARTESIAN_POINT('',(-0.75,-1.2,0.75));
#12141 = VECTOR('',#12142,1.);
#12142 = DIRECTION('',(-1.,1.144237745222E-17,0.));
#12143 = ORIENTED_EDGE('',*,*,#11832,.T.);
#12144 = ORIENTED_EDGE('',*,*,#12145,.T.);
#12145 = EDGE_CURVE('',#11825,#12146,#12148,.T.);
#12146 = VERTEX_POINT('',#12147);
#12147 = CARTESIAN_POINT('',(-0.85,-0.7,0.75));
#12148 = LINE('',#12149,#12150);
#12149 = CARTESIAN_POINT('',(-0.75,-0.7,0.75));
#12150 = VECTOR('',#12151,1.);
#12151 = DIRECTION('',(-1.,1.144237745222E-17,0.));
#12152 = ORIENTED_EDGE('',*,*,#12153,.F.);
#12153 = EDGE_CURVE('',#12137,#12146,#12154,.T.);
#12154 = LINE('',#12155,#12156);
#12155 = CARTESIAN_POINT('',(-0.85,-1.2,0.75));
#12156 = VECTOR('',#12157,1.);
#12157 = DIRECTION('',(1.144237745222E-17,1.,0.));
#12158 = PLANE('',#12159);
#12159 = AXIS2_PLACEMENT_3D('',#12160,#12161,#12162);
#12160 = CARTESIAN_POINT('',(-0.75,-1.2,0.75));
#12161 = DIRECTION('',(0.,0.,1.));
#12162 = DIRECTION('',(-1.,1.144237745222E-17,0.));
#12163 = ADVANCED_FACE('',(#12164),#12189,.F.);
#12164 = FACE_BOUND('',#12165,.F.);
#12165 = EDGE_LOOP('',(#12166,#12174,#12175,#12183));
#12166 = ORIENTED_EDGE('',*,*,#12167,.F.);
#12167 = EDGE_CURVE('',#11825,#12168,#12170,.T.);
#12168 = VERTEX_POINT('',#12169);
#12169 = CARTESIAN_POINT('',(-0.8,-0.7,0.9));
#12170 = LINE('',#12171,#12172);
#12171 = CARTESIAN_POINT('',(-0.8,-0.7,0.670847817658));
#12172 = VECTOR('',#12173,1.);
#12173 = DIRECTION('',(0.,0.,1.));
#12174 = ORIENTED_EDGE('',*,*,#11824,.T.);
#12175 = ORIENTED_EDGE('',*,*,#12176,.T.);
#12176 = EDGE_CURVE('',#11817,#12177,#12179,.T.);
#12177 = VERTEX_POINT('',#12178);
#12178 = CARTESIAN_POINT('',(-0.8,-0.25,0.9));
#12179 = LINE('',#12180,#12181);
#12180 = CARTESIAN_POINT('',(-0.8,-0.25,0.670847817658));
#12181 = VECTOR('',#12182,1.);
#12182 = DIRECTION('',(0.,0.,1.));
#12183 = ORIENTED_EDGE('',*,*,#12184,.F.);
#12184 = EDGE_CURVE('',#12168,#12177,#12185,.T.);
#12185 = LINE('',#12186,#12187);
#12186 = CARTESIAN_POINT('',(-0.8,-1.355,0.9));
#12187 = VECTOR('',#12188,1.);
#12188 = DIRECTION('',(-1.110223024625E-16,1.,0.));
#12189 = PLANE('',#12190);
#12190 = AXIS2_PLACEMENT_3D('',#12191,#12192,#12193);
#12191 = CARTESIAN_POINT('',(-0.8,-1.355,0.9));
#12192 = DIRECTION('',(1.,1.110223024625E-16,0.));
#12193 = DIRECTION('',(-1.110223024625E-16,1.,0.));
#12194 = ADVANCED_FACE('',(#12195),#12220,.F.);
#12195 = FACE_BOUND('',#12196,.F.);
#12196 = EDGE_LOOP('',(#12197,#12205,#12206,#12214));
#12197 = ORIENTED_EDGE('',*,*,#12198,.F.);
#12198 = EDGE_CURVE('',#11817,#12199,#12201,.T.);
#12199 = VERTEX_POINT('',#12200);
#12200 = CARTESIAN_POINT('',(-0.85,-0.25,0.75));
#12201 = LINE('',#12202,#12203);
#12202 = CARTESIAN_POINT('',(-0.75,-0.25,0.75));
#12203 = VECTOR('',#12204,1.);
#12204 = DIRECTION('',(-1.,1.144237745222E-17,0.));
#12205 = ORIENTED_EDGE('',*,*,#11816,.T.);
#12206 = ORIENTED_EDGE('',*,*,#12207,.T.);
#12207 = EDGE_CURVE('',#11809,#12208,#12210,.T.);
#12208 = VERTEX_POINT('',#12209);
#12209 = CARTESIAN_POINT('',(-0.85,0.25,0.75));
#12210 = LINE('',#12211,#12212);
#12211 = CARTESIAN_POINT('',(-0.75,0.25,0.75));
#12212 = VECTOR('',#12213,1.);
#12213 = DIRECTION('',(-1.,1.144237745222E-17,0.));
#12214 = ORIENTED_EDGE('',*,*,#12215,.F.);
#12215 = EDGE_CURVE('',#12199,#12208,#12216,.T.);
#12216 = LINE('',#12217,#12218);
#12217 = CARTESIAN_POINT('',(-0.85,-0.25,0.75));
#12218 = VECTOR('',#12219,1.);
#12219 = DIRECTION('',(1.144237745222E-17,1.,0.));
#12220 = PLANE('',#12221);
#12221 = AXIS2_PLACEMENT_3D('',#12222,#12223,#12224);
#12222 = CARTESIAN_POINT('',(-0.75,-0.25,0.75));
#12223 = DIRECTION('',(0.,0.,1.));
#12224 = DIRECTION('',(-1.,1.144237745222E-17,0.));
#12225 = ADVANCED_FACE('',(#12226),#12251,.F.);
#12226 = FACE_BOUND('',#12227,.F.);
#12227 = EDGE_LOOP('',(#12228,#12236,#12237,#12245));
#12228 = ORIENTED_EDGE('',*,*,#12229,.F.);
#12229 = EDGE_CURVE('',#11809,#12230,#12232,.T.);
#12230 = VERTEX_POINT('',#12231);
#12231 = CARTESIAN_POINT('',(-0.8,0.25,0.9));
#12232 = LINE('',#12233,#12234);
#12233 = CARTESIAN_POINT('',(-0.8,0.25,0.670847817658));
#12234 = VECTOR('',#12235,1.);
#12235 = DIRECTION('',(0.,0.,1.));
#12236 = ORIENTED_EDGE('',*,*,#11808,.T.);
#12237 = ORIENTED_EDGE('',*,*,#12238,.T.);
#12238 = EDGE_CURVE('',#11801,#12239,#12241,.T.);
#12239 = VERTEX_POINT('',#12240);
#12240 = CARTESIAN_POINT('',(-0.8,0.7,0.9));
#12241 = LINE('',#12242,#12243);
#12242 = CARTESIAN_POINT('',(-0.8,0.7,0.670847817658));
#12243 = VECTOR('',#12244,1.);
#12244 = DIRECTION('',(0.,0.,1.));
#12245 = ORIENTED_EDGE('',*,*,#12246,.F.);
#12246 = EDGE_CURVE('',#12230,#12239,#12247,.T.);
#12247 = LINE('',#12248,#12249);
#12248 = CARTESIAN_POINT('',(-0.8,-1.355,0.9));
#12249 = VECTOR('',#12250,1.);
#12250 = DIRECTION('',(-1.110223024625E-16,1.,0.));
#12251 = PLANE('',#12252);
#12252 = AXIS2_PLACEMENT_3D('',#12253,#12254,#12255);
#12253 = CARTESIAN_POINT('',(-0.8,-1.355,0.9));
#12254 = DIRECTION('',(1.,1.110223024625E-16,0.));
#12255 = DIRECTION('',(-1.110223024625E-16,1.,0.));
#12256 = ADVANCED_FACE('',(#12257),#12282,.F.);
#12257 = FACE_BOUND('',#12258,.F.);
#12258 = EDGE_LOOP('',(#12259,#12267,#12268,#12276));
#12259 = ORIENTED_EDGE('',*,*,#12260,.F.);
#12260 = EDGE_CURVE('',#11801,#12261,#12263,.T.);
#12261 = VERTEX_POINT('',#12262);
#12262 = CARTESIAN_POINT('',(-0.85,0.7,0.75));
#12263 = LINE('',#12264,#12265);
#12264 = CARTESIAN_POINT('',(-0.75,0.7,0.75));
#12265 = VECTOR('',#12266,1.);
#12266 = DIRECTION('',(-1.,1.144237745222E-17,0.));
#12267 = ORIENTED_EDGE('',*,*,#11800,.T.);
#12268 = ORIENTED_EDGE('',*,*,#12269,.T.);
#12269 = EDGE_CURVE('',#11793,#12270,#12272,.T.);
#12270 = VERTEX_POINT('',#12271);
#12271 = CARTESIAN_POINT('',(-0.85,1.2,0.75));
#12272 = LINE('',#12273,#12274);
#12273 = CARTESIAN_POINT('',(-0.75,1.2,0.75));
#12274 = VECTOR('',#12275,1.);
#12275 = DIRECTION('',(-1.,1.144237745222E-17,0.));
#12276 = ORIENTED_EDGE('',*,*,#12277,.F.);
#12277 = EDGE_CURVE('',#12261,#12270,#12278,.T.);
#12278 = LINE('',#12279,#12280);
#12279 = CARTESIAN_POINT('',(-0.85,0.7,0.75));
#12280 = VECTOR('',#12281,1.);
#12281 = DIRECTION('',(1.144237745222E-17,1.,0.));
#12282 = PLANE('',#12283);
#12283 = AXIS2_PLACEMENT_3D('',#12284,#12285,#12286);
#12284 = CARTESIAN_POINT('',(-0.75,0.7,0.75));
#12285 = DIRECTION('',(0.,0.,1.));
#12286 = DIRECTION('',(-1.,1.144237745222E-17,0.));
#12287 = ADVANCED_FACE('',(#12288),#12299,.F.);
#12288 = FACE_BOUND('',#12289,.F.);
#12289 = EDGE_LOOP('',(#12290,#12296,#12297,#12298));
#12290 = ORIENTED_EDGE('',*,*,#12291,.F.);
#12291 = EDGE_CURVE('',#11793,#12069,#12292,.T.);
#12292 = LINE('',#12293,#12294);
#12293 = CARTESIAN_POINT('',(-0.8,1.2,0.670847817658));
#12294 = VECTOR('',#12295,1.);
#12295 = DIRECTION('',(0.,0.,1.));
#12296 = ORIENTED_EDGE('',*,*,#11792,.T.);
#12297 = ORIENTED_EDGE('',*,*,#12093,.T.);
#12298 = ORIENTED_EDGE('',*,*,#12076,.F.);
#12299 = PLANE('',#12300);
#12300 = AXIS2_PLACEMENT_3D('',#12301,#12302,#12303);
#12301 = CARTESIAN_POINT('',(-0.8,-1.355,0.9));
#12302 = DIRECTION('',(1.,1.110223024625E-16,0.));
#12303 = DIRECTION('',(-1.110223024625E-16,1.,0.));
#12304 = ADVANCED_FACE('',(#12305),#12316,.F.);
#12305 = FACE_BOUND('',#12306,.F.);
#12306 = EDGE_LOOP('',(#12307,#12308,#12309,#12315));
#12307 = ORIENTED_EDGE('',*,*,#11980,.F.);
#12308 = ORIENTED_EDGE('',*,*,#11901,.T.);
#12309 = ORIENTED_EDGE('',*,*,#12310,.T.);
#12310 = EDGE_CURVE('',#11894,#12013,#12311,.T.);
#12311 = LINE('',#12312,#12313);
#12312 = CARTESIAN_POINT('',(0.8,1.2,0.670847817658));
#12313 = VECTOR('',#12314,1.);
#12314 = DIRECTION('',(0.,0.,1.));
#12315 = ORIENTED_EDGE('',*,*,#12012,.F.);
#12316 = PLANE('',#12317);
#12317 = AXIS2_PLACEMENT_3D('',#12318,#12319,#12320);
#12318 = CARTESIAN_POINT('',(0.8,1.355,0.9));
#12319 = DIRECTION('',(-1.,-1.110223024625E-16,0.));
#12320 = DIRECTION('',(1.110223024625E-16,-1.,0.));
#12321 = ADVANCED_FACE('',(#12322),#12347,.F.);
#12322 = FACE_BOUND('',#12323,.F.);
#12323 = EDGE_LOOP('',(#12324,#12332,#12333,#12341));
#12324 = ORIENTED_EDGE('',*,*,#12325,.F.);
#12325 = EDGE_CURVE('',#11894,#12326,#12328,.T.);
#12326 = VERTEX_POINT('',#12327);
#12327 = CARTESIAN_POINT('',(0.85,1.2,0.75));
#12328 = LINE('',#12329,#12330);
#12329 = CARTESIAN_POINT('',(0.75,1.2,0.75));
#12330 = VECTOR('',#12331,1.);
#12331 = DIRECTION('',(1.,1.110223024625E-16,0.));
#12332 = ORIENTED_EDGE('',*,*,#11893,.T.);
#12333 = ORIENTED_EDGE('',*,*,#12334,.T.);
#12334 = EDGE_CURVE('',#11886,#12335,#12337,.T.);
#12335 = VERTEX_POINT('',#12336);
#12336 = CARTESIAN_POINT('',(0.85,0.7,0.75));
#12337 = LINE('',#12338,#12339);
#12338 = CARTESIAN_POINT('',(0.75,0.7,0.75));
#12339 = VECTOR('',#12340,1.);
#12340 = DIRECTION('',(1.,1.110223024625E-16,0.));
#12341 = ORIENTED_EDGE('',*,*,#12342,.F.);
#12342 = EDGE_CURVE('',#12326,#12335,#12343,.T.);
#12343 = LINE('',#12344,#12345);
#12344 = CARTESIAN_POINT('',(0.85,1.2,0.75));
#12345 = VECTOR('',#12346,1.);
#12346 = DIRECTION('',(1.110223024625E-16,-1.,0.));
#12347 = PLANE('',#12348);
#12348 = AXIS2_PLACEMENT_3D('',#12349,#12350,#12351);
#12349 = CARTESIAN_POINT('',(0.75,1.2,0.75));
#12350 = DIRECTION('',(0.,0.,1.));
#12351 = DIRECTION('',(1.,1.110223024625E-16,-0.));
#12352 = ADVANCED_FACE('',(#12353),#12378,.F.);
#12353 = FACE_BOUND('',#12354,.F.);
#12354 = EDGE_LOOP('',(#12355,#12363,#12364,#12372));
#12355 = ORIENTED_EDGE('',*,*,#12356,.F.);
#12356 = EDGE_CURVE('',#11886,#12357,#12359,.T.);
#12357 = VERTEX_POINT('',#12358);
#12358 = CARTESIAN_POINT('',(0.8,0.7,0.9));
#12359 = LINE('',#12360,#12361);
#12360 = CARTESIAN_POINT('',(0.8,0.7,0.670847817658));
#12361 = VECTOR('',#12362,1.);
#12362 = DIRECTION('',(0.,0.,1.));
#12363 = ORIENTED_EDGE('',*,*,#11885,.T.);
#12364 = ORIENTED_EDGE('',*,*,#12365,.T.);
#12365 = EDGE_CURVE('',#11878,#12366,#12368,.T.);
#12366 = VERTEX_POINT('',#12367);
#12367 = CARTESIAN_POINT('',(0.8,-0.7,0.9));
#12368 = LINE('',#12369,#12370);
#12369 = CARTESIAN_POINT('',(0.8,-0.7,0.670847817658));
#12370 = VECTOR('',#12371,1.);
#12371 = DIRECTION('',(0.,0.,1.));
#12372 = ORIENTED_EDGE('',*,*,#12373,.F.);
#12373 = EDGE_CURVE('',#12357,#12366,#12374,.T.);
#12374 = LINE('',#12375,#12376);
#12375 = CARTESIAN_POINT('',(0.8,1.355,0.9));
#12376 = VECTOR('',#12377,1.);
#12377 = DIRECTION('',(1.110223024625E-16,-1.,0.));
#12378 = PLANE('',#12379);
#12379 = AXIS2_PLACEMENT_3D('',#12380,#12381,#12382);
#12380 = CARTESIAN_POINT('',(0.8,1.355,0.9));
#12381 = DIRECTION('',(-1.,-1.110223024625E-16,0.));
#12382 = DIRECTION('',(1.110223024625E-16,-1.,0.));
#12383 = ADVANCED_FACE('',(#12384),#12409,.F.);
#12384 = FACE_BOUND('',#12385,.F.);
#12385 = EDGE_LOOP('',(#12386,#12394,#12395,#12403));
#12386 = ORIENTED_EDGE('',*,*,#12387,.F.);
#12387 = EDGE_CURVE('',#11878,#12388,#12390,.T.);
#12388 = VERTEX_POINT('',#12389);
#12389 = CARTESIAN_POINT('',(0.85,-0.7,0.75));
#12390 = LINE('',#12391,#12392);
#12391 = CARTESIAN_POINT('',(0.75,-0.7,0.75));
#12392 = VECTOR('',#12393,1.);
#12393 = DIRECTION('',(1.,1.110223024625E-16,0.));
#12394 = ORIENTED_EDGE('',*,*,#11877,.T.);
#12395 = ORIENTED_EDGE('',*,*,#12396,.T.);
#12396 = EDGE_CURVE('',#11870,#12397,#12399,.T.);
#12397 = VERTEX_POINT('',#12398);
#12398 = CARTESIAN_POINT('',(0.85,-1.2,0.75));
#12399 = LINE('',#12400,#12401);
#12400 = CARTESIAN_POINT('',(0.75,-1.2,0.75));
#12401 = VECTOR('',#12402,1.);
#12402 = DIRECTION('',(1.,1.110223024625E-16,0.));
#12403 = ORIENTED_EDGE('',*,*,#12404,.F.);
#12404 = EDGE_CURVE('',#12388,#12397,#12405,.T.);
#12405 = LINE('',#12406,#12407);
#12406 = CARTESIAN_POINT('',(0.85,-0.7,0.75));
#12407 = VECTOR('',#12408,1.);
#12408 = DIRECTION('',(1.110223024625E-16,-1.,0.));
#12409 = PLANE('',#12410);
#12410 = AXIS2_PLACEMENT_3D('',#12411,#12412,#12413);
#12411 = CARTESIAN_POINT('',(0.75,-0.7,0.75));
#12412 = DIRECTION('',(0.,0.,1.));
#12413 = DIRECTION('',(1.,1.110223024625E-16,-0.));
#12414 = ADVANCED_FACE('',(#12415),#12439,.F.);
#12415 = FACE_BOUND('',#12416,.F.);
#12416 = EDGE_LOOP('',(#12417,#12425,#12426,#12433));
#12417 = ORIENTED_EDGE('',*,*,#12418,.F.);
#12418 = EDGE_CURVE('',#11870,#12419,#12421,.T.);
#12419 = VERTEX_POINT('',#12420);
#12420 = CARTESIAN_POINT('',(0.8,-1.2,0.9));
#12421 = LINE('',#12422,#12423);
#12422 = CARTESIAN_POINT('',(0.8,-1.2,0.670847817658));
#12423 = VECTOR('',#12424,1.);
#12424 = DIRECTION('',(0.,0.,1.));
#12425 = ORIENTED_EDGE('',*,*,#11869,.T.);
#12426 = ORIENTED_EDGE('',*,*,#12427,.T.);
#12427 = EDGE_CURVE('',#11863,#12428,#12430,.T.);
#12428 = VERTEX_POINT('',#12429);
#12429 = CARTESIAN_POINT('',(0.8,-1.355,0.9));
#12430 = B_SPLINE_CURVE_WITH_KNOTS('',1,(#12431,#12432),.UNSPECIFIED.,
  .F.,.F.,(2,2),(0.,1.),.PIECEWISE_BEZIER_KNOTS.);
#12431 = CARTESIAN_POINT('',(0.8,-1.355,0.75));
#12432 = CARTESIAN_POINT('',(0.8,-1.355,0.9));
#12433 = ORIENTED_EDGE('',*,*,#12434,.F.);
#12434 = EDGE_CURVE('',#12419,#12428,#12435,.T.);
#12435 = LINE('',#12436,#12437);
#12436 = CARTESIAN_POINT('',(0.8,1.355,0.9));
#12437 = VECTOR('',#12438,1.);
#12438 = DIRECTION('',(1.110223024625E-16,-1.,0.));
#12439 = PLANE('',#12440);
#12440 = AXIS2_PLACEMENT_3D('',#12441,#12442,#12443);
#12441 = CARTESIAN_POINT('',(0.8,1.355,0.9));
#12442 = DIRECTION('',(-1.,-1.110223024625E-16,0.));
#12443 = DIRECTION('',(1.110223024625E-16,-1.,0.));
#12444 = ADVANCED_FACE('',(#12445),#12462,.F.);
#12445 = FACE_BOUND('',#12446,.F.);
#12446 = EDGE_LOOP('',(#12447,#12448,#12449,#12457));
#12447 = ORIENTED_EDGE('',*,*,#11918,.T.);
#12448 = ORIENTED_EDGE('',*,*,#12106,.T.);
#12449 = ORIENTED_EDGE('',*,*,#12450,.F.);
#12450 = EDGE_CURVE('',#12451,#12107,#12453,.T.);
#12451 = VERTEX_POINT('',#12452);
#12452 = CARTESIAN_POINT('',(-0.705,-1.45,0.9));
#12453 = LINE('',#12454,#12455);
#12454 = CARTESIAN_POINT('',(-0.705,-1.45,0.9));
#12455 = VECTOR('',#12456,1.);
#12456 = DIRECTION('',(-0.707106781187,0.707106781187,0.));
#12457 = ORIENTED_EDGE('',*,*,#12458,.F.);
#12458 = EDGE_CURVE('',#11919,#12451,#12459,.T.);
#12459 = B_SPLINE_CURVE_WITH_KNOTS('',1,(#12460,#12461),.UNSPECIFIED.,
  .F.,.F.,(2,2),(0.,1.),.PIECEWISE_BEZIER_KNOTS.);
#12460 = CARTESIAN_POINT('',(-0.705,-1.45,0.75));
#12461 = CARTESIAN_POINT('',(-0.705,-1.45,0.9));
#12462 = PLANE('',#12463);
#12463 = AXIS2_PLACEMENT_3D('',#12464,#12465,#12466);
#12464 = CARTESIAN_POINT('',(-0.705,-1.45,0.9));
#12465 = DIRECTION('',(0.707106781187,0.707106781187,0.));
#12466 = DIRECTION('',(-0.707106781187,0.707106781187,0.));
#12467 = ADVANCED_FACE('',(#12468),#12485,.F.);
#12468 = FACE_BOUND('',#12469,.F.);
#12469 = EDGE_LOOP('',(#12470,#12471,#12478,#12484));
#12470 = ORIENTED_EDGE('',*,*,#11947,.T.);
#12471 = ORIENTED_EDGE('',*,*,#12472,.T.);
#12472 = EDGE_CURVE('',#11941,#12473,#12475,.T.);
#12473 = VERTEX_POINT('',#12474);
#12474 = CARTESIAN_POINT('',(0.705,-1.45,0.9));
#12475 = B_SPLINE_CURVE_WITH_KNOTS('',1,(#12476,#12477),.UNSPECIFIED.,
  .F.,.F.,(2,2),(0.,1.),.PIECEWISE_BEZIER_KNOTS.);
#12476 = CARTESIAN_POINT('',(0.705,-1.45,0.75));
#12477 = CARTESIAN_POINT('',(0.705,-1.45,0.9));
#12478 = ORIENTED_EDGE('',*,*,#12479,.F.);
#12479 = EDGE_CURVE('',#12428,#12473,#12480,.T.);
#12480 = LINE('',#12481,#12482);
#12481 = CARTESIAN_POINT('',(0.8,-1.355,0.9));
#12482 = VECTOR('',#12483,1.);
#12483 = DIRECTION('',(-0.707106781187,-0.707106781187,0.));
#12484 = ORIENTED_EDGE('',*,*,#12427,.F.);
#12485 = PLANE('',#12486);
#12486 = AXIS2_PLACEMENT_3D('',#12487,#12488,#12489);
#12487 = CARTESIAN_POINT('',(0.8,-1.355,0.9));
#12488 = DIRECTION('',(-0.707106781187,0.707106781187,0.));
#12489 = DIRECTION('',(-0.707106781187,-0.707106781187,0.));
#12490 = ADVANCED_FACE('',(#12491),#12502,.F.);
#12491 = FACE_BOUND('',#12492,.F.);
#12492 = EDGE_LOOP('',(#12493,#12494,#12495,#12501));
#12493 = ORIENTED_EDGE('',*,*,#11964,.T.);
#12494 = ORIENTED_EDGE('',*,*,#12458,.T.);
#12495 = ORIENTED_EDGE('',*,*,#12496,.F.);
#12496 = EDGE_CURVE('',#12473,#12451,#12497,.T.);
#12497 = LINE('',#12498,#12499);
#12498 = CARTESIAN_POINT('',(0.705,-1.45,0.9));
#12499 = VECTOR('',#12500,1.);
#12500 = DIRECTION('',(-1.,-1.110223024625E-16,0.));
#12501 = ORIENTED_EDGE('',*,*,#12472,.F.);
#12502 = PLANE('',#12503);
#12503 = AXIS2_PLACEMENT_3D('',#12504,#12505,#12506);
#12504 = CARTESIAN_POINT('',(0.705,-1.45,0.9));
#12505 = DIRECTION('',(-1.110223024625E-16,1.,0.));
#12506 = DIRECTION('',(-1.,-1.110223024625E-16,0.));
#12507 = ADVANCED_FACE('',(#12508),#12547,.F.);
#12508 = FACE_BOUND('',#12509,.F.);
#12509 = EDGE_LOOP('',(#12510,#12518,#12526,#12532,#12533,#12541));
#12510 = ORIENTED_EDGE('',*,*,#12511,.F.);
#12511 = EDGE_CURVE('',#12512,#12239,#12514,.T.);
#12512 = VERTEX_POINT('',#12513);
#12513 = CARTESIAN_POINT('',(-0.85,0.7,0.9));
#12514 = LINE('',#12515,#12516);
#12515 = CARTESIAN_POINT('',(-0.85,0.7,0.9));
#12516 = VECTOR('',#12517,1.);
#12517 = DIRECTION('',(1.,-1.144237745222E-17,0.));
#12518 = ORIENTED_EDGE('',*,*,#12519,.T.);
#12519 = EDGE_CURVE('',#12512,#12520,#12522,.T.);
#12520 = VERTEX_POINT('',#12521);
#12521 = CARTESIAN_POINT('',(-0.85,1.2,0.9));
#12522 = LINE('',#12523,#12524);
#12523 = CARTESIAN_POINT('',(-0.85,0.7,0.9));
#12524 = VECTOR('',#12525,1.);
#12525 = DIRECTION('',(1.144237745222E-17,1.,0.));
#12526 = ORIENTED_EDGE('',*,*,#12527,.T.);
#12527 = EDGE_CURVE('',#12520,#12069,#12528,.T.);
#12528 = LINE('',#12529,#12530);
#12529 = CARTESIAN_POINT('',(-0.85,1.2,0.9));
#12530 = VECTOR('',#12531,1.);
#12531 = DIRECTION('',(1.,-1.144237745222E-17,0.));
#12532 = ORIENTED_EDGE('',*,*,#12068,.T.);
#12533 = ORIENTED_EDGE('',*,*,#12534,.F.);
#12534 = EDGE_CURVE('',#12535,#12061,#12537,.T.);
#12535 = VERTEX_POINT('',#12536);
#12536 = CARTESIAN_POINT('',(-0.775,0.7,0.9));
#12537 = LINE('',#12538,#12539);
#12538 = CARTESIAN_POINT('',(-0.775,-1.3425,0.9));
#12539 = VECTOR('',#12540,1.);
#12540 = DIRECTION('',(-1.110223024625E-16,1.,0.));
#12541 = ORIENTED_EDGE('',*,*,#12542,.F.);
#12542 = EDGE_CURVE('',#12239,#12535,#12543,.T.);
#12543 = LINE('',#12544,#12545);
#12544 = CARTESIAN_POINT('',(-0.85,0.7,0.9));
#12545 = VECTOR('',#12546,1.);
#12546 = DIRECTION('',(1.,-1.144237745222E-17,0.));
#12547 = PLANE('',#12548);
#12548 = AXIS2_PLACEMENT_3D('',#12549,#12550,#12551);
#12549 = CARTESIAN_POINT('',(-0.85,0.7,0.9));
#12550 = DIRECTION('',(0.,0.,-1.));
#12551 = DIRECTION('',(1.,-1.144237745222E-17,0.));
#12552 = ADVANCED_FACE('',(#12553),#12617,.F.);
#12553 = FACE_BOUND('',#12554,.F.);
#12554 = EDGE_LOOP('',(#12555,#12565,#12573,#12581,#12589,#12595,#12596,
    #12597,#12604,#12612));
#12555 = ORIENTED_EDGE('',*,*,#12556,.T.);
#12556 = EDGE_CURVE('',#12557,#12559,#12561,.T.);
#12557 = VERTEX_POINT('',#12558);
#12558 = CARTESIAN_POINT('',(-0.775,-1.3425,0.9));
#12559 = VERTEX_POINT('',#12560);
#12560 = CARTESIAN_POINT('',(-0.775,-1.2,0.9));
#12561 = LINE('',#12562,#12563);
#12562 = CARTESIAN_POINT('',(-0.775,-1.3425,0.9));
#12563 = VECTOR('',#12564,1.);
#12564 = DIRECTION('',(-1.110223024625E-16,1.,0.));
#12565 = ORIENTED_EDGE('',*,*,#12566,.T.);
#12566 = EDGE_CURVE('',#12559,#12567,#12569,.T.);
#12567 = VERTEX_POINT('',#12568);
#12568 = CARTESIAN_POINT('',(-0.775,-0.7,0.9));
#12569 = LINE('',#12570,#12571);
#12570 = CARTESIAN_POINT('',(-0.775,-1.3425,0.9));
#12571 = VECTOR('',#12572,1.);
#12572 = DIRECTION('',(-1.110223024625E-16,1.,0.));
#12573 = ORIENTED_EDGE('',*,*,#12574,.T.);
#12574 = EDGE_CURVE('',#12567,#12575,#12577,.T.);
#12575 = VERTEX_POINT('',#12576);
#12576 = CARTESIAN_POINT('',(-0.775,-0.25,0.9));
#12577 = LINE('',#12578,#12579);
#12578 = CARTESIAN_POINT('',(-0.775,-1.3425,0.9));
#12579 = VECTOR('',#12580,1.);
#12580 = DIRECTION('',(-1.110223024625E-16,1.,0.));
#12581 = ORIENTED_EDGE('',*,*,#12582,.T.);
#12582 = EDGE_CURVE('',#12575,#12583,#12585,.T.);
#12583 = VERTEX_POINT('',#12584);
#12584 = CARTESIAN_POINT('',(-0.775,0.25,0.9));
#12585 = LINE('',#12586,#12587);
#12586 = CARTESIAN_POINT('',(-0.775,-1.3425,0.9));
#12587 = VECTOR('',#12588,1.);
#12588 = DIRECTION('',(-1.110223024625E-16,1.,0.));
#12589 = ORIENTED_EDGE('',*,*,#12590,.T.);
#12590 = EDGE_CURVE('',#12583,#12535,#12591,.T.);
#12591 = LINE('',#12592,#12593);
#12592 = CARTESIAN_POINT('',(-0.775,-1.3425,0.9));
#12593 = VECTOR('',#12594,1.);
#12594 = DIRECTION('',(-1.110223024625E-16,1.,0.));
#12595 = ORIENTED_EDGE('',*,*,#12534,.T.);
#12596 = ORIENTED_EDGE('',*,*,#12060,.T.);
#12597 = ORIENTED_EDGE('',*,*,#12598,.T.);
#12598 = EDGE_CURVE('',#12053,#12599,#12601,.T.);
#12599 = VERTEX_POINT('',#12600);
#12600 = CARTESIAN_POINT('',(-0.683648457443,1.296824228722,1.55));
#12601 = B_SPLINE_CURVE_WITH_KNOTS('',1,(#12602,#12603),.UNSPECIFIED.,
  .F.,.F.,(2,2),(0.,1.),.PIECEWISE_BEZIER_KNOTS.);
#12602 = CARTESIAN_POINT('',(-0.775,1.3425,0.9));
#12603 = CARTESIAN_POINT('',(-0.683648457443,1.296824228722,1.55));
#12604 = ORIENTED_EDGE('',*,*,#12605,.F.);
#12605 = EDGE_CURVE('',#12606,#12599,#12608,.T.);
#12606 = VERTEX_POINT('',#12607);
#12607 = CARTESIAN_POINT('',(-0.683648457443,-1.296824228722,1.55));
#12608 = LINE('',#12609,#12610);
#12609 = CARTESIAN_POINT('',(-0.683648457443,-1.296824228722,1.55));
#12610 = VECTOR('',#12611,1.);
#12611 = DIRECTION('',(-1.110223024625E-16,1.,0.));
#12612 = ORIENTED_EDGE('',*,*,#12613,.F.);
#12613 = EDGE_CURVE('',#12557,#12606,#12614,.T.);
#12614 = B_SPLINE_CURVE_WITH_KNOTS('',1,(#12615,#12616),.UNSPECIFIED.,
  .F.,.F.,(2,2),(0.,1.),.PIECEWISE_BEZIER_KNOTS.);
#12615 = CARTESIAN_POINT('',(-0.775,-1.3425,0.9));
#12616 = CARTESIAN_POINT('',(-0.683648457443,-1.296824228722,1.55));
#12617 = B_SPLINE_SURFACE_WITH_KNOTS('',1,1,(
    (#12618,#12619)
    ,(#12620,#12621
    )),.UNSPECIFIED.,.F.,.F.,.F.,(2,2),(2,2),(0.,2.685),(0.,1.),
  .PIECEWISE_BEZIER_KNOTS.);
#12618 = CARTESIAN_POINT('',(-0.775,-1.3425,0.9));
#12619 = CARTESIAN_POINT('',(-0.683648457443,-1.296824228722,1.55));
#12620 = CARTESIAN_POINT('',(-0.775,1.3425,0.9));
#12621 = CARTESIAN_POINT('',(-0.683648457443,1.296824228722,1.55));
#12622 = ADVANCED_FACE('',(#12623),#12640,.F.);
#12623 = FACE_BOUND('',#12624,.F.);
#12624 = EDGE_LOOP('',(#12625,#12626,#12633,#12639));
#12625 = ORIENTED_EDGE('',*,*,#12052,.T.);
#12626 = ORIENTED_EDGE('',*,*,#12627,.T.);
#12627 = EDGE_CURVE('',#12045,#12628,#12630,.T.);
#12628 = VERTEX_POINT('',#12629);
#12629 = CARTESIAN_POINT('',(-0.646824228722,1.333648457443,1.55));
#12630 = B_SPLINE_CURVE_WITH_KNOTS('',1,(#12631,#12632),.UNSPECIFIED.,
  .F.,.F.,(2,2),(0.,1.),.PIECEWISE_BEZIER_KNOTS.);
#12631 = CARTESIAN_POINT('',(-0.6925,1.425,0.9));
#12632 = CARTESIAN_POINT('',(-0.646824228722,1.333648457443,1.55));
#12633 = ORIENTED_EDGE('',*,*,#12634,.F.);
#12634 = EDGE_CURVE('',#12599,#12628,#12635,.T.);
#12635 = LINE('',#12636,#12637);
#12636 = CARTESIAN_POINT('',(-0.683648457443,1.296824228722,1.55));
#12637 = VECTOR('',#12638,1.);
#12638 = DIRECTION('',(0.707106781187,0.707106781187,0.));
#12639 = ORIENTED_EDGE('',*,*,#12598,.F.);
#12640 = B_SPLINE_SURFACE_WITH_KNOTS('',1,1,(
    (#12641,#12642)
    ,(#12643,#12644
    )),.UNSPECIFIED.,.F.,.F.,.F.,(2,2),(2,2),(0.,0.116672618896),(0.,1.)
  ,.PIECEWISE_BEZIER_KNOTS.);
#12641 = CARTESIAN_POINT('',(-0.775,1.3425,0.9));
#12642 = CARTESIAN_POINT('',(-0.683648457443,1.296824228722,1.55));
#12643 = CARTESIAN_POINT('',(-0.6925,1.425,0.9));
#12644 = CARTESIAN_POINT('',(-0.646824228722,1.333648457443,1.55));
#12645 = ADVANCED_FACE('',(#12646),#12663,.F.);
#12646 = FACE_BOUND('',#12647,.F.);
#12647 = EDGE_LOOP('',(#12648,#12649,#12656,#12662));
#12648 = ORIENTED_EDGE('',*,*,#12044,.T.);
#12649 = ORIENTED_EDGE('',*,*,#12650,.T.);
#12650 = EDGE_CURVE('',#12037,#12651,#12653,.T.);
#12651 = VERTEX_POINT('',#12652);
#12652 = CARTESIAN_POINT('',(0.646824228722,1.333648457443,1.55));
#12653 = B_SPLINE_CURVE_WITH_KNOTS('',1,(#12654,#12655),.UNSPECIFIED.,
  .F.,.F.,(2,2),(0.,1.),.PIECEWISE_BEZIER_KNOTS.);
#12654 = CARTESIAN_POINT('',(0.6925,1.425,0.9));
#12655 = CARTESIAN_POINT('',(0.646824228722,1.333648457443,1.55));
#12656 = ORIENTED_EDGE('',*,*,#12657,.F.);
#12657 = EDGE_CURVE('',#12628,#12651,#12658,.T.);
#12658 = LINE('',#12659,#12660);
#12659 = CARTESIAN_POINT('',(-0.646824228722,1.333648457443,1.55));
#12660 = VECTOR('',#12661,1.);
#12661 = DIRECTION('',(1.,1.110223024625E-16,0.));
#12662 = ORIENTED_EDGE('',*,*,#12627,.F.);
#12663 = B_SPLINE_SURFACE_WITH_KNOTS('',1,1,(
    (#12664,#12665)
    ,(#12666,#12667
    )),.UNSPECIFIED.,.F.,.F.,.F.,(2,2),(2,2),(0.,1.385),(0.,1.),
  .PIECEWISE_BEZIER_KNOTS.);
#12664 = CARTESIAN_POINT('',(-0.6925,1.425,0.9));
#12665 = CARTESIAN_POINT('',(-0.646824228722,1.333648457443,1.55));
#12666 = CARTESIAN_POINT('',(0.6925,1.425,0.9));
#12667 = CARTESIAN_POINT('',(0.646824228722,1.333648457443,1.55));
#12668 = ADVANCED_FACE('',(#12669),#12686,.F.);
#12669 = FACE_BOUND('',#12670,.F.);
#12670 = EDGE_LOOP('',(#12671,#12672,#12679,#12685));
#12671 = ORIENTED_EDGE('',*,*,#12036,.T.);
#12672 = ORIENTED_EDGE('',*,*,#12673,.T.);
#12673 = EDGE_CURVE('',#12029,#12674,#12676,.T.);
#12674 = VERTEX_POINT('',#12675);
#12675 = CARTESIAN_POINT('',(0.683648457443,1.296824228722,1.55));
#12676 = B_SPLINE_CURVE_WITH_KNOTS('',1,(#12677,#12678),.UNSPECIFIED.,
  .F.,.F.,(2,2),(0.,1.),.PIECEWISE_BEZIER_KNOTS.);
#12677 = CARTESIAN_POINT('',(0.775,1.3425,0.9));
#12678 = CARTESIAN_POINT('',(0.683648457443,1.296824228722,1.55));
#12679 = ORIENTED_EDGE('',*,*,#12680,.F.);
#12680 = EDGE_CURVE('',#12651,#12674,#12681,.T.);
#12681 = LINE('',#12682,#12683);
#12682 = CARTESIAN_POINT('',(0.646824228722,1.333648457443,1.55));
#12683 = VECTOR('',#12684,1.);
#12684 = DIRECTION('',(0.707106781187,-0.707106781187,0.));
#12685 = ORIENTED_EDGE('',*,*,#12650,.F.);
#12686 = B_SPLINE_SURFACE_WITH_KNOTS('',1,1,(
    (#12687,#12688)
    ,(#12689,#12690
    )),.UNSPECIFIED.,.F.,.F.,.F.,(2,2),(2,2),(0.,0.116672618896),(0.,1.)
  ,.PIECEWISE_BEZIER_KNOTS.);
#12687 = CARTESIAN_POINT('',(0.6925,1.425,0.9));
#12688 = CARTESIAN_POINT('',(0.646824228722,1.333648457443,1.55));
#12689 = CARTESIAN_POINT('',(0.775,1.3425,0.9));
#12690 = CARTESIAN_POINT('',(0.683648457443,1.296824228722,1.55));
#12691 = ADVANCED_FACE('',(#12692),#12741,.F.);
#12692 = FACE_BOUND('',#12693,.F.);
#12693 = EDGE_LOOP('',(#12694,#12695,#12703,#12711,#12719,#12727,#12734,
    #12740));
#12694 = ORIENTED_EDGE('',*,*,#12028,.T.);
#12695 = ORIENTED_EDGE('',*,*,#12696,.T.);
#12696 = EDGE_CURVE('',#12021,#12697,#12699,.T.);
#12697 = VERTEX_POINT('',#12698);
#12698 = CARTESIAN_POINT('',(0.775,0.7,0.9));
#12699 = LINE('',#12700,#12701);
#12700 = CARTESIAN_POINT('',(0.775,1.3425,0.9));
#12701 = VECTOR('',#12702,1.);
#12702 = DIRECTION('',(1.110223024625E-16,-1.,0.));
#12703 = ORIENTED_EDGE('',*,*,#12704,.T.);
#12704 = EDGE_CURVE('',#12697,#12705,#12707,.T.);
#12705 = VERTEX_POINT('',#12706);
#12706 = CARTESIAN_POINT('',(0.775,-0.7,0.9));
#12707 = LINE('',#12708,#12709);
#12708 = CARTESIAN_POINT('',(0.775,1.3425,0.9));
#12709 = VECTOR('',#12710,1.);
#12710 = DIRECTION('',(1.110223024625E-16,-1.,0.));
#12711 = ORIENTED_EDGE('',*,*,#12712,.T.);
#12712 = EDGE_CURVE('',#12705,#12713,#12715,.T.);
#12713 = VERTEX_POINT('',#12714);
#12714 = CARTESIAN_POINT('',(0.775,-1.2,0.9));
#12715 = LINE('',#12716,#12717);
#12716 = CARTESIAN_POINT('',(0.775,1.3425,0.9));
#12717 = VECTOR('',#12718,1.);
#12718 = DIRECTION('',(1.110223024625E-16,-1.,0.));
#12719 = ORIENTED_EDGE('',*,*,#12720,.T.);
#12720 = EDGE_CURVE('',#12713,#12721,#12723,.T.);
#12721 = VERTEX_POINT('',#12722);
#12722 = CARTESIAN_POINT('',(0.775,-1.3425,0.9));
#12723 = LINE('',#12724,#12725);
#12724 = CARTESIAN_POINT('',(0.775,1.3425,0.9));
#12725 = VECTOR('',#12726,1.);
#12726 = DIRECTION('',(1.110223024625E-16,-1.,0.));
#12727 = ORIENTED_EDGE('',*,*,#12728,.T.);
#12728 = EDGE_CURVE('',#12721,#12729,#12731,.T.);
#12729 = VERTEX_POINT('',#12730);
#12730 = CARTESIAN_POINT('',(0.683648457443,-1.296824228722,1.55));
#12731 = B_SPLINE_CURVE_WITH_KNOTS('',1,(#12732,#12733),.UNSPECIFIED.,
  .F.,.F.,(2,2),(0.,1.),.PIECEWISE_BEZIER_KNOTS.);
#12732 = CARTESIAN_POINT('',(0.775,-1.3425,0.9));
#12733 = CARTESIAN_POINT('',(0.683648457443,-1.296824228722,1.55));
#12734 = ORIENTED_EDGE('',*,*,#12735,.F.);
#12735 = EDGE_CURVE('',#12674,#12729,#12736,.T.);
#12736 = LINE('',#12737,#12738);
#12737 = CARTESIAN_POINT('',(0.683648457443,1.296824228722,1.55));
#12738 = VECTOR('',#12739,1.);
#12739 = DIRECTION('',(1.110223024625E-16,-1.,0.));
#12740 = ORIENTED_EDGE('',*,*,#12673,.F.);
#12741 = B_SPLINE_SURFACE_WITH_KNOTS('',1,1,(
    (#12742,#12743)
    ,(#12744,#12745
    )),.UNSPECIFIED.,.F.,.F.,.F.,(2,2),(2,2),(0.,2.685),(0.,1.),
  .PIECEWISE_BEZIER_KNOTS.);
#12742 = CARTESIAN_POINT('',(0.775,1.3425,0.9));
#12743 = CARTESIAN_POINT('',(0.683648457443,1.296824228722,1.55));
#12744 = CARTESIAN_POINT('',(0.775,-1.3425,0.9));
#12745 = CARTESIAN_POINT('',(0.683648457443,-1.296824228722,1.55));
#12746 = ADVANCED_FACE('',(#12747),#12779,.F.);
#12747 = FACE_BOUND('',#12748,.F.);
#12748 = EDGE_LOOP('',(#12749,#12757,#12765,#12771,#12777,#12778));
#12749 = ORIENTED_EDGE('',*,*,#12750,.F.);
#12750 = EDGE_CURVE('',#12751,#12013,#12753,.T.);
#12751 = VERTEX_POINT('',#12752);
#12752 = CARTESIAN_POINT('',(0.85,1.2,0.9));
#12753 = LINE('',#12754,#12755);
#12754 = CARTESIAN_POINT('',(0.85,1.2,0.9));
#12755 = VECTOR('',#12756,1.);
#12756 = DIRECTION('',(-1.,-1.110223024625E-16,0.));
#12757 = ORIENTED_EDGE('',*,*,#12758,.T.);
#12758 = EDGE_CURVE('',#12751,#12759,#12761,.T.);
#12759 = VERTEX_POINT('',#12760);
#12760 = CARTESIAN_POINT('',(0.85,0.7,0.9));
#12761 = LINE('',#12762,#12763);
#12762 = CARTESIAN_POINT('',(0.85,1.2,0.9));
#12763 = VECTOR('',#12764,1.);
#12764 = DIRECTION('',(1.110223024625E-16,-1.,0.));
#12765 = ORIENTED_EDGE('',*,*,#12766,.T.);
#12766 = EDGE_CURVE('',#12759,#12357,#12767,.T.);
#12767 = LINE('',#12768,#12769);
#12768 = CARTESIAN_POINT('',(0.85,0.7,0.9));
#12769 = VECTOR('',#12770,1.);
#12770 = DIRECTION('',(-1.,-1.110223024625E-16,0.));
#12771 = ORIENTED_EDGE('',*,*,#12772,.T.);
#12772 = EDGE_CURVE('',#12357,#12697,#12773,.T.);
#12773 = LINE('',#12774,#12775);
#12774 = CARTESIAN_POINT('',(0.85,0.7,0.9));
#12775 = VECTOR('',#12776,1.);
#12776 = DIRECTION('',(-1.,-1.110223024625E-16,0.));
#12777 = ORIENTED_EDGE('',*,*,#12696,.F.);
#12778 = ORIENTED_EDGE('',*,*,#12020,.F.);
#12779 = PLANE('',#12780);
#12780 = AXIS2_PLACEMENT_3D('',#12781,#12782,#12783);
#12781 = CARTESIAN_POINT('',(0.85,1.2,0.9));
#12782 = DIRECTION('',(0.,0.,-1.));
#12783 = DIRECTION('',(-1.,-1.110223024625E-16,-0.));
#12784 = ADVANCED_FACE('',(#12785),#12828,.F.);
#12785 = FACE_BOUND('',#12786,.F.);
#12786 = EDGE_LOOP('',(#12787,#12793,#12794,#12795,#12796,#12797,#12798,
    #12804,#12805,#12813,#12821,#12827));
#12787 = ORIENTED_EDGE('',*,*,#12788,.F.);
#12788 = EDGE_CURVE('',#12419,#12713,#12789,.T.);
#12789 = LINE('',#12790,#12791);
#12790 = CARTESIAN_POINT('',(0.85,-1.2,0.9));
#12791 = VECTOR('',#12792,1.);
#12792 = DIRECTION('',(-1.,-1.110223024625E-16,0.));
#12793 = ORIENTED_EDGE('',*,*,#12434,.T.);
#12794 = ORIENTED_EDGE('',*,*,#12479,.T.);
#12795 = ORIENTED_EDGE('',*,*,#12496,.T.);
#12796 = ORIENTED_EDGE('',*,*,#12450,.T.);
#12797 = ORIENTED_EDGE('',*,*,#12122,.T.);
#12798 = ORIENTED_EDGE('',*,*,#12799,.T.);
#12799 = EDGE_CURVE('',#12115,#12559,#12800,.T.);
#12800 = LINE('',#12801,#12802);
#12801 = CARTESIAN_POINT('',(-0.85,-1.2,0.9));
#12802 = VECTOR('',#12803,1.);
#12803 = DIRECTION('',(1.,-1.144237745222E-17,0.));
#12804 = ORIENTED_EDGE('',*,*,#12556,.F.);
#12805 = ORIENTED_EDGE('',*,*,#12806,.F.);
#12806 = EDGE_CURVE('',#12807,#12557,#12809,.T.);
#12807 = VERTEX_POINT('',#12808);
#12808 = CARTESIAN_POINT('',(-0.6925,-1.425,0.9));
#12809 = LINE('',#12810,#12811);
#12810 = CARTESIAN_POINT('',(-0.6925,-1.425,0.9));
#12811 = VECTOR('',#12812,1.);
#12812 = DIRECTION('',(-0.707106781187,0.707106781187,0.));
#12813 = ORIENTED_EDGE('',*,*,#12814,.F.);
#12814 = EDGE_CURVE('',#12815,#12807,#12817,.T.);
#12815 = VERTEX_POINT('',#12816);
#12816 = CARTESIAN_POINT('',(0.6925,-1.425,0.9));
#12817 = LINE('',#12818,#12819);
#12818 = CARTESIAN_POINT('',(0.6925,-1.425,0.9));
#12819 = VECTOR('',#12820,1.);
#12820 = DIRECTION('',(-1.,-1.110223024625E-16,0.));
#12821 = ORIENTED_EDGE('',*,*,#12822,.F.);
#12822 = EDGE_CURVE('',#12721,#12815,#12823,.T.);
#12823 = LINE('',#12824,#12825);
#12824 = CARTESIAN_POINT('',(0.775,-1.3425,0.9));
#12825 = VECTOR('',#12826,1.);
#12826 = DIRECTION('',(-0.707106781187,-0.707106781187,0.));
#12827 = ORIENTED_EDGE('',*,*,#12720,.F.);
#12828 = PLANE('',#12829);
#12829 = AXIS2_PLACEMENT_3D('',#12830,#12831,#12832);
#12830 = CARTESIAN_POINT('',(-2.091417030376E-16,1.4375,0.9));
#12831 = DIRECTION('',(4.595758349624E-18,6.551522493592E-27,-1.));
#12832 = DIRECTION('',(1.,1.51922136901E-16,4.595758349624E-18));
#12833 = ADVANCED_FACE('',(#12834),#12920,.F.);
#12834 = FACE_BOUND('',#12835,.F.);
#12835 = EDGE_LOOP('',(#12836,#12837,#12838,#12847,#12855,#12864,#12872,
    #12880,#12888,#12897,#12905,#12914));
#12836 = ORIENTED_EDGE('',*,*,#12114,.F.);
#12837 = ORIENTED_EDGE('',*,*,#12136,.T.);
#12838 = ORIENTED_EDGE('',*,*,#12839,.T.);
#12839 = EDGE_CURVE('',#12137,#12840,#12842,.T.);
#12840 = VERTEX_POINT('',#12841);
#12841 = CARTESIAN_POINT('',(-0.948480775301,-1.2,0.667364817767));
#12842 = CIRCLE('',#12843,0.1);
#12843 = AXIS2_PLACEMENT_3D('',#12844,#12845,#12846);
#12844 = CARTESIAN_POINT('',(-0.85,-1.2,0.65));
#12845 = DIRECTION('',(-1.144237745222E-17,-1.,0.));
#12846 = DIRECTION('',(0.,0.,1.));
#12847 = ORIENTED_EDGE('',*,*,#12848,.T.);
#12848 = EDGE_CURVE('',#12840,#12849,#12851,.T.);
#12849 = VERTEX_POINT('',#12850);
#12850 = CARTESIAN_POINT('',(-1.02432885403,-1.2,0.206587955583));
#12851 = LINE('',#12852,#12853);
#12852 = CARTESIAN_POINT('',(-0.948480775301,-1.2,0.667364817767));
#12853 = VECTOR('',#12854,1.);
#12854 = DIRECTION('',(-0.162423314012,1.858508865964E-18,
    -0.986721169868));
#12855 = ORIENTED_EDGE('',*,*,#12856,.T.);
#12856 = EDGE_CURVE('',#12849,#12857,#12859,.T.);
#12857 = VERTEX_POINT('',#12858);
#12858 = CARTESIAN_POINT('',(-1.270530792283,-1.2,0.));
#12859 = CIRCLE('',#12860,0.25);
#12860 = AXIS2_PLACEMENT_3D('',#12861,#12862,#12863);
#12861 = CARTESIAN_POINT('',(-1.270530792283,-1.2,0.25));
#12862 = DIRECTION('',(1.144237745222E-17,1.,1.155557966632E-33));
#12863 = DIRECTION('',(0.984807753012,-1.126854202784E-17,
    -0.173648177667));
#12864 = ORIENTED_EDGE('',*,*,#12865,.T.);
#12865 = EDGE_CURVE('',#12857,#12866,#12868,.T.);
#12866 = VERTEX_POINT('',#12867);
#12867 = CARTESIAN_POINT('',(-1.4,-1.2,0.));
#12868 = LINE('',#12869,#12870);
#12869 = CARTESIAN_POINT('',(-1.270530792283,-1.2,0.));
#12870 = VECTOR('',#12871,1.);
#12871 = DIRECTION('',(-1.,1.144237745222E-17,0.));
#12872 = ORIENTED_EDGE('',*,*,#12873,.T.);
#12873 = EDGE_CURVE('',#12866,#12874,#12876,.T.);
#12874 = VERTEX_POINT('',#12875);
#12875 = CARTESIAN_POINT('',(-1.4,-1.2,0.15));
#12876 = LINE('',#12877,#12878);
#12877 = CARTESIAN_POINT('',(-1.4,-1.2,0.));
#12878 = VECTOR('',#12879,1.);
#12879 = DIRECTION('',(0.,0.,1.));
#12880 = ORIENTED_EDGE('',*,*,#12881,.T.);
#12881 = EDGE_CURVE('',#12874,#12882,#12884,.T.);
#12882 = VERTEX_POINT('',#12883);
#12883 = CARTESIAN_POINT('',(-1.270530792283,-1.2,0.15));
#12884 = LINE('',#12885,#12886);
#12885 = CARTESIAN_POINT('',(-1.4,-1.2,0.15));
#12886 = VECTOR('',#12887,1.);
#12887 = DIRECTION('',(1.,-1.144237745222E-17,0.));
#12888 = ORIENTED_EDGE('',*,*,#12889,.T.);
#12889 = EDGE_CURVE('',#12882,#12890,#12892,.T.);
#12890 = VERTEX_POINT('',#12891);
#12891 = CARTESIAN_POINT('',(-1.172050016982,-1.2,0.232635182233));
#12892 = CIRCLE('',#12893,0.1);
#12893 = AXIS2_PLACEMENT_3D('',#12894,#12895,#12896);
#12894 = CARTESIAN_POINT('',(-1.270530792283,-1.2,0.25));
#12895 = DIRECTION('',(-1.144237745222E-17,-1.,0.));
#12896 = DIRECTION('',(-2.22044604925E-15,2.540718180781E-32,-1.));
#12897 = ORIENTED_EDGE('',*,*,#12898,.T.);
#12898 = EDGE_CURVE('',#12890,#12899,#12901,.T.);
#12899 = VERTEX_POINT('',#12900);
#12900 = CARTESIAN_POINT('',(-1.096201938253,-1.2,0.693412044417));
#12901 = LINE('',#12902,#12903);
#12902 = CARTESIAN_POINT('',(-1.172050016982,-1.2,0.232635182233));
#12903 = VECTOR('',#12904,1.);
#12904 = DIRECTION('',(0.162423314012,-1.858508865964E-18,0.986721169868
    ));
#12905 = ORIENTED_EDGE('',*,*,#12906,.T.);
#12906 = EDGE_CURVE('',#12899,#12907,#12909,.T.);
#12907 = VERTEX_POINT('',#12908);
#12908 = CARTESIAN_POINT('',(-0.85,-1.2,0.9));
#12909 = CIRCLE('',#12910,0.25);
#12910 = AXIS2_PLACEMENT_3D('',#12911,#12912,#12913);
#12911 = CARTESIAN_POINT('',(-0.85,-1.2,0.65));
#12912 = DIRECTION('',(1.144237745222E-17,1.,7.703719777549E-34));
#12913 = DIRECTION('',(-0.984807753012,1.126854202784E-17,0.173648177667
    ));
#12914 = ORIENTED_EDGE('',*,*,#12915,.T.);
#12915 = EDGE_CURVE('',#12907,#12115,#12916,.T.);
#12916 = LINE('',#12917,#12918);
#12917 = CARTESIAN_POINT('',(-0.85,-1.2,0.9));
#12918 = VECTOR('',#12919,1.);
#12919 = DIRECTION('',(1.,-1.144237745222E-17,0.));
#12920 = PLANE('',#12921);
#12921 = AXIS2_PLACEMENT_3D('',#12922,#12923,#12924);
#12922 = CARTESIAN_POINT('',(-1.069123385139,-1.2,0.441695635315));
#12923 = DIRECTION('',(1.144237745222E-17,1.,0.));
#12924 = DIRECTION('',(0.,-0.,1.));
#12925 = ADVANCED_FACE('',(#12926),#12945,.F.);
#12926 = FACE_BOUND('',#12927,.F.);
#12927 = EDGE_LOOP('',(#12928,#12929,#12938,#12944));
#12928 = ORIENTED_EDGE('',*,*,#12153,.T.);
#12929 = ORIENTED_EDGE('',*,*,#12930,.T.);
#12930 = EDGE_CURVE('',#12146,#12931,#12933,.T.);
#12931 = VERTEX_POINT('',#12932);
#12932 = CARTESIAN_POINT('',(-0.948480775301,-0.7,0.667364817767));
#12933 = CIRCLE('',#12934,0.1);
#12934 = AXIS2_PLACEMENT_3D('',#12935,#12936,#12937);
#12935 = CARTESIAN_POINT('',(-0.85,-0.7,0.65));
#12936 = DIRECTION('',(-1.144237745222E-17,-1.,0.));
#12937 = DIRECTION('',(0.,0.,1.));
#12938 = ORIENTED_EDGE('',*,*,#12939,.F.);
#12939 = EDGE_CURVE('',#12840,#12931,#12940,.T.);
#12940 = LINE('',#12941,#12942);
#12941 = CARTESIAN_POINT('',(-0.948480775301,-1.2,0.667364817767));
#12942 = VECTOR('',#12943,1.);
#12943 = DIRECTION('',(1.144237745222E-17,1.,0.));
#12944 = ORIENTED_EDGE('',*,*,#12839,.F.);
#12945 = CYLINDRICAL_SURFACE('',#12946,0.1);
#12946 = AXIS2_PLACEMENT_3D('',#12947,#12948,#12949);
#12947 = CARTESIAN_POINT('',(-0.85,-1.2,0.65));
#12948 = DIRECTION('',(-1.144237745222E-17,-1.,0.));
#12949 = DIRECTION('',(0.,0.,1.));
#12950 = ADVANCED_FACE('',(#12951),#13029,.T.);
#12951 = FACE_BOUND('',#12952,.T.);
#12952 = EDGE_LOOP('',(#12953,#12954,#12955,#12956,#12964,#12973,#12981,
    #12989,#12997,#13006,#13014,#13023));
#12953 = ORIENTED_EDGE('',*,*,#12167,.F.);
#12954 = ORIENTED_EDGE('',*,*,#12145,.T.);
#12955 = ORIENTED_EDGE('',*,*,#12930,.T.);
#12956 = ORIENTED_EDGE('',*,*,#12957,.T.);
#12957 = EDGE_CURVE('',#12931,#12958,#12960,.T.);
#12958 = VERTEX_POINT('',#12959);
#12959 = CARTESIAN_POINT('',(-1.02432885403,-0.7,0.206587955583));
#12960 = LINE('',#12961,#12962);
#12961 = CARTESIAN_POINT('',(-0.948480775301,-0.7,0.667364817767));
#12962 = VECTOR('',#12963,1.);
#12963 = DIRECTION('',(-0.162423314012,1.858508865964E-18,
    -0.986721169868));
#12964 = ORIENTED_EDGE('',*,*,#12965,.T.);
#12965 = EDGE_CURVE('',#12958,#12966,#12968,.T.);
#12966 = VERTEX_POINT('',#12967);
#12967 = CARTESIAN_POINT('',(-1.270530792283,-0.7,0.));
#12968 = CIRCLE('',#12969,0.25);
#12969 = AXIS2_PLACEMENT_3D('',#12970,#12971,#12972);
#12970 = CARTESIAN_POINT('',(-1.270530792283,-0.7,0.25));
#12971 = DIRECTION('',(1.144237745222E-17,1.,1.155557966632E-33));
#12972 = DIRECTION('',(0.984807753012,-1.126854202784E-17,
    -0.173648177667));
#12973 = ORIENTED_EDGE('',*,*,#12974,.T.);
#12974 = EDGE_CURVE('',#12966,#12975,#12977,.T.);
#12975 = VERTEX_POINT('',#12976);
#12976 = CARTESIAN_POINT('',(-1.4,-0.7,0.));
#12977 = LINE('',#12978,#12979);
#12978 = CARTESIAN_POINT('',(-1.270530792283,-0.7,0.));
#12979 = VECTOR('',#12980,1.);
#12980 = DIRECTION('',(-1.,1.144237745222E-17,0.));
#12981 = ORIENTED_EDGE('',*,*,#12982,.T.);
#12982 = EDGE_CURVE('',#12975,#12983,#12985,.T.);
#12983 = VERTEX_POINT('',#12984);
#12984 = CARTESIAN_POINT('',(-1.4,-0.7,0.15));
#12985 = LINE('',#12986,#12987);
#12986 = CARTESIAN_POINT('',(-1.4,-0.7,0.));
#12987 = VECTOR('',#12988,1.);
#12988 = DIRECTION('',(0.,0.,1.));
#12989 = ORIENTED_EDGE('',*,*,#12990,.T.);
#12990 = EDGE_CURVE('',#12983,#12991,#12993,.T.);
#12991 = VERTEX_POINT('',#12992);
#12992 = CARTESIAN_POINT('',(-1.270530792283,-0.7,0.15));
#12993 = LINE('',#12994,#12995);
#12994 = CARTESIAN_POINT('',(-1.4,-0.7,0.15));
#12995 = VECTOR('',#12996,1.);
#12996 = DIRECTION('',(1.,-1.144237745222E-17,0.));
#12997 = ORIENTED_EDGE('',*,*,#12998,.T.);
#12998 = EDGE_CURVE('',#12991,#12999,#13001,.T.);
#12999 = VERTEX_POINT('',#13000);
#13000 = CARTESIAN_POINT('',(-1.172050016982,-0.7,0.232635182233));
#13001 = CIRCLE('',#13002,0.1);
#13002 = AXIS2_PLACEMENT_3D('',#13003,#13004,#13005);
#13003 = CARTESIAN_POINT('',(-1.270530792283,-0.7,0.25));
#13004 = DIRECTION('',(-1.144237745222E-17,-1.,0.));
#13005 = DIRECTION('',(-2.22044604925E-15,2.540718180781E-32,-1.));
#13006 = ORIENTED_EDGE('',*,*,#13007,.T.);
#13007 = EDGE_CURVE('',#12999,#13008,#13010,.T.);
#13008 = VERTEX_POINT('',#13009);
#13009 = CARTESIAN_POINT('',(-1.096201938253,-0.7,0.693412044417));
#13010 = LINE('',#13011,#13012);
#13011 = CARTESIAN_POINT('',(-1.172050016982,-0.7,0.232635182233));
#13012 = VECTOR('',#13013,1.);
#13013 = DIRECTION('',(0.162423314012,-1.858508865964E-18,0.986721169868
    ));
#13014 = ORIENTED_EDGE('',*,*,#13015,.T.);
#13015 = EDGE_CURVE('',#13008,#13016,#13018,.T.);
#13016 = VERTEX_POINT('',#13017);
#13017 = CARTESIAN_POINT('',(-0.85,-0.7,0.9));
#13018 = CIRCLE('',#13019,0.25);
#13019 = AXIS2_PLACEMENT_3D('',#13020,#13021,#13022);
#13020 = CARTESIAN_POINT('',(-0.85,-0.7,0.65));
#13021 = DIRECTION('',(1.144237745222E-17,1.,7.703719777549E-34));
#13022 = DIRECTION('',(-0.984807753012,1.126854202784E-17,0.173648177667
    ));
#13023 = ORIENTED_EDGE('',*,*,#13024,.T.);
#13024 = EDGE_CURVE('',#13016,#12168,#13025,.T.);
#13025 = LINE('',#13026,#13027);
#13026 = CARTESIAN_POINT('',(-0.85,-0.7,0.9));
#13027 = VECTOR('',#13028,1.);
#13028 = DIRECTION('',(1.,-1.144237745222E-17,0.));
#13029 = PLANE('',#13030);
#13030 = AXIS2_PLACEMENT_3D('',#13031,#13032,#13033);
#13031 = CARTESIAN_POINT('',(-1.069123385139,-0.7,0.441695635315));
#13032 = DIRECTION('',(1.144237745222E-17,1.,0.));
#13033 = DIRECTION('',(0.,-0.,1.));
#13034 = ADVANCED_FACE('',(#13035),#13051,.F.);
#13035 = FACE_BOUND('',#13036,.F.);
#13036 = EDGE_LOOP('',(#13037,#13038,#13044,#13045));
#13037 = ORIENTED_EDGE('',*,*,#12184,.T.);
#13038 = ORIENTED_EDGE('',*,*,#13039,.T.);
#13039 = EDGE_CURVE('',#12177,#12575,#13040,.T.);
#13040 = LINE('',#13041,#13042);
#13041 = CARTESIAN_POINT('',(-0.85,-0.25,0.9));
#13042 = VECTOR('',#13043,1.);
#13043 = DIRECTION('',(1.,-1.144237745222E-17,0.));
#13044 = ORIENTED_EDGE('',*,*,#12574,.F.);
#13045 = ORIENTED_EDGE('',*,*,#13046,.F.);
#13046 = EDGE_CURVE('',#12168,#12567,#13047,.T.);
#13047 = LINE('',#13048,#13049);
#13048 = CARTESIAN_POINT('',(-0.85,-0.7,0.9));
#13049 = VECTOR('',#13050,1.);
#13050 = DIRECTION('',(1.,-1.144237745222E-17,0.));
#13051 = PLANE('',#13052);
#13052 = AXIS2_PLACEMENT_3D('',#13053,#13054,#13055);
#13053 = CARTESIAN_POINT('',(-2.091417030376E-16,1.4375,0.9));
#13054 = DIRECTION('',(4.595758349624E-18,6.551522493592E-27,-1.));
#13055 = DIRECTION('',(1.,1.51922136901E-16,4.595758349624E-18));
#13056 = ADVANCED_FACE('',(#13057),#13143,.F.);
#13057 = FACE_BOUND('',#13058,.F.);
#13058 = EDGE_LOOP('',(#13059,#13060,#13061,#13070,#13078,#13087,#13095,
    #13103,#13111,#13120,#13128,#13137));
#13059 = ORIENTED_EDGE('',*,*,#12176,.F.);
#13060 = ORIENTED_EDGE('',*,*,#12198,.T.);
#13061 = ORIENTED_EDGE('',*,*,#13062,.T.);
#13062 = EDGE_CURVE('',#12199,#13063,#13065,.T.);
#13063 = VERTEX_POINT('',#13064);
#13064 = CARTESIAN_POINT('',(-0.948480775301,-0.25,0.667364817767));
#13065 = CIRCLE('',#13066,0.1);
#13066 = AXIS2_PLACEMENT_3D('',#13067,#13068,#13069);
#13067 = CARTESIAN_POINT('',(-0.85,-0.25,0.65));
#13068 = DIRECTION('',(-1.144237745222E-17,-1.,0.));
#13069 = DIRECTION('',(0.,0.,1.));
#13070 = ORIENTED_EDGE('',*,*,#13071,.T.);
#13071 = EDGE_CURVE('',#13063,#13072,#13074,.T.);
#13072 = VERTEX_POINT('',#13073);
#13073 = CARTESIAN_POINT('',(-1.02432885403,-0.25,0.206587955583));
#13074 = LINE('',#13075,#13076);
#13075 = CARTESIAN_POINT('',(-0.948480775301,-0.25,0.667364817767));
#13076 = VECTOR('',#13077,1.);
#13077 = DIRECTION('',(-0.162423314012,1.858508865964E-18,
    -0.986721169868));
#13078 = ORIENTED_EDGE('',*,*,#13079,.T.);
#13079 = EDGE_CURVE('',#13072,#13080,#13082,.T.);
#13080 = VERTEX_POINT('',#13081);
#13081 = CARTESIAN_POINT('',(-1.270530792283,-0.25,0.));
#13082 = CIRCLE('',#13083,0.25);
#13083 = AXIS2_PLACEMENT_3D('',#13084,#13085,#13086);
#13084 = CARTESIAN_POINT('',(-1.270530792283,-0.25,0.25));
#13085 = DIRECTION('',(1.144237745222E-17,1.,1.155557966632E-33));
#13086 = DIRECTION('',(0.984807753012,-1.126854202784E-17,
    -0.173648177667));
#13087 = ORIENTED_EDGE('',*,*,#13088,.T.);
#13088 = EDGE_CURVE('',#13080,#13089,#13091,.T.);
#13089 = VERTEX_POINT('',#13090);
#13090 = CARTESIAN_POINT('',(-1.4,-0.25,0.));
#13091 = LINE('',#13092,#13093);
#13092 = CARTESIAN_POINT('',(-1.270530792283,-0.25,0.));
#13093 = VECTOR('',#13094,1.);
#13094 = DIRECTION('',(-1.,1.144237745222E-17,0.));
#13095 = ORIENTED_EDGE('',*,*,#13096,.T.);
#13096 = EDGE_CURVE('',#13089,#13097,#13099,.T.);
#13097 = VERTEX_POINT('',#13098);
#13098 = CARTESIAN_POINT('',(-1.4,-0.25,0.15));
#13099 = LINE('',#13100,#13101);
#13100 = CARTESIAN_POINT('',(-1.4,-0.25,0.));
#13101 = VECTOR('',#13102,1.);
#13102 = DIRECTION('',(0.,0.,1.));
#13103 = ORIENTED_EDGE('',*,*,#13104,.T.);
#13104 = EDGE_CURVE('',#13097,#13105,#13107,.T.);
#13105 = VERTEX_POINT('',#13106);
#13106 = CARTESIAN_POINT('',(-1.270530792283,-0.25,0.15));
#13107 = LINE('',#13108,#13109);
#13108 = CARTESIAN_POINT('',(-1.4,-0.25,0.15));
#13109 = VECTOR('',#13110,1.);
#13110 = DIRECTION('',(1.,-1.144237745222E-17,0.));
#13111 = ORIENTED_EDGE('',*,*,#13112,.T.);
#13112 = EDGE_CURVE('',#13105,#13113,#13115,.T.);
#13113 = VERTEX_POINT('',#13114);
#13114 = CARTESIAN_POINT('',(-1.172050016982,-0.25,0.232635182233));
#13115 = CIRCLE('',#13116,0.1);
#13116 = AXIS2_PLACEMENT_3D('',#13117,#13118,#13119);
#13117 = CARTESIAN_POINT('',(-1.270530792283,-0.25,0.25));
#13118 = DIRECTION('',(-1.144237745222E-17,-1.,0.));
#13119 = DIRECTION('',(-2.22044604925E-15,2.540718180781E-32,-1.));
#13120 = ORIENTED_EDGE('',*,*,#13121,.T.);
#13121 = EDGE_CURVE('',#13113,#13122,#13124,.T.);
#13122 = VERTEX_POINT('',#13123);
#13123 = CARTESIAN_POINT('',(-1.096201938253,-0.25,0.693412044417));
#13124 = LINE('',#13125,#13126);
#13125 = CARTESIAN_POINT('',(-1.172050016982,-0.25,0.232635182233));
#13126 = VECTOR('',#13127,1.);
#13127 = DIRECTION('',(0.162423314012,-1.858508865964E-18,0.986721169868
    ));
#13128 = ORIENTED_EDGE('',*,*,#13129,.T.);
#13129 = EDGE_CURVE('',#13122,#13130,#13132,.T.);
#13130 = VERTEX_POINT('',#13131);
#13131 = CARTESIAN_POINT('',(-0.85,-0.25,0.9));
#13132 = CIRCLE('',#13133,0.25);
#13133 = AXIS2_PLACEMENT_3D('',#13134,#13135,#13136);
#13134 = CARTESIAN_POINT('',(-0.85,-0.25,0.65));
#13135 = DIRECTION('',(1.144237745222E-17,1.,7.703719777549E-34));
#13136 = DIRECTION('',(-0.984807753012,1.126854202784E-17,0.173648177667
    ));
#13137 = ORIENTED_EDGE('',*,*,#13138,.T.);
#13138 = EDGE_CURVE('',#13130,#12177,#13139,.T.);
#13139 = LINE('',#13140,#13141);
#13140 = CARTESIAN_POINT('',(-0.85,-0.25,0.9));
#13141 = VECTOR('',#13142,1.);
#13142 = DIRECTION('',(1.,-1.144237745222E-17,0.));
#13143 = PLANE('',#13144);
#13144 = AXIS2_PLACEMENT_3D('',#13145,#13146,#13147);
#13145 = CARTESIAN_POINT('',(-1.069123385139,-0.25,0.441695635315));
#13146 = DIRECTION('',(1.144237745222E-17,1.,0.));
#13147 = DIRECTION('',(0.,-0.,1.));
#13148 = ADVANCED_FACE('',(#13149),#13168,.F.);
#13149 = FACE_BOUND('',#13150,.F.);
#13150 = EDGE_LOOP('',(#13151,#13152,#13161,#13167));
#13151 = ORIENTED_EDGE('',*,*,#12215,.T.);
#13152 = ORIENTED_EDGE('',*,*,#13153,.T.);
#13153 = EDGE_CURVE('',#12208,#13154,#13156,.T.);
#13154 = VERTEX_POINT('',#13155);
#13155 = CARTESIAN_POINT('',(-0.948480775301,0.25,0.667364817767));
#13156 = CIRCLE('',#13157,0.1);
#13157 = AXIS2_PLACEMENT_3D('',#13158,#13159,#13160);
#13158 = CARTESIAN_POINT('',(-0.85,0.25,0.65));
#13159 = DIRECTION('',(-1.144237745222E-17,-1.,0.));
#13160 = DIRECTION('',(0.,0.,1.));
#13161 = ORIENTED_EDGE('',*,*,#13162,.F.);
#13162 = EDGE_CURVE('',#13063,#13154,#13163,.T.);
#13163 = LINE('',#13164,#13165);
#13164 = CARTESIAN_POINT('',(-0.948480775301,-0.25,0.667364817767));
#13165 = VECTOR('',#13166,1.);
#13166 = DIRECTION('',(1.144237745222E-17,1.,0.));
#13167 = ORIENTED_EDGE('',*,*,#13062,.F.);
#13168 = CYLINDRICAL_SURFACE('',#13169,0.1);
#13169 = AXIS2_PLACEMENT_3D('',#13170,#13171,#13172);
#13170 = CARTESIAN_POINT('',(-0.85,-0.25,0.65));
#13171 = DIRECTION('',(-1.144237745222E-17,-1.,0.));
#13172 = DIRECTION('',(0.,0.,1.));
#13173 = ADVANCED_FACE('',(#13174),#13252,.T.);
#13174 = FACE_BOUND('',#13175,.T.);
#13175 = EDGE_LOOP('',(#13176,#13177,#13178,#13179,#13187,#13196,#13204,
    #13212,#13220,#13229,#13237,#13246));
#13176 = ORIENTED_EDGE('',*,*,#12229,.F.);
#13177 = ORIENTED_EDGE('',*,*,#12207,.T.);
#13178 = ORIENTED_EDGE('',*,*,#13153,.T.);
#13179 = ORIENTED_EDGE('',*,*,#13180,.T.);
#13180 = EDGE_CURVE('',#13154,#13181,#13183,.T.);
#13181 = VERTEX_POINT('',#13182);
#13182 = CARTESIAN_POINT('',(-1.02432885403,0.25,0.206587955583));
#13183 = LINE('',#13184,#13185);
#13184 = CARTESIAN_POINT('',(-0.948480775301,0.25,0.667364817767));
#13185 = VECTOR('',#13186,1.);
#13186 = DIRECTION('',(-0.162423314012,1.858508865964E-18,
    -0.986721169868));
#13187 = ORIENTED_EDGE('',*,*,#13188,.T.);
#13188 = EDGE_CURVE('',#13181,#13189,#13191,.T.);
#13189 = VERTEX_POINT('',#13190);
#13190 = CARTESIAN_POINT('',(-1.270530792283,0.25,0.));
#13191 = CIRCLE('',#13192,0.25);
#13192 = AXIS2_PLACEMENT_3D('',#13193,#13194,#13195);
#13193 = CARTESIAN_POINT('',(-1.270530792283,0.25,0.25));
#13194 = DIRECTION('',(1.144237745222E-17,1.,1.155557966632E-33));
#13195 = DIRECTION('',(0.984807753012,-1.126854202784E-17,
    -0.173648177667));
#13196 = ORIENTED_EDGE('',*,*,#13197,.T.);
#13197 = EDGE_CURVE('',#13189,#13198,#13200,.T.);
#13198 = VERTEX_POINT('',#13199);
#13199 = CARTESIAN_POINT('',(-1.4,0.25,0.));
#13200 = LINE('',#13201,#13202);
#13201 = CARTESIAN_POINT('',(-1.270530792283,0.25,0.));
#13202 = VECTOR('',#13203,1.);
#13203 = DIRECTION('',(-1.,1.144237745222E-17,0.));
#13204 = ORIENTED_EDGE('',*,*,#13205,.T.);
#13205 = EDGE_CURVE('',#13198,#13206,#13208,.T.);
#13206 = VERTEX_POINT('',#13207);
#13207 = CARTESIAN_POINT('',(-1.4,0.25,0.15));
#13208 = LINE('',#13209,#13210);
#13209 = CARTESIAN_POINT('',(-1.4,0.25,0.));
#13210 = VECTOR('',#13211,1.);
#13211 = DIRECTION('',(0.,0.,1.));
#13212 = ORIENTED_EDGE('',*,*,#13213,.T.);
#13213 = EDGE_CURVE('',#13206,#13214,#13216,.T.);
#13214 = VERTEX_POINT('',#13215);
#13215 = CARTESIAN_POINT('',(-1.270530792283,0.25,0.15));
#13216 = LINE('',#13217,#13218);
#13217 = CARTESIAN_POINT('',(-1.4,0.25,0.15));
#13218 = VECTOR('',#13219,1.);
#13219 = DIRECTION('',(1.,-1.144237745222E-17,0.));
#13220 = ORIENTED_EDGE('',*,*,#13221,.T.);
#13221 = EDGE_CURVE('',#13214,#13222,#13224,.T.);
#13222 = VERTEX_POINT('',#13223);
#13223 = CARTESIAN_POINT('',(-1.172050016982,0.25,0.232635182233));
#13224 = CIRCLE('',#13225,0.1);
#13225 = AXIS2_PLACEMENT_3D('',#13226,#13227,#13228);
#13226 = CARTESIAN_POINT('',(-1.270530792283,0.25,0.25));
#13227 = DIRECTION('',(-1.144237745222E-17,-1.,0.));
#13228 = DIRECTION('',(-2.22044604925E-15,2.540718180781E-32,-1.));
#13229 = ORIENTED_EDGE('',*,*,#13230,.T.);
#13230 = EDGE_CURVE('',#13222,#13231,#13233,.T.);
#13231 = VERTEX_POINT('',#13232);
#13232 = CARTESIAN_POINT('',(-1.096201938253,0.25,0.693412044417));
#13233 = LINE('',#13234,#13235);
#13234 = CARTESIAN_POINT('',(-1.172050016982,0.25,0.232635182233));
#13235 = VECTOR('',#13236,1.);
#13236 = DIRECTION('',(0.162423314012,-1.858508865964E-18,0.986721169868
    ));
#13237 = ORIENTED_EDGE('',*,*,#13238,.T.);
#13238 = EDGE_CURVE('',#13231,#13239,#13241,.T.);
#13239 = VERTEX_POINT('',#13240);
#13240 = CARTESIAN_POINT('',(-0.85,0.25,0.9));
#13241 = CIRCLE('',#13242,0.25);
#13242 = AXIS2_PLACEMENT_3D('',#13243,#13244,#13245);
#13243 = CARTESIAN_POINT('',(-0.85,0.25,0.65));
#13244 = DIRECTION('',(1.144237745222E-17,1.,7.703719777549E-34));
#13245 = DIRECTION('',(-0.984807753012,1.126854202784E-17,0.173648177667
    ));
#13246 = ORIENTED_EDGE('',*,*,#13247,.T.);
#13247 = EDGE_CURVE('',#13239,#12230,#13248,.T.);
#13248 = LINE('',#13249,#13250);
#13249 = CARTESIAN_POINT('',(-0.85,0.25,0.9));
#13250 = VECTOR('',#13251,1.);
#13251 = DIRECTION('',(1.,-1.144237745222E-17,0.));
#13252 = PLANE('',#13253);
#13253 = AXIS2_PLACEMENT_3D('',#13254,#13255,#13256);
#13254 = CARTESIAN_POINT('',(-1.069123385139,0.25,0.441695635315));
#13255 = DIRECTION('',(1.144237745222E-17,1.,0.));
#13256 = DIRECTION('',(0.,-0.,1.));
#13257 = ADVANCED_FACE('',(#13258),#13269,.F.);
#13258 = FACE_BOUND('',#13259,.F.);
#13259 = EDGE_LOOP('',(#13260,#13261,#13262,#13263));
#13260 = ORIENTED_EDGE('',*,*,#12246,.T.);
#13261 = ORIENTED_EDGE('',*,*,#12542,.T.);
#13262 = ORIENTED_EDGE('',*,*,#12590,.F.);
#13263 = ORIENTED_EDGE('',*,*,#13264,.F.);
#13264 = EDGE_CURVE('',#12230,#12583,#13265,.T.);
#13265 = LINE('',#13266,#13267);
#13266 = CARTESIAN_POINT('',(-0.85,0.25,0.9));
#13267 = VECTOR('',#13268,1.);
#13268 = DIRECTION('',(1.,-1.144237745222E-17,0.));
#13269 = PLANE('',#13270);
#13270 = AXIS2_PLACEMENT_3D('',#13271,#13272,#13273);
#13271 = CARTESIAN_POINT('',(-2.091417030376E-16,1.4375,0.9));
#13272 = DIRECTION('',(4.595758349624E-18,6.551522493592E-27,-1.));
#13273 = DIRECTION('',(1.,1.51922136901E-16,4.595758349624E-18));
#13274 = ADVANCED_FACE('',(#13275),#13354,.F.);
#13275 = FACE_BOUND('',#13276,.F.);
#13276 = EDGE_LOOP('',(#13277,#13278,#13279,#13288,#13296,#13305,#13313,
    #13321,#13329,#13338,#13346,#13353));
#13277 = ORIENTED_EDGE('',*,*,#12238,.F.);
#13278 = ORIENTED_EDGE('',*,*,#12260,.T.);
#13279 = ORIENTED_EDGE('',*,*,#13280,.T.);
#13280 = EDGE_CURVE('',#12261,#13281,#13283,.T.);
#13281 = VERTEX_POINT('',#13282);
#13282 = CARTESIAN_POINT('',(-0.948480775301,0.7,0.667364817767));
#13283 = CIRCLE('',#13284,0.1);
#13284 = AXIS2_PLACEMENT_3D('',#13285,#13286,#13287);
#13285 = CARTESIAN_POINT('',(-0.85,0.7,0.65));
#13286 = DIRECTION('',(-1.144237745222E-17,-1.,0.));
#13287 = DIRECTION('',(0.,0.,1.));
#13288 = ORIENTED_EDGE('',*,*,#13289,.T.);
#13289 = EDGE_CURVE('',#13281,#13290,#13292,.T.);
#13290 = VERTEX_POINT('',#13291);
#13291 = CARTESIAN_POINT('',(-1.02432885403,0.7,0.206587955583));
#13292 = LINE('',#13293,#13294);
#13293 = CARTESIAN_POINT('',(-0.948480775301,0.7,0.667364817767));
#13294 = VECTOR('',#13295,1.);
#13295 = DIRECTION('',(-0.162423314012,1.858508865964E-18,
    -0.986721169868));
#13296 = ORIENTED_EDGE('',*,*,#13297,.T.);
#13297 = EDGE_CURVE('',#13290,#13298,#13300,.T.);
#13298 = VERTEX_POINT('',#13299);
#13299 = CARTESIAN_POINT('',(-1.270530792283,0.7,0.));
#13300 = CIRCLE('',#13301,0.25);
#13301 = AXIS2_PLACEMENT_3D('',#13302,#13303,#13304);
#13302 = CARTESIAN_POINT('',(-1.270530792283,0.7,0.25));
#13303 = DIRECTION('',(1.144237745222E-17,1.,1.155557966632E-33));
#13304 = DIRECTION('',(0.984807753012,-1.126854202784E-17,
    -0.173648177667));
#13305 = ORIENTED_EDGE('',*,*,#13306,.T.);
#13306 = EDGE_CURVE('',#13298,#13307,#13309,.T.);
#13307 = VERTEX_POINT('',#13308);
#13308 = CARTESIAN_POINT('',(-1.4,0.7,0.));
#13309 = LINE('',#13310,#13311);
#13310 = CARTESIAN_POINT('',(-1.270530792283,0.7,0.));
#13311 = VECTOR('',#13312,1.);
#13312 = DIRECTION('',(-1.,1.144237745222E-17,0.));
#13313 = ORIENTED_EDGE('',*,*,#13314,.T.);
#13314 = EDGE_CURVE('',#13307,#13315,#13317,.T.);
#13315 = VERTEX_POINT('',#13316);
#13316 = CARTESIAN_POINT('',(-1.4,0.7,0.15));
#13317 = LINE('',#13318,#13319);
#13318 = CARTESIAN_POINT('',(-1.4,0.7,0.));
#13319 = VECTOR('',#13320,1.);
#13320 = DIRECTION('',(0.,0.,1.));
#13321 = ORIENTED_EDGE('',*,*,#13322,.T.);
#13322 = EDGE_CURVE('',#13315,#13323,#13325,.T.);
#13323 = VERTEX_POINT('',#13324);
#13324 = CARTESIAN_POINT('',(-1.270530792283,0.7,0.15));
#13325 = LINE('',#13326,#13327);
#13326 = CARTESIAN_POINT('',(-1.4,0.7,0.15));
#13327 = VECTOR('',#13328,1.);
#13328 = DIRECTION('',(1.,-1.144237745222E-17,0.));
#13329 = ORIENTED_EDGE('',*,*,#13330,.T.);
#13330 = EDGE_CURVE('',#13323,#13331,#13333,.T.);
#13331 = VERTEX_POINT('',#13332);
#13332 = CARTESIAN_POINT('',(-1.172050016982,0.7,0.232635182233));
#13333 = CIRCLE('',#13334,0.1);
#13334 = AXIS2_PLACEMENT_3D('',#13335,#13336,#13337);
#13335 = CARTESIAN_POINT('',(-1.270530792283,0.7,0.25));
#13336 = DIRECTION('',(-1.144237745222E-17,-1.,0.));
#13337 = DIRECTION('',(-2.22044604925E-15,2.540718180781E-32,-1.));
#13338 = ORIENTED_EDGE('',*,*,#13339,.T.);
#13339 = EDGE_CURVE('',#13331,#13340,#13342,.T.);
#13340 = VERTEX_POINT('',#13341);
#13341 = CARTESIAN_POINT('',(-1.096201938253,0.7,0.693412044417));
#13342 = LINE('',#13343,#13344);
#13343 = CARTESIAN_POINT('',(-1.172050016982,0.7,0.232635182233));
#13344 = VECTOR('',#13345,1.);
#13345 = DIRECTION('',(0.162423314012,-1.858508865964E-18,0.986721169868
    ));
#13346 = ORIENTED_EDGE('',*,*,#13347,.T.);
#13347 = EDGE_CURVE('',#13340,#12512,#13348,.T.);
#13348 = CIRCLE('',#13349,0.25);
#13349 = AXIS2_PLACEMENT_3D('',#13350,#13351,#13352);
#13350 = CARTESIAN_POINT('',(-0.85,0.7,0.65));
#13351 = DIRECTION('',(1.144237745222E-17,1.,7.703719777549E-34));
#13352 = DIRECTION('',(-0.984807753012,1.126854202784E-17,0.173648177667
    ));
#13353 = ORIENTED_EDGE('',*,*,#12511,.T.);
#13354 = PLANE('',#13355);
#13355 = AXIS2_PLACEMENT_3D('',#13356,#13357,#13358);
#13356 = CARTESIAN_POINT('',(-1.069123385139,0.7,0.441695635315));
#13357 = DIRECTION('',(1.144237745222E-17,1.,0.));
#13358 = DIRECTION('',(0.,-0.,1.));
#13359 = ADVANCED_FACE('',(#13360),#13379,.F.);
#13360 = FACE_BOUND('',#13361,.F.);
#13361 = EDGE_LOOP('',(#13362,#13363,#13372,#13378));
#13362 = ORIENTED_EDGE('',*,*,#12277,.T.);
#13363 = ORIENTED_EDGE('',*,*,#13364,.T.);
#13364 = EDGE_CURVE('',#12270,#13365,#13367,.T.);
#13365 = VERTEX_POINT('',#13366);
#13366 = CARTESIAN_POINT('',(-0.948480775301,1.2,0.667364817767));
#13367 = CIRCLE('',#13368,0.1);
#13368 = AXIS2_PLACEMENT_3D('',#13369,#13370,#13371);
#13369 = CARTESIAN_POINT('',(-0.85,1.2,0.65));
#13370 = DIRECTION('',(-1.144237745222E-17,-1.,0.));
#13371 = DIRECTION('',(0.,0.,1.));
#13372 = ORIENTED_EDGE('',*,*,#13373,.F.);
#13373 = EDGE_CURVE('',#13281,#13365,#13374,.T.);
#13374 = LINE('',#13375,#13376);
#13375 = CARTESIAN_POINT('',(-0.948480775301,0.7,0.667364817767));
#13376 = VECTOR('',#13377,1.);
#13377 = DIRECTION('',(1.144237745222E-17,1.,0.));
#13378 = ORIENTED_EDGE('',*,*,#13280,.F.);
#13379 = CYLINDRICAL_SURFACE('',#13380,0.1);
#13380 = AXIS2_PLACEMENT_3D('',#13381,#13382,#13383);
#13381 = CARTESIAN_POINT('',(-0.85,0.7,0.65));
#13382 = DIRECTION('',(-1.144237745222E-17,-1.,0.));
#13383 = DIRECTION('',(0.,0.,1.));
#13384 = ADVANCED_FACE('',(#13385),#13456,.T.);
#13385 = FACE_BOUND('',#13386,.T.);
#13386 = EDGE_LOOP('',(#13387,#13388,#13389,#13390,#13398,#13407,#13415,
    #13423,#13431,#13440,#13448,#13455));
#13387 = ORIENTED_EDGE('',*,*,#12291,.F.);
#13388 = ORIENTED_EDGE('',*,*,#12269,.T.);
#13389 = ORIENTED_EDGE('',*,*,#13364,.T.);
#13390 = ORIENTED_EDGE('',*,*,#13391,.T.);
#13391 = EDGE_CURVE('',#13365,#13392,#13394,.T.);
#13392 = VERTEX_POINT('',#13393);
#13393 = CARTESIAN_POINT('',(-1.02432885403,1.2,0.206587955583));
#13394 = LINE('',#13395,#13396);
#13395 = CARTESIAN_POINT('',(-0.948480775301,1.2,0.667364817767));
#13396 = VECTOR('',#13397,1.);
#13397 = DIRECTION('',(-0.162423314012,1.858508865964E-18,
    -0.986721169868));
#13398 = ORIENTED_EDGE('',*,*,#13399,.T.);
#13399 = EDGE_CURVE('',#13392,#13400,#13402,.T.);
#13400 = VERTEX_POINT('',#13401);
#13401 = CARTESIAN_POINT('',(-1.270530792283,1.2,0.));
#13402 = CIRCLE('',#13403,0.25);
#13403 = AXIS2_PLACEMENT_3D('',#13404,#13405,#13406);
#13404 = CARTESIAN_POINT('',(-1.270530792283,1.2,0.25));
#13405 = DIRECTION('',(1.144237745222E-17,1.,1.155557966632E-33));
#13406 = DIRECTION('',(0.984807753012,-1.126854202784E-17,
    -0.173648177667));
#13407 = ORIENTED_EDGE('',*,*,#13408,.T.);
#13408 = EDGE_CURVE('',#13400,#13409,#13411,.T.);
#13409 = VERTEX_POINT('',#13410);
#13410 = CARTESIAN_POINT('',(-1.4,1.2,0.));
#13411 = LINE('',#13412,#13413);
#13412 = CARTESIAN_POINT('',(-1.270530792283,1.2,0.));
#13413 = VECTOR('',#13414,1.);
#13414 = DIRECTION('',(-1.,1.144237745222E-17,0.));
#13415 = ORIENTED_EDGE('',*,*,#13416,.T.);
#13416 = EDGE_CURVE('',#13409,#13417,#13419,.T.);
#13417 = VERTEX_POINT('',#13418);
#13418 = CARTESIAN_POINT('',(-1.4,1.2,0.15));
#13419 = LINE('',#13420,#13421);
#13420 = CARTESIAN_POINT('',(-1.4,1.2,0.));
#13421 = VECTOR('',#13422,1.);
#13422 = DIRECTION('',(0.,0.,1.));
#13423 = ORIENTED_EDGE('',*,*,#13424,.T.);
#13424 = EDGE_CURVE('',#13417,#13425,#13427,.T.);
#13425 = VERTEX_POINT('',#13426);
#13426 = CARTESIAN_POINT('',(-1.270530792283,1.2,0.15));
#13427 = LINE('',#13428,#13429);
#13428 = CARTESIAN_POINT('',(-1.4,1.2,0.15));
#13429 = VECTOR('',#13430,1.);
#13430 = DIRECTION('',(1.,-1.144237745222E-17,0.));
#13431 = ORIENTED_EDGE('',*,*,#13432,.T.);
#13432 = EDGE_CURVE('',#13425,#13433,#13435,.T.);
#13433 = VERTEX_POINT('',#13434);
#13434 = CARTESIAN_POINT('',(-1.172050016982,1.2,0.232635182233));
#13435 = CIRCLE('',#13436,0.1);
#13436 = AXIS2_PLACEMENT_3D('',#13437,#13438,#13439);
#13437 = CARTESIAN_POINT('',(-1.270530792283,1.2,0.25));
#13438 = DIRECTION('',(-1.144237745222E-17,-1.,0.));
#13439 = DIRECTION('',(-2.22044604925E-15,2.540718180781E-32,-1.));
#13440 = ORIENTED_EDGE('',*,*,#13441,.T.);
#13441 = EDGE_CURVE('',#13433,#13442,#13444,.T.);
#13442 = VERTEX_POINT('',#13443);
#13443 = CARTESIAN_POINT('',(-1.096201938253,1.2,0.693412044417));
#13444 = LINE('',#13445,#13446);
#13445 = CARTESIAN_POINT('',(-1.172050016982,1.2,0.232635182233));
#13446 = VECTOR('',#13447,1.);
#13447 = DIRECTION('',(0.162423314012,-1.858508865964E-18,0.986721169868
    ));
#13448 = ORIENTED_EDGE('',*,*,#13449,.T.);
#13449 = EDGE_CURVE('',#13442,#12520,#13450,.T.);
#13450 = CIRCLE('',#13451,0.25);
#13451 = AXIS2_PLACEMENT_3D('',#13452,#13453,#13454);
#13452 = CARTESIAN_POINT('',(-0.85,1.2,0.65));
#13453 = DIRECTION('',(1.144237745222E-17,1.,7.703719777549E-34));
#13454 = DIRECTION('',(-0.984807753012,1.126854202784E-17,0.173648177667
    ));
#13455 = ORIENTED_EDGE('',*,*,#12527,.T.);
#13456 = PLANE('',#13457);
#13457 = AXIS2_PLACEMENT_3D('',#13458,#13459,#13460);
#13458 = CARTESIAN_POINT('',(-1.069123385139,1.2,0.441695635315));
#13459 = DIRECTION('',(1.144237745222E-17,1.,0.));
#13460 = DIRECTION('',(0.,-0.,1.));
#13461 = ADVANCED_FACE('',(#13462),#13541,.F.);
#13462 = FACE_BOUND('',#13463,.F.);
#13463 = EDGE_LOOP('',(#13464,#13465,#13466,#13475,#13483,#13492,#13500,
    #13508,#13516,#13525,#13533,#13540));
#13464 = ORIENTED_EDGE('',*,*,#12310,.F.);
#13465 = ORIENTED_EDGE('',*,*,#12325,.T.);
#13466 = ORIENTED_EDGE('',*,*,#13467,.T.);
#13467 = EDGE_CURVE('',#12326,#13468,#13470,.T.);
#13468 = VERTEX_POINT('',#13469);
#13469 = CARTESIAN_POINT('',(0.948480775301,1.2,0.667364817767));
#13470 = CIRCLE('',#13471,0.1);
#13471 = AXIS2_PLACEMENT_3D('',#13472,#13473,#13474);
#13472 = CARTESIAN_POINT('',(0.85,1.2,0.65));
#13473 = DIRECTION('',(-1.110223024625E-16,1.,0.));
#13474 = DIRECTION('',(0.,0.,1.));
#13475 = ORIENTED_EDGE('',*,*,#13476,.T.);
#13476 = EDGE_CURVE('',#13468,#13477,#13479,.T.);
#13477 = VERTEX_POINT('',#13478);
#13478 = CARTESIAN_POINT('',(1.02432885403,1.2,0.206587955583));
#13479 = LINE('',#13480,#13481);
#13480 = CARTESIAN_POINT('',(0.948480775301,1.2,0.667364817767));
#13481 = VECTOR('',#13482,1.);
#13482 = DIRECTION('',(0.162423314012,1.803261029519E-17,-0.986721169868
    ));
#13483 = ORIENTED_EDGE('',*,*,#13484,.T.);
#13484 = EDGE_CURVE('',#13477,#13485,#13487,.T.);
#13485 = VERTEX_POINT('',#13486);
#13486 = CARTESIAN_POINT('',(1.270530792283,1.2,0.));
#13487 = CIRCLE('',#13488,0.25);
#13488 = AXIS2_PLACEMENT_3D('',#13489,#13490,#13491);
#13489 = CARTESIAN_POINT('',(1.270530792283,1.2,0.25));
#13490 = DIRECTION('',(1.110223024625E-16,-1.,0.));
#13491 = DIRECTION('',(-0.984807753012,-1.093356242223E-16,
    -0.173648177667));
#13492 = ORIENTED_EDGE('',*,*,#13493,.T.);
#13493 = EDGE_CURVE('',#13485,#13494,#13496,.T.);
#13494 = VERTEX_POINT('',#13495);
#13495 = CARTESIAN_POINT('',(1.4,1.2,0.));
#13496 = LINE('',#13497,#13498);
#13497 = CARTESIAN_POINT('',(1.270530792283,1.2,0.));
#13498 = VECTOR('',#13499,1.);
#13499 = DIRECTION('',(1.,1.110223024625E-16,0.));
#13500 = ORIENTED_EDGE('',*,*,#13501,.T.);
#13501 = EDGE_CURVE('',#13494,#13502,#13504,.T.);
#13502 = VERTEX_POINT('',#13503);
#13503 = CARTESIAN_POINT('',(1.4,1.2,0.15));
#13504 = LINE('',#13505,#13506);
#13505 = CARTESIAN_POINT('',(1.4,1.2,0.));
#13506 = VECTOR('',#13507,1.);
#13507 = DIRECTION('',(0.,0.,1.));
#13508 = ORIENTED_EDGE('',*,*,#13509,.T.);
#13509 = EDGE_CURVE('',#13502,#13510,#13512,.T.);
#13510 = VERTEX_POINT('',#13511);
#13511 = CARTESIAN_POINT('',(1.270530792283,1.2,0.15));
#13512 = LINE('',#13513,#13514);
#13513 = CARTESIAN_POINT('',(1.4,1.2,0.15));
#13514 = VECTOR('',#13515,1.);
#13515 = DIRECTION('',(-1.,-1.110223024625E-16,0.));
#13516 = ORIENTED_EDGE('',*,*,#13517,.T.);
#13517 = EDGE_CURVE('',#13510,#13518,#13520,.T.);
#13518 = VERTEX_POINT('',#13519);
#13519 = CARTESIAN_POINT('',(1.172050016982,1.2,0.232635182233));
#13520 = CIRCLE('',#13521,0.1);
#13521 = AXIS2_PLACEMENT_3D('',#13522,#13523,#13524);
#13522 = CARTESIAN_POINT('',(1.270530792283,1.2,0.25));
#13523 = DIRECTION('',(-1.110223024625E-16,1.,0.));
#13524 = DIRECTION('',(2.22044604925E-15,2.465190328815E-31,-1.));
#13525 = ORIENTED_EDGE('',*,*,#13526,.T.);
#13526 = EDGE_CURVE('',#13518,#13527,#13529,.T.);
#13527 = VERTEX_POINT('',#13528);
#13528 = CARTESIAN_POINT('',(1.096201938253,1.2,0.693412044417));
#13529 = LINE('',#13530,#13531);
#13530 = CARTESIAN_POINT('',(1.172050016982,1.2,0.232635182233));
#13531 = VECTOR('',#13532,1.);
#13532 = DIRECTION('',(-0.162423314012,-1.803261029519E-17,
    0.986721169868));
#13533 = ORIENTED_EDGE('',*,*,#13534,.T.);
#13534 = EDGE_CURVE('',#13527,#12751,#13535,.T.);
#13535 = CIRCLE('',#13536,0.25);
#13536 = AXIS2_PLACEMENT_3D('',#13537,#13538,#13539);
#13537 = CARTESIAN_POINT('',(0.85,1.2,0.65));
#13538 = DIRECTION('',(1.110223024625E-16,-1.,0.));
#13539 = DIRECTION('',(0.984807753012,1.093356242223E-16,0.173648177667)
  );
#13540 = ORIENTED_EDGE('',*,*,#12750,.T.);
#13541 = PLANE('',#13542);
#13542 = AXIS2_PLACEMENT_3D('',#13543,#13544,#13545);
#13543 = CARTESIAN_POINT('',(1.069123385139,1.2,0.441695635315));
#13544 = DIRECTION('',(1.110223024625E-16,-1.,0.));
#13545 = DIRECTION('',(0.,0.,1.));
#13546 = ADVANCED_FACE('',(#13547),#13566,.F.);
#13547 = FACE_BOUND('',#13548,.F.);
#13548 = EDGE_LOOP('',(#13549,#13550,#13559,#13565));
#13549 = ORIENTED_EDGE('',*,*,#12342,.T.);
#13550 = ORIENTED_EDGE('',*,*,#13551,.T.);
#13551 = EDGE_CURVE('',#12335,#13552,#13554,.T.);
#13552 = VERTEX_POINT('',#13553);
#13553 = CARTESIAN_POINT('',(0.948480775301,0.7,0.667364817767));
#13554 = CIRCLE('',#13555,0.1);
#13555 = AXIS2_PLACEMENT_3D('',#13556,#13557,#13558);
#13556 = CARTESIAN_POINT('',(0.85,0.7,0.65));
#13557 = DIRECTION('',(-1.110223024625E-16,1.,0.));
#13558 = DIRECTION('',(0.,0.,1.));
#13559 = ORIENTED_EDGE('',*,*,#13560,.F.);
#13560 = EDGE_CURVE('',#13468,#13552,#13561,.T.);
#13561 = LINE('',#13562,#13563);
#13562 = CARTESIAN_POINT('',(0.948480775301,1.2,0.667364817767));
#13563 = VECTOR('',#13564,1.);
#13564 = DIRECTION('',(1.110223024625E-16,-1.,0.));
#13565 = ORIENTED_EDGE('',*,*,#13467,.F.);
#13566 = CYLINDRICAL_SURFACE('',#13567,0.1);
#13567 = AXIS2_PLACEMENT_3D('',#13568,#13569,#13570);
#13568 = CARTESIAN_POINT('',(0.85,1.2,0.65));
#13569 = DIRECTION('',(-1.110223024625E-16,1.,0.));
#13570 = DIRECTION('',(0.,0.,1.));
#13571 = ADVANCED_FACE('',(#13572),#13643,.T.);
#13572 = FACE_BOUND('',#13573,.T.);
#13573 = EDGE_LOOP('',(#13574,#13575,#13576,#13577,#13585,#13594,#13602,
    #13610,#13618,#13627,#13635,#13642));
#13574 = ORIENTED_EDGE('',*,*,#12356,.F.);
#13575 = ORIENTED_EDGE('',*,*,#12334,.T.);
#13576 = ORIENTED_EDGE('',*,*,#13551,.T.);
#13577 = ORIENTED_EDGE('',*,*,#13578,.T.);
#13578 = EDGE_CURVE('',#13552,#13579,#13581,.T.);
#13579 = VERTEX_POINT('',#13580);
#13580 = CARTESIAN_POINT('',(1.02432885403,0.7,0.206587955583));
#13581 = LINE('',#13582,#13583);
#13582 = CARTESIAN_POINT('',(0.948480775301,0.7,0.667364817767));
#13583 = VECTOR('',#13584,1.);
#13584 = DIRECTION('',(0.162423314012,1.803261029519E-17,-0.986721169868
    ));
#13585 = ORIENTED_EDGE('',*,*,#13586,.T.);
#13586 = EDGE_CURVE('',#13579,#13587,#13589,.T.);
#13587 = VERTEX_POINT('',#13588);
#13588 = CARTESIAN_POINT('',(1.270530792283,0.7,0.));
#13589 = CIRCLE('',#13590,0.25);
#13590 = AXIS2_PLACEMENT_3D('',#13591,#13592,#13593);
#13591 = CARTESIAN_POINT('',(1.270530792283,0.7,0.25));
#13592 = DIRECTION('',(1.110223024625E-16,-1.,0.));
#13593 = DIRECTION('',(-0.984807753012,-1.093356242223E-16,
    -0.173648177667));
#13594 = ORIENTED_EDGE('',*,*,#13595,.T.);
#13595 = EDGE_CURVE('',#13587,#13596,#13598,.T.);
#13596 = VERTEX_POINT('',#13597);
#13597 = CARTESIAN_POINT('',(1.4,0.7,0.));
#13598 = LINE('',#13599,#13600);
#13599 = CARTESIAN_POINT('',(1.270530792283,0.7,0.));
#13600 = VECTOR('',#13601,1.);
#13601 = DIRECTION('',(1.,1.110223024625E-16,0.));
#13602 = ORIENTED_EDGE('',*,*,#13603,.T.);
#13603 = EDGE_CURVE('',#13596,#13604,#13606,.T.);
#13604 = VERTEX_POINT('',#13605);
#13605 = CARTESIAN_POINT('',(1.4,0.7,0.15));
#13606 = LINE('',#13607,#13608);
#13607 = CARTESIAN_POINT('',(1.4,0.7,0.));
#13608 = VECTOR('',#13609,1.);
#13609 = DIRECTION('',(0.,0.,1.));
#13610 = ORIENTED_EDGE('',*,*,#13611,.T.);
#13611 = EDGE_CURVE('',#13604,#13612,#13614,.T.);
#13612 = VERTEX_POINT('',#13613);
#13613 = CARTESIAN_POINT('',(1.270530792283,0.7,0.15));
#13614 = LINE('',#13615,#13616);
#13615 = CARTESIAN_POINT('',(1.4,0.7,0.15));
#13616 = VECTOR('',#13617,1.);
#13617 = DIRECTION('',(-1.,-1.110223024625E-16,0.));
#13618 = ORIENTED_EDGE('',*,*,#13619,.T.);
#13619 = EDGE_CURVE('',#13612,#13620,#13622,.T.);
#13620 = VERTEX_POINT('',#13621);
#13621 = CARTESIAN_POINT('',(1.172050016982,0.7,0.232635182233));
#13622 = CIRCLE('',#13623,0.1);
#13623 = AXIS2_PLACEMENT_3D('',#13624,#13625,#13626);
#13624 = CARTESIAN_POINT('',(1.270530792283,0.7,0.25));
#13625 = DIRECTION('',(-1.110223024625E-16,1.,0.));
#13626 = DIRECTION('',(2.22044604925E-15,2.465190328815E-31,-1.));
#13627 = ORIENTED_EDGE('',*,*,#13628,.T.);
#13628 = EDGE_CURVE('',#13620,#13629,#13631,.T.);
#13629 = VERTEX_POINT('',#13630);
#13630 = CARTESIAN_POINT('',(1.096201938253,0.7,0.693412044417));
#13631 = LINE('',#13632,#13633);
#13632 = CARTESIAN_POINT('',(1.172050016982,0.7,0.232635182233));
#13633 = VECTOR('',#13634,1.);
#13634 = DIRECTION('',(-0.162423314012,-1.803261029519E-17,
    0.986721169868));
#13635 = ORIENTED_EDGE('',*,*,#13636,.T.);
#13636 = EDGE_CURVE('',#13629,#12759,#13637,.T.);
#13637 = CIRCLE('',#13638,0.25);
#13638 = AXIS2_PLACEMENT_3D('',#13639,#13640,#13641);
#13639 = CARTESIAN_POINT('',(0.85,0.7,0.65));
#13640 = DIRECTION('',(1.110223024625E-16,-1.,0.));
#13641 = DIRECTION('',(0.984807753012,1.093356242223E-16,0.173648177667)
  );
#13642 = ORIENTED_EDGE('',*,*,#12766,.T.);
#13643 = PLANE('',#13644);
#13644 = AXIS2_PLACEMENT_3D('',#13645,#13646,#13647);
#13645 = CARTESIAN_POINT('',(1.069123385139,0.7,0.441695635315));
#13646 = DIRECTION('',(1.110223024625E-16,-1.,0.));
#13647 = DIRECTION('',(0.,0.,1.));
#13648 = ADVANCED_FACE('',(#13649),#13660,.F.);
#13649 = FACE_BOUND('',#13650,.F.);
#13650 = EDGE_LOOP('',(#13651,#13652,#13653,#13659));
#13651 = ORIENTED_EDGE('',*,*,#12772,.F.);
#13652 = ORIENTED_EDGE('',*,*,#12373,.T.);
#13653 = ORIENTED_EDGE('',*,*,#13654,.T.);
#13654 = EDGE_CURVE('',#12366,#12705,#13655,.T.);
#13655 = LINE('',#13656,#13657);
#13656 = CARTESIAN_POINT('',(0.85,-0.7,0.9));
#13657 = VECTOR('',#13658,1.);
#13658 = DIRECTION('',(-1.,-1.110223024625E-16,0.));
#13659 = ORIENTED_EDGE('',*,*,#12704,.F.);
#13660 = PLANE('',#13661);
#13661 = AXIS2_PLACEMENT_3D('',#13662,#13663,#13664);
#13662 = CARTESIAN_POINT('',(-2.091417030376E-16,1.4375,0.9));
#13663 = DIRECTION('',(4.595758349624E-18,6.551522493592E-27,-1.));
#13664 = DIRECTION('',(1.,1.51922136901E-16,4.595758349624E-18));
#13665 = ADVANCED_FACE('',(#13666),#13752,.F.);
#13666 = FACE_BOUND('',#13667,.F.);
#13667 = EDGE_LOOP('',(#13668,#13669,#13670,#13679,#13687,#13696,#13704,
    #13712,#13720,#13729,#13737,#13746));
#13668 = ORIENTED_EDGE('',*,*,#12365,.F.);
#13669 = ORIENTED_EDGE('',*,*,#12387,.T.);
#13670 = ORIENTED_EDGE('',*,*,#13671,.T.);
#13671 = EDGE_CURVE('',#12388,#13672,#13674,.T.);
#13672 = VERTEX_POINT('',#13673);
#13673 = CARTESIAN_POINT('',(0.948480775301,-0.7,0.667364817767));
#13674 = CIRCLE('',#13675,0.1);
#13675 = AXIS2_PLACEMENT_3D('',#13676,#13677,#13678);
#13676 = CARTESIAN_POINT('',(0.85,-0.7,0.65));
#13677 = DIRECTION('',(-1.110223024625E-16,1.,0.));
#13678 = DIRECTION('',(0.,0.,1.));
#13679 = ORIENTED_EDGE('',*,*,#13680,.T.);
#13680 = EDGE_CURVE('',#13672,#13681,#13683,.T.);
#13681 = VERTEX_POINT('',#13682);
#13682 = CARTESIAN_POINT('',(1.02432885403,-0.7,0.206587955583));
#13683 = LINE('',#13684,#13685);
#13684 = CARTESIAN_POINT('',(0.948480775301,-0.7,0.667364817767));
#13685 = VECTOR('',#13686,1.);
#13686 = DIRECTION('',(0.162423314012,1.803261029519E-17,-0.986721169868
    ));
#13687 = ORIENTED_EDGE('',*,*,#13688,.T.);
#13688 = EDGE_CURVE('',#13681,#13689,#13691,.T.);
#13689 = VERTEX_POINT('',#13690);
#13690 = CARTESIAN_POINT('',(1.270530792283,-0.7,0.));
#13691 = CIRCLE('',#13692,0.25);
#13692 = AXIS2_PLACEMENT_3D('',#13693,#13694,#13695);
#13693 = CARTESIAN_POINT('',(1.270530792283,-0.7,0.25));
#13694 = DIRECTION('',(1.110223024625E-16,-1.,0.));
#13695 = DIRECTION('',(-0.984807753012,-1.093356242223E-16,
    -0.173648177667));
#13696 = ORIENTED_EDGE('',*,*,#13697,.T.);
#13697 = EDGE_CURVE('',#13689,#13698,#13700,.T.);
#13698 = VERTEX_POINT('',#13699);
#13699 = CARTESIAN_POINT('',(1.4,-0.7,0.));
#13700 = LINE('',#13701,#13702);
#13701 = CARTESIAN_POINT('',(1.270530792283,-0.7,0.));
#13702 = VECTOR('',#13703,1.);
#13703 = DIRECTION('',(1.,1.110223024625E-16,0.));
#13704 = ORIENTED_EDGE('',*,*,#13705,.T.);
#13705 = EDGE_CURVE('',#13698,#13706,#13708,.T.);
#13706 = VERTEX_POINT('',#13707);
#13707 = CARTESIAN_POINT('',(1.4,-0.7,0.15));
#13708 = LINE('',#13709,#13710);
#13709 = CARTESIAN_POINT('',(1.4,-0.7,0.));
#13710 = VECTOR('',#13711,1.);
#13711 = DIRECTION('',(0.,0.,1.));
#13712 = ORIENTED_EDGE('',*,*,#13713,.T.);
#13713 = EDGE_CURVE('',#13706,#13714,#13716,.T.);
#13714 = VERTEX_POINT('',#13715);
#13715 = CARTESIAN_POINT('',(1.270530792283,-0.7,0.15));
#13716 = LINE('',#13717,#13718);
#13717 = CARTESIAN_POINT('',(1.4,-0.7,0.15));
#13718 = VECTOR('',#13719,1.);
#13719 = DIRECTION('',(-1.,-1.110223024625E-16,0.));
#13720 = ORIENTED_EDGE('',*,*,#13721,.T.);
#13721 = EDGE_CURVE('',#13714,#13722,#13724,.T.);
#13722 = VERTEX_POINT('',#13723);
#13723 = CARTESIAN_POINT('',(1.172050016982,-0.7,0.232635182233));
#13724 = CIRCLE('',#13725,0.1);
#13725 = AXIS2_PLACEMENT_3D('',#13726,#13727,#13728);
#13726 = CARTESIAN_POINT('',(1.270530792283,-0.7,0.25));
#13727 = DIRECTION('',(-1.110223024625E-16,1.,0.));
#13728 = DIRECTION('',(2.22044604925E-15,2.465190328815E-31,-1.));
#13729 = ORIENTED_EDGE('',*,*,#13730,.T.);
#13730 = EDGE_CURVE('',#13722,#13731,#13733,.T.);
#13731 = VERTEX_POINT('',#13732);
#13732 = CARTESIAN_POINT('',(1.096201938253,-0.7,0.693412044417));
#13733 = LINE('',#13734,#13735);
#13734 = CARTESIAN_POINT('',(1.172050016982,-0.7,0.232635182233));
#13735 = VECTOR('',#13736,1.);
#13736 = DIRECTION('',(-0.162423314012,-1.803261029519E-17,
    0.986721169868));
#13737 = ORIENTED_EDGE('',*,*,#13738,.T.);
#13738 = EDGE_CURVE('',#13731,#13739,#13741,.T.);
#13739 = VERTEX_POINT('',#13740);
#13740 = CARTESIAN_POINT('',(0.85,-0.7,0.9));
#13741 = CIRCLE('',#13742,0.25);
#13742 = AXIS2_PLACEMENT_3D('',#13743,#13744,#13745);
#13743 = CARTESIAN_POINT('',(0.85,-0.7,0.65));
#13744 = DIRECTION('',(1.110223024625E-16,-1.,0.));
#13745 = DIRECTION('',(0.984807753012,1.093356242223E-16,0.173648177667)
  );
#13746 = ORIENTED_EDGE('',*,*,#13747,.T.);
#13747 = EDGE_CURVE('',#13739,#12366,#13748,.T.);
#13748 = LINE('',#13749,#13750);
#13749 = CARTESIAN_POINT('',(0.85,-0.7,0.9));
#13750 = VECTOR('',#13751,1.);
#13751 = DIRECTION('',(-1.,-1.110223024625E-16,0.));
#13752 = PLANE('',#13753);
#13753 = AXIS2_PLACEMENT_3D('',#13754,#13755,#13756);
#13754 = CARTESIAN_POINT('',(1.069123385139,-0.7,0.441695635315));
#13755 = DIRECTION('',(1.110223024625E-16,-1.,0.));
#13756 = DIRECTION('',(0.,0.,1.));
#13757 = ADVANCED_FACE('',(#13758),#13777,.F.);
#13758 = FACE_BOUND('',#13759,.F.);
#13759 = EDGE_LOOP('',(#13760,#13761,#13770,#13776));
#13760 = ORIENTED_EDGE('',*,*,#12404,.T.);
#13761 = ORIENTED_EDGE('',*,*,#13762,.T.);
#13762 = EDGE_CURVE('',#12397,#13763,#13765,.T.);
#13763 = VERTEX_POINT('',#13764);
#13764 = CARTESIAN_POINT('',(0.948480775301,-1.2,0.667364817767));
#13765 = CIRCLE('',#13766,0.1);
#13766 = AXIS2_PLACEMENT_3D('',#13767,#13768,#13769);
#13767 = CARTESIAN_POINT('',(0.85,-1.2,0.65));
#13768 = DIRECTION('',(-1.110223024625E-16,1.,0.));
#13769 = DIRECTION('',(0.,0.,1.));
#13770 = ORIENTED_EDGE('',*,*,#13771,.F.);
#13771 = EDGE_CURVE('',#13672,#13763,#13772,.T.);
#13772 = LINE('',#13773,#13774);
#13773 = CARTESIAN_POINT('',(0.948480775301,-0.7,0.667364817767));
#13774 = VECTOR('',#13775,1.);
#13775 = DIRECTION('',(1.110223024625E-16,-1.,0.));
#13776 = ORIENTED_EDGE('',*,*,#13671,.F.);
#13777 = CYLINDRICAL_SURFACE('',#13778,0.1);
#13778 = AXIS2_PLACEMENT_3D('',#13779,#13780,#13781);
#13779 = CARTESIAN_POINT('',(0.85,-0.7,0.65));
#13780 = DIRECTION('',(-1.110223024625E-16,1.,0.));
#13781 = DIRECTION('',(0.,0.,1.));
#13782 = ADVANCED_FACE('',(#13783),#13861,.T.);
#13783 = FACE_BOUND('',#13784,.T.);
#13784 = EDGE_LOOP('',(#13785,#13786,#13787,#13788,#13796,#13805,#13813,
    #13821,#13829,#13838,#13846,#13855));
#13785 = ORIENTED_EDGE('',*,*,#12418,.F.);
#13786 = ORIENTED_EDGE('',*,*,#12396,.T.);
#13787 = ORIENTED_EDGE('',*,*,#13762,.T.);
#13788 = ORIENTED_EDGE('',*,*,#13789,.T.);
#13789 = EDGE_CURVE('',#13763,#13790,#13792,.T.);
#13790 = VERTEX_POINT('',#13791);
#13791 = CARTESIAN_POINT('',(1.02432885403,-1.2,0.206587955583));
#13792 = LINE('',#13793,#13794);
#13793 = CARTESIAN_POINT('',(0.948480775301,-1.2,0.667364817767));
#13794 = VECTOR('',#13795,1.);
#13795 = DIRECTION('',(0.162423314012,1.803261029519E-17,-0.986721169868
    ));
#13796 = ORIENTED_EDGE('',*,*,#13797,.T.);
#13797 = EDGE_CURVE('',#13790,#13798,#13800,.T.);
#13798 = VERTEX_POINT('',#13799);
#13799 = CARTESIAN_POINT('',(1.270530792283,-1.2,0.));
#13800 = CIRCLE('',#13801,0.25);
#13801 = AXIS2_PLACEMENT_3D('',#13802,#13803,#13804);
#13802 = CARTESIAN_POINT('',(1.270530792283,-1.2,0.25));
#13803 = DIRECTION('',(1.110223024625E-16,-1.,0.));
#13804 = DIRECTION('',(-0.984807753012,-1.093356242223E-16,
    -0.173648177667));
#13805 = ORIENTED_EDGE('',*,*,#13806,.T.);
#13806 = EDGE_CURVE('',#13798,#13807,#13809,.T.);
#13807 = VERTEX_POINT('',#13808);
#13808 = CARTESIAN_POINT('',(1.4,-1.2,0.));
#13809 = LINE('',#13810,#13811);
#13810 = CARTESIAN_POINT('',(1.270530792283,-1.2,0.));
#13811 = VECTOR('',#13812,1.);
#13812 = DIRECTION('',(1.,1.110223024625E-16,0.));
#13813 = ORIENTED_EDGE('',*,*,#13814,.T.);
#13814 = EDGE_CURVE('',#13807,#13815,#13817,.T.);
#13815 = VERTEX_POINT('',#13816);
#13816 = CARTESIAN_POINT('',(1.4,-1.2,0.15));
#13817 = LINE('',#13818,#13819);
#13818 = CARTESIAN_POINT('',(1.4,-1.2,0.));
#13819 = VECTOR('',#13820,1.);
#13820 = DIRECTION('',(0.,0.,1.));
#13821 = ORIENTED_EDGE('',*,*,#13822,.T.);
#13822 = EDGE_CURVE('',#13815,#13823,#13825,.T.);
#13823 = VERTEX_POINT('',#13824);
#13824 = CARTESIAN_POINT('',(1.270530792283,-1.2,0.15));
#13825 = LINE('',#13826,#13827);
#13826 = CARTESIAN_POINT('',(1.4,-1.2,0.15));
#13827 = VECTOR('',#13828,1.);
#13828 = DIRECTION('',(-1.,-1.110223024625E-16,0.));
#13829 = ORIENTED_EDGE('',*,*,#13830,.T.);
#13830 = EDGE_CURVE('',#13823,#13831,#13833,.T.);
#13831 = VERTEX_POINT('',#13832);
#13832 = CARTESIAN_POINT('',(1.172050016982,-1.2,0.232635182233));
#13833 = CIRCLE('',#13834,0.1);
#13834 = AXIS2_PLACEMENT_3D('',#13835,#13836,#13837);
#13835 = CARTESIAN_POINT('',(1.270530792283,-1.2,0.25));
#13836 = DIRECTION('',(-1.110223024625E-16,1.,0.));
#13837 = DIRECTION('',(2.22044604925E-15,2.465190328815E-31,-1.));
#13838 = ORIENTED_EDGE('',*,*,#13839,.T.);
#13839 = EDGE_CURVE('',#13831,#13840,#13842,.T.);
#13840 = VERTEX_POINT('',#13841);
#13841 = CARTESIAN_POINT('',(1.096201938253,-1.2,0.693412044417));
#13842 = LINE('',#13843,#13844);
#13843 = CARTESIAN_POINT('',(1.172050016982,-1.2,0.232635182233));
#13844 = VECTOR('',#13845,1.);
#13845 = DIRECTION('',(-0.162423314012,-1.803261029519E-17,
    0.986721169868));
#13846 = ORIENTED_EDGE('',*,*,#13847,.T.);
#13847 = EDGE_CURVE('',#13840,#13848,#13850,.T.);
#13848 = VERTEX_POINT('',#13849);
#13849 = CARTESIAN_POINT('',(0.85,-1.2,0.9));
#13850 = CIRCLE('',#13851,0.25);
#13851 = AXIS2_PLACEMENT_3D('',#13852,#13853,#13854);
#13852 = CARTESIAN_POINT('',(0.85,-1.2,0.65));
#13853 = DIRECTION('',(1.110223024625E-16,-1.,0.));
#13854 = DIRECTION('',(0.984807753012,1.093356242223E-16,0.173648177667)
  );
#13855 = ORIENTED_EDGE('',*,*,#13856,.T.);
#13856 = EDGE_CURVE('',#13848,#12419,#13857,.T.);
#13857 = LINE('',#13858,#13859);
#13858 = CARTESIAN_POINT('',(0.85,-1.2,0.9));
#13859 = VECTOR('',#13860,1.);
#13860 = DIRECTION('',(-1.,-1.110223024625E-16,0.));
#13861 = PLANE('',#13862);
#13862 = AXIS2_PLACEMENT_3D('',#13863,#13864,#13865);
#13863 = CARTESIAN_POINT('',(1.069123385139,-1.2,0.441695635315));
#13864 = DIRECTION('',(1.110223024625E-16,-1.,0.));
#13865 = DIRECTION('',(0.,0.,1.));
#13866 = ADVANCED_FACE('',(#13867),#13878,.T.);
#13867 = FACE_BOUND('',#13868,.T.);
#13868 = EDGE_LOOP('',(#13869,#13870,#13871,#13872));
#13869 = ORIENTED_EDGE('',*,*,#13347,.T.);
#13870 = ORIENTED_EDGE('',*,*,#12519,.T.);
#13871 = ORIENTED_EDGE('',*,*,#13449,.F.);
#13872 = ORIENTED_EDGE('',*,*,#13873,.F.);
#13873 = EDGE_CURVE('',#13340,#13442,#13874,.T.);
#13874 = LINE('',#13875,#13876);
#13875 = CARTESIAN_POINT('',(-1.096201938253,0.7,0.693412044417));
#13876 = VECTOR('',#13877,1.);
#13877 = DIRECTION('',(1.144237745222E-17,1.,0.));
#13878 = CYLINDRICAL_SURFACE('',#13879,0.25);
#13879 = AXIS2_PLACEMENT_3D('',#13880,#13881,#13882);
#13880 = CARTESIAN_POINT('',(-0.85,0.7,0.65));
#13881 = DIRECTION('',(-1.144237745222E-17,-1.,0.));
#13882 = DIRECTION('',(-0.984807753012,1.126854202784E-17,0.173648177667
    ));
#13883 = ADVANCED_FACE('',(#13884),#13897,.F.);
#13884 = FACE_BOUND('',#13885,.F.);
#13885 = EDGE_LOOP('',(#13886,#13887,#13893,#13894,#13895,#13896));
#13886 = ORIENTED_EDGE('',*,*,#12915,.F.);
#13887 = ORIENTED_EDGE('',*,*,#13888,.T.);
#13888 = EDGE_CURVE('',#12907,#13016,#13889,.T.);
#13889 = LINE('',#13890,#13891);
#13890 = CARTESIAN_POINT('',(-0.85,-1.2,0.9));
#13891 = VECTOR('',#13892,1.);
#13892 = DIRECTION('',(1.144237745222E-17,1.,0.));
#13893 = ORIENTED_EDGE('',*,*,#13024,.T.);
#13894 = ORIENTED_EDGE('',*,*,#13046,.T.);
#13895 = ORIENTED_EDGE('',*,*,#12566,.F.);
#13896 = ORIENTED_EDGE('',*,*,#12799,.F.);
#13897 = PLANE('',#13898);
#13898 = AXIS2_PLACEMENT_3D('',#13899,#13900,#13901);
#13899 = CARTESIAN_POINT('',(-0.85,-1.2,0.9));
#13900 = DIRECTION('',(0.,0.,-1.));
#13901 = DIRECTION('',(1.,-1.144237745222E-17,0.));
#13902 = ADVANCED_FACE('',(#13903),#13916,.F.);
#13903 = FACE_BOUND('',#13904,.F.);
#13904 = EDGE_LOOP('',(#13905,#13906,#13912,#13913,#13914,#13915));
#13905 = ORIENTED_EDGE('',*,*,#13138,.F.);
#13906 = ORIENTED_EDGE('',*,*,#13907,.T.);
#13907 = EDGE_CURVE('',#13130,#13239,#13908,.T.);
#13908 = LINE('',#13909,#13910);
#13909 = CARTESIAN_POINT('',(-0.85,-0.25,0.9));
#13910 = VECTOR('',#13911,1.);
#13911 = DIRECTION('',(1.144237745222E-17,1.,0.));
#13912 = ORIENTED_EDGE('',*,*,#13247,.T.);
#13913 = ORIENTED_EDGE('',*,*,#13264,.T.);
#13914 = ORIENTED_EDGE('',*,*,#12582,.F.);
#13915 = ORIENTED_EDGE('',*,*,#13039,.F.);
#13916 = PLANE('',#13917);
#13917 = AXIS2_PLACEMENT_3D('',#13918,#13919,#13920);
#13918 = CARTESIAN_POINT('',(-0.85,-0.25,0.9));
#13919 = DIRECTION('',(0.,0.,-1.));
#13920 = DIRECTION('',(1.,-1.144237745222E-17,0.));
#13921 = ADVANCED_FACE('',(#13922,#13951),#13962,.T.);
#13922 = FACE_BOUND('',#13923,.T.);
#13923 = EDGE_LOOP('',(#13924,#13925,#13926,#13927,#13935,#13943,#13949,
    #13950));
#13924 = ORIENTED_EDGE('',*,*,#12657,.F.);
#13925 = ORIENTED_EDGE('',*,*,#12634,.F.);
#13926 = ORIENTED_EDGE('',*,*,#12605,.F.);
#13927 = ORIENTED_EDGE('',*,*,#13928,.F.);
#13928 = EDGE_CURVE('',#13929,#12606,#13931,.T.);
#13929 = VERTEX_POINT('',#13930);
#13930 = CARTESIAN_POINT('',(-0.646824228722,-1.333648457443,1.55));
#13931 = LINE('',#13932,#13933);
#13932 = CARTESIAN_POINT('',(-0.646824228722,-1.333648457443,1.55));
#13933 = VECTOR('',#13934,1.);
#13934 = DIRECTION('',(-0.707106781187,0.707106781187,0.));
#13935 = ORIENTED_EDGE('',*,*,#13936,.F.);
#13936 = EDGE_CURVE('',#13937,#13929,#13939,.T.);
#13937 = VERTEX_POINT('',#13938);
#13938 = CARTESIAN_POINT('',(0.646824228722,-1.333648457443,1.55));
#13939 = LINE('',#13940,#13941);
#13940 = CARTESIAN_POINT('',(0.646824228722,-1.333648457443,1.55));
#13941 = VECTOR('',#13942,1.);
#13942 = DIRECTION('',(-1.,-1.110223024625E-16,0.));
#13943 = ORIENTED_EDGE('',*,*,#13944,.F.);
#13944 = EDGE_CURVE('',#12729,#13937,#13945,.T.);
#13945 = LINE('',#13946,#13947);
#13946 = CARTESIAN_POINT('',(0.683648457443,-1.296824228722,1.55));
#13947 = VECTOR('',#13948,1.);
#13948 = DIRECTION('',(-0.707106781187,-0.707106781187,0.));
#13949 = ORIENTED_EDGE('',*,*,#12735,.F.);
#13950 = ORIENTED_EDGE('',*,*,#12680,.F.);
#13951 = FACE_BOUND('',#13952,.T.);
#13952 = EDGE_LOOP('',(#13953));
#13953 = ORIENTED_EDGE('',*,*,#13954,.T.);
#13954 = EDGE_CURVE('',#13955,#13955,#13957,.T.);
#13955 = VERTEX_POINT('',#13956);
#13956 = CARTESIAN_POINT('',(-0.483648457443,1.083648457443,1.55));
#13957 = CIRCLE('',#13958,5.E-02);
#13958 = AXIS2_PLACEMENT_3D('',#13959,#13960,#13961);
#13959 = CARTESIAN_POINT('',(-0.483648457443,1.133648457443,1.55));
#13960 = DIRECTION('',(0.,-0.,-1.));
#13961 = DIRECTION('',(1.110223024625E-16,-1.,0.));
#13962 = PLANE('',#13963);
#13963 = AXIS2_PLACEMENT_3D('',#13964,#13965,#13966);
#13964 = CARTESIAN_POINT('',(-0.646824228722,1.333648457443,1.55));
#13965 = DIRECTION('',(0.,0.,1.));
#13966 = DIRECTION('',(0.436386464522,-0.899759330922,0.));
#13967 = ADVANCED_FACE('',(#13968),#13978,.F.);
#13968 = FACE_BOUND('',#13969,.F.);
#13969 = EDGE_LOOP('',(#13970,#13971,#13972,#13973));
#13970 = ORIENTED_EDGE('',*,*,#12806,.T.);
#13971 = ORIENTED_EDGE('',*,*,#12613,.T.);
#13972 = ORIENTED_EDGE('',*,*,#13928,.F.);
#13973 = ORIENTED_EDGE('',*,*,#13974,.F.);
#13974 = EDGE_CURVE('',#12807,#13929,#13975,.T.);
#13975 = B_SPLINE_CURVE_WITH_KNOTS('',1,(#13976,#13977),.UNSPECIFIED.,
  .F.,.F.,(2,2),(0.,1.),.PIECEWISE_BEZIER_KNOTS.);
#13976 = CARTESIAN_POINT('',(-0.6925,-1.425,0.9));
#13977 = CARTESIAN_POINT('',(-0.646824228722,-1.333648457443,1.55));
#13978 = B_SPLINE_SURFACE_WITH_KNOTS('',1,1,(
    (#13979,#13980)
    ,(#13981,#13982
    )),.UNSPECIFIED.,.F.,.F.,.F.,(2,2),(2,2),(0.,0.116672618896),(0.,1.)
  ,.PIECEWISE_BEZIER_KNOTS.);
#13979 = CARTESIAN_POINT('',(-0.6925,-1.425,0.9));
#13980 = CARTESIAN_POINT('',(-0.646824228722,-1.333648457443,1.55));
#13981 = CARTESIAN_POINT('',(-0.775,-1.3425,0.9));
#13982 = CARTESIAN_POINT('',(-0.683648457443,-1.296824228722,1.55));
#13983 = ADVANCED_FACE('',(#13984),#13997,.F.);
#13984 = FACE_BOUND('',#13985,.F.);
#13985 = EDGE_LOOP('',(#13986,#13987,#13993,#13994,#13995,#13996));
#13986 = ORIENTED_EDGE('',*,*,#13747,.F.);
#13987 = ORIENTED_EDGE('',*,*,#13988,.T.);
#13988 = EDGE_CURVE('',#13739,#13848,#13989,.T.);
#13989 = LINE('',#13990,#13991);
#13990 = CARTESIAN_POINT('',(0.85,-0.7,0.9));
#13991 = VECTOR('',#13992,1.);
#13992 = DIRECTION('',(1.110223024625E-16,-1.,0.));
#13993 = ORIENTED_EDGE('',*,*,#13856,.T.);
#13994 = ORIENTED_EDGE('',*,*,#12788,.T.);
#13995 = ORIENTED_EDGE('',*,*,#12712,.F.);
#13996 = ORIENTED_EDGE('',*,*,#13654,.F.);
#13997 = PLANE('',#13998);
#13998 = AXIS2_PLACEMENT_3D('',#13999,#14000,#14001);
#13999 = CARTESIAN_POINT('',(0.85,-0.7,0.9));
#14000 = DIRECTION('',(0.,0.,-1.));
#14001 = DIRECTION('',(-1.,-1.110223024625E-16,-0.));
#14002 = ADVANCED_FACE('',(#14003),#14013,.F.);
#14003 = FACE_BOUND('',#14004,.F.);
#14004 = EDGE_LOOP('',(#14005,#14006,#14011,#14012));
#14005 = ORIENTED_EDGE('',*,*,#12822,.T.);
#14006 = ORIENTED_EDGE('',*,*,#14007,.T.);
#14007 = EDGE_CURVE('',#12815,#13937,#14008,.T.);
#14008 = B_SPLINE_CURVE_WITH_KNOTS('',1,(#14009,#14010),.UNSPECIFIED.,
  .F.,.F.,(2,2),(0.,1.),.PIECEWISE_BEZIER_KNOTS.);
#14009 = CARTESIAN_POINT('',(0.6925,-1.425,0.9));
#14010 = CARTESIAN_POINT('',(0.646824228722,-1.333648457443,1.55));
#14011 = ORIENTED_EDGE('',*,*,#13944,.F.);
#14012 = ORIENTED_EDGE('',*,*,#12728,.F.);
#14013 = B_SPLINE_SURFACE_WITH_KNOTS('',1,1,(
    (#14014,#14015)
    ,(#14016,#14017
    )),.UNSPECIFIED.,.F.,.F.,.F.,(2,2),(2,2),(0.,0.116672618896),(0.,1.)
  ,.PIECEWISE_BEZIER_KNOTS.);
#14014 = CARTESIAN_POINT('',(0.775,-1.3425,0.9));
#14015 = CARTESIAN_POINT('',(0.683648457443,-1.296824228722,1.55));
#14016 = CARTESIAN_POINT('',(0.6925,-1.425,0.9));
#14017 = CARTESIAN_POINT('',(0.646824228722,-1.333648457443,1.55));
#14018 = ADVANCED_FACE('',(#14019),#14030,.T.);
#14019 = FACE_BOUND('',#14020,.T.);
#14020 = EDGE_LOOP('',(#14021,#14022,#14023,#14024));
#14021 = ORIENTED_EDGE('',*,*,#13534,.T.);
#14022 = ORIENTED_EDGE('',*,*,#12758,.T.);
#14023 = ORIENTED_EDGE('',*,*,#13636,.F.);
#14024 = ORIENTED_EDGE('',*,*,#14025,.F.);
#14025 = EDGE_CURVE('',#13527,#13629,#14026,.T.);
#14026 = LINE('',#14027,#14028);
#14027 = CARTESIAN_POINT('',(1.096201938253,1.2,0.693412044417));
#14028 = VECTOR('',#14029,1.);
#14029 = DIRECTION('',(1.110223024625E-16,-1.,0.));
#14030 = CYLINDRICAL_SURFACE('',#14031,0.25);
#14031 = AXIS2_PLACEMENT_3D('',#14032,#14033,#14034);
#14032 = CARTESIAN_POINT('',(0.85,1.2,0.65));
#14033 = DIRECTION('',(-1.110223024625E-16,1.,0.));
#14034 = DIRECTION('',(0.984807753012,1.093356242223E-16,0.173648177667)
  );
#14035 = ADVANCED_FACE('',(#14036),#14042,.F.);
#14036 = FACE_BOUND('',#14037,.F.);
#14037 = EDGE_LOOP('',(#14038,#14039,#14040,#14041));
#14038 = ORIENTED_EDGE('',*,*,#12814,.T.);
#14039 = ORIENTED_EDGE('',*,*,#13974,.T.);
#14040 = ORIENTED_EDGE('',*,*,#13936,.F.);
#14041 = ORIENTED_EDGE('',*,*,#14007,.F.);
#14042 = B_SPLINE_SURFACE_WITH_KNOTS('',1,1,(
    (#14043,#14044)
    ,(#14045,#14046
    )),.UNSPECIFIED.,.F.,.F.,.F.,(2,2),(2,2),(0.,1.385),(0.,1.),
  .PIECEWISE_BEZIER_KNOTS.);
#14043 = CARTESIAN_POINT('',(0.6925,-1.425,0.9));
#14044 = CARTESIAN_POINT('',(0.646824228722,-1.333648457443,1.55));
#14045 = CARTESIAN_POINT('',(-0.6925,-1.425,0.9));
#14046 = CARTESIAN_POINT('',(-0.646824228722,-1.333648457443,1.55));
#14047 = ADVANCED_FACE('',(#14048),#14059,.T.);
#14048 = FACE_BOUND('',#14049,.T.);
#14049 = EDGE_LOOP('',(#14050,#14051,#14052,#14053));
#14050 = ORIENTED_EDGE('',*,*,#12906,.T.);
#14051 = ORIENTED_EDGE('',*,*,#13888,.T.);
#14052 = ORIENTED_EDGE('',*,*,#13015,.F.);
#14053 = ORIENTED_EDGE('',*,*,#14054,.F.);
#14054 = EDGE_CURVE('',#12899,#13008,#14055,.T.);
#14055 = LINE('',#14056,#14057);
#14056 = CARTESIAN_POINT('',(-1.096201938253,-1.2,0.693412044417));
#14057 = VECTOR('',#14058,1.);
#14058 = DIRECTION('',(1.144237745222E-17,1.,0.));
#14059 = CYLINDRICAL_SURFACE('',#14060,0.25);
#14060 = AXIS2_PLACEMENT_3D('',#14061,#14062,#14063);
#14061 = CARTESIAN_POINT('',(-0.85,-1.2,0.65));
#14062 = DIRECTION('',(-1.144237745222E-17,-1.,0.));
#14063 = DIRECTION('',(-0.984807753012,1.126854202784E-17,0.173648177667
    ));
#14064 = ADVANCED_FACE('',(#14065),#14076,.F.);
#14065 = FACE_BOUND('',#14066,.F.);
#14066 = EDGE_LOOP('',(#14067,#14073,#14074,#14075));
#14067 = ORIENTED_EDGE('',*,*,#14068,.T.);
#14068 = EDGE_CURVE('',#12890,#12999,#14069,.T.);
#14069 = LINE('',#14070,#14071);
#14070 = CARTESIAN_POINT('',(-1.172050016982,-1.2,0.232635182233));
#14071 = VECTOR('',#14072,1.);
#14072 = DIRECTION('',(1.144237745222E-17,1.,0.));
#14073 = ORIENTED_EDGE('',*,*,#13007,.T.);
#14074 = ORIENTED_EDGE('',*,*,#14054,.F.);
#14075 = ORIENTED_EDGE('',*,*,#12898,.F.);
#14076 = PLANE('',#14077);
#14077 = AXIS2_PLACEMENT_3D('',#14078,#14079,#14080);
#14078 = CARTESIAN_POINT('',(-1.172050016982,-1.2,0.232635182233));
#14079 = DIRECTION('',(0.986721169868,-1.129043606572E-17,
    -0.162423314012));
#14080 = DIRECTION('',(0.162423314012,-1.858508865964E-18,0.986721169868
    ));
#14081 = ADVANCED_FACE('',(#14082),#14093,.F.);
#14082 = FACE_BOUND('',#14083,.F.);
#14083 = EDGE_LOOP('',(#14084,#14090,#14091,#14092));
#14084 = ORIENTED_EDGE('',*,*,#14085,.T.);
#14085 = EDGE_CURVE('',#12882,#12991,#14086,.T.);
#14086 = LINE('',#14087,#14088);
#14087 = CARTESIAN_POINT('',(-1.270530792283,-1.2,0.15));
#14088 = VECTOR('',#14089,1.);
#14089 = DIRECTION('',(1.144237745222E-17,1.,0.));
#14090 = ORIENTED_EDGE('',*,*,#12998,.T.);
#14091 = ORIENTED_EDGE('',*,*,#14068,.F.);
#14092 = ORIENTED_EDGE('',*,*,#12889,.F.);
#14093 = CYLINDRICAL_SURFACE('',#14094,0.1);
#14094 = AXIS2_PLACEMENT_3D('',#14095,#14096,#14097);
#14095 = CARTESIAN_POINT('',(-1.270530792283,-1.2,0.25));
#14096 = DIRECTION('',(-1.144237745222E-17,-1.,0.));
#14097 = DIRECTION('',(-2.22044604925E-15,2.540718180781E-32,-1.));
#14098 = ADVANCED_FACE('',(#14099),#14110,.F.);
#14099 = FACE_BOUND('',#14100,.F.);
#14100 = EDGE_LOOP('',(#14101,#14107,#14108,#14109));
#14101 = ORIENTED_EDGE('',*,*,#14102,.T.);
#14102 = EDGE_CURVE('',#12874,#12983,#14103,.T.);
#14103 = LINE('',#14104,#14105);
#14104 = CARTESIAN_POINT('',(-1.4,-1.2,0.15));
#14105 = VECTOR('',#14106,1.);
#14106 = DIRECTION('',(1.144237745222E-17,1.,0.));
#14107 = ORIENTED_EDGE('',*,*,#12990,.T.);
#14108 = ORIENTED_EDGE('',*,*,#14085,.F.);
#14109 = ORIENTED_EDGE('',*,*,#12881,.F.);
#14110 = PLANE('',#14111);
#14111 = AXIS2_PLACEMENT_3D('',#14112,#14113,#14114);
#14112 = CARTESIAN_POINT('',(-1.4,-1.2,0.15));
#14113 = DIRECTION('',(0.,0.,-1.));
#14114 = DIRECTION('',(1.,-1.144237745222E-17,0.));
#14115 = ADVANCED_FACE('',(#14116),#14127,.F.);
#14116 = FACE_BOUND('',#14117,.F.);
#14117 = EDGE_LOOP('',(#14118,#14124,#14125,#14126));
#14118 = ORIENTED_EDGE('',*,*,#14119,.T.);
#14119 = EDGE_CURVE('',#12866,#12975,#14120,.T.);
#14120 = LINE('',#14121,#14122);
#14121 = CARTESIAN_POINT('',(-1.4,-1.2,0.));
#14122 = VECTOR('',#14123,1.);
#14123 = DIRECTION('',(1.144237745222E-17,1.,0.));
#14124 = ORIENTED_EDGE('',*,*,#12982,.T.);
#14125 = ORIENTED_EDGE('',*,*,#14102,.F.);
#14126 = ORIENTED_EDGE('',*,*,#12873,.F.);
#14127 = PLANE('',#14128);
#14128 = AXIS2_PLACEMENT_3D('',#14129,#14130,#14131);
#14129 = CARTESIAN_POINT('',(-1.4,-1.2,0.));
#14130 = DIRECTION('',(1.,-1.144237745222E-17,0.));
#14131 = DIRECTION('',(0.,0.,1.));
#14132 = ADVANCED_FACE('',(#14133),#14144,.F.);
#14133 = FACE_BOUND('',#14134,.F.);
#14134 = EDGE_LOOP('',(#14135,#14141,#14142,#14143));
#14135 = ORIENTED_EDGE('',*,*,#14136,.T.);
#14136 = EDGE_CURVE('',#12857,#12966,#14137,.T.);
#14137 = LINE('',#14138,#14139);
#14138 = CARTESIAN_POINT('',(-1.270530792283,-1.2,0.));
#14139 = VECTOR('',#14140,1.);
#14140 = DIRECTION('',(1.144237745222E-17,1.,0.));
#14141 = ORIENTED_EDGE('',*,*,#12974,.T.);
#14142 = ORIENTED_EDGE('',*,*,#14119,.F.);
#14143 = ORIENTED_EDGE('',*,*,#12865,.F.);
#14144 = PLANE('',#14145);
#14145 = AXIS2_PLACEMENT_3D('',#14146,#14147,#14148);
#14146 = CARTESIAN_POINT('',(-1.270530792283,-1.2,0.));
#14147 = DIRECTION('',(0.,0.,1.));
#14148 = DIRECTION('',(-1.,1.144237745222E-17,0.));
#14149 = ADVANCED_FACE('',(#14150),#14161,.T.);
#14150 = FACE_BOUND('',#14151,.T.);
#14151 = EDGE_LOOP('',(#14152,#14153,#14154,#14155));
#14152 = ORIENTED_EDGE('',*,*,#12856,.T.);
#14153 = ORIENTED_EDGE('',*,*,#14136,.T.);
#14154 = ORIENTED_EDGE('',*,*,#12965,.F.);
#14155 = ORIENTED_EDGE('',*,*,#14156,.F.);
#14156 = EDGE_CURVE('',#12849,#12958,#14157,.T.);
#14157 = LINE('',#14158,#14159);
#14158 = CARTESIAN_POINT('',(-1.02432885403,-1.2,0.206587955583));
#14159 = VECTOR('',#14160,1.);
#14160 = DIRECTION('',(1.144237745222E-17,1.,0.));
#14161 = CYLINDRICAL_SURFACE('',#14162,0.25);
#14162 = AXIS2_PLACEMENT_3D('',#14163,#14164,#14165);
#14163 = CARTESIAN_POINT('',(-1.270530792283,-1.2,0.25));
#14164 = DIRECTION('',(-1.144237745222E-17,-1.,0.));
#14165 = DIRECTION('',(0.984807753012,-1.126854202784E-17,
    -0.173648177667));
#14166 = ADVANCED_FACE('',(#14167),#14173,.F.);
#14167 = FACE_BOUND('',#14168,.F.);
#14168 = EDGE_LOOP('',(#14169,#14170,#14171,#14172));
#14169 = ORIENTED_EDGE('',*,*,#12939,.T.);
#14170 = ORIENTED_EDGE('',*,*,#12957,.T.);
#14171 = ORIENTED_EDGE('',*,*,#14156,.F.);
#14172 = ORIENTED_EDGE('',*,*,#12848,.F.);
#14173 = PLANE('',#14174);
#14174 = AXIS2_PLACEMENT_3D('',#14175,#14176,#14177);
#14175 = CARTESIAN_POINT('',(-0.948480775301,-1.2,0.667364817767));
#14176 = DIRECTION('',(-0.986721169868,1.129043606572E-17,0.162423314012
    ));
#14177 = DIRECTION('',(-0.162423314012,1.858508865964E-18,
    -0.986721169868));
#14178 = ADVANCED_FACE('',(#14179),#14190,.T.);
#14179 = FACE_BOUND('',#14180,.T.);
#14180 = EDGE_LOOP('',(#14181,#14182,#14183,#14184));
#14181 = ORIENTED_EDGE('',*,*,#13129,.T.);
#14182 = ORIENTED_EDGE('',*,*,#13907,.T.);
#14183 = ORIENTED_EDGE('',*,*,#13238,.F.);
#14184 = ORIENTED_EDGE('',*,*,#14185,.F.);
#14185 = EDGE_CURVE('',#13122,#13231,#14186,.T.);
#14186 = LINE('',#14187,#14188);
#14187 = CARTESIAN_POINT('',(-1.096201938253,-0.25,0.693412044417));
#14188 = VECTOR('',#14189,1.);
#14189 = DIRECTION('',(1.144237745222E-17,1.,0.));
#14190 = CYLINDRICAL_SURFACE('',#14191,0.25);
#14191 = AXIS2_PLACEMENT_3D('',#14192,#14193,#14194);
#14192 = CARTESIAN_POINT('',(-0.85,-0.25,0.65));
#14193 = DIRECTION('',(-1.144237745222E-17,-1.,0.));
#14194 = DIRECTION('',(-0.984807753012,1.126854202784E-17,0.173648177667
    ));
#14195 = ADVANCED_FACE('',(#14196),#14207,.F.);
#14196 = FACE_BOUND('',#14197,.F.);
#14197 = EDGE_LOOP('',(#14198,#14204,#14205,#14206));
#14198 = ORIENTED_EDGE('',*,*,#14199,.T.);
#14199 = EDGE_CURVE('',#13113,#13222,#14200,.T.);
#14200 = LINE('',#14201,#14202);
#14201 = CARTESIAN_POINT('',(-1.172050016982,-0.25,0.232635182233));
#14202 = VECTOR('',#14203,1.);
#14203 = DIRECTION('',(1.144237745222E-17,1.,0.));
#14204 = ORIENTED_EDGE('',*,*,#13230,.T.);
#14205 = ORIENTED_EDGE('',*,*,#14185,.F.);
#14206 = ORIENTED_EDGE('',*,*,#13121,.F.);
#14207 = PLANE('',#14208);
#14208 = AXIS2_PLACEMENT_3D('',#14209,#14210,#14211);
#14209 = CARTESIAN_POINT('',(-1.172050016982,-0.25,0.232635182233));
#14210 = DIRECTION('',(0.986721169868,-1.129043606572E-17,
    -0.162423314012));
#14211 = DIRECTION('',(0.162423314012,-1.858508865964E-18,0.986721169868
    ));
#14212 = ADVANCED_FACE('',(#14213),#14224,.F.);
#14213 = FACE_BOUND('',#14214,.F.);
#14214 = EDGE_LOOP('',(#14215,#14221,#14222,#14223));
#14215 = ORIENTED_EDGE('',*,*,#14216,.T.);
#14216 = EDGE_CURVE('',#13105,#13214,#14217,.T.);
#14217 = LINE('',#14218,#14219);
#14218 = CARTESIAN_POINT('',(-1.270530792283,-0.25,0.15));
#14219 = VECTOR('',#14220,1.);
#14220 = DIRECTION('',(1.144237745222E-17,1.,0.));
#14221 = ORIENTED_EDGE('',*,*,#13221,.T.);
#14222 = ORIENTED_EDGE('',*,*,#14199,.F.);
#14223 = ORIENTED_EDGE('',*,*,#13112,.F.);
#14224 = CYLINDRICAL_SURFACE('',#14225,0.1);
#14225 = AXIS2_PLACEMENT_3D('',#14226,#14227,#14228);
#14226 = CARTESIAN_POINT('',(-1.270530792283,-0.25,0.25));
#14227 = DIRECTION('',(-1.144237745222E-17,-1.,0.));
#14228 = DIRECTION('',(-2.22044604925E-15,2.540718180781E-32,-1.));
#14229 = ADVANCED_FACE('',(#14230),#14241,.F.);
#14230 = FACE_BOUND('',#14231,.F.);
#14231 = EDGE_LOOP('',(#14232,#14238,#14239,#14240));
#14232 = ORIENTED_EDGE('',*,*,#14233,.T.);
#14233 = EDGE_CURVE('',#13097,#13206,#14234,.T.);
#14234 = LINE('',#14235,#14236);
#14235 = CARTESIAN_POINT('',(-1.4,-0.25,0.15));
#14236 = VECTOR('',#14237,1.);
#14237 = DIRECTION('',(1.144237745222E-17,1.,0.));
#14238 = ORIENTED_EDGE('',*,*,#13213,.T.);
#14239 = ORIENTED_EDGE('',*,*,#14216,.F.);
#14240 = ORIENTED_EDGE('',*,*,#13104,.F.);
#14241 = PLANE('',#14242);
#14242 = AXIS2_PLACEMENT_3D('',#14243,#14244,#14245);
#14243 = CARTESIAN_POINT('',(-1.4,-0.25,0.15));
#14244 = DIRECTION('',(0.,0.,-1.));
#14245 = DIRECTION('',(1.,-1.144237745222E-17,0.));
#14246 = ADVANCED_FACE('',(#14247),#14258,.F.);
#14247 = FACE_BOUND('',#14248,.F.);
#14248 = EDGE_LOOP('',(#14249,#14255,#14256,#14257));
#14249 = ORIENTED_EDGE('',*,*,#14250,.T.);
#14250 = EDGE_CURVE('',#13089,#13198,#14251,.T.);
#14251 = LINE('',#14252,#14253);
#14252 = CARTESIAN_POINT('',(-1.4,-0.25,0.));
#14253 = VECTOR('',#14254,1.);
#14254 = DIRECTION('',(1.144237745222E-17,1.,0.));
#14255 = ORIENTED_EDGE('',*,*,#13205,.T.);
#14256 = ORIENTED_EDGE('',*,*,#14233,.F.);
#14257 = ORIENTED_EDGE('',*,*,#13096,.F.);
#14258 = PLANE('',#14259);
#14259 = AXIS2_PLACEMENT_3D('',#14260,#14261,#14262);
#14260 = CARTESIAN_POINT('',(-1.4,-0.25,0.));
#14261 = DIRECTION('',(1.,-1.144237745222E-17,0.));
#14262 = DIRECTION('',(0.,0.,1.));
#14263 = ADVANCED_FACE('',(#14264),#14275,.F.);
#14264 = FACE_BOUND('',#14265,.F.);
#14265 = EDGE_LOOP('',(#14266,#14272,#14273,#14274));
#14266 = ORIENTED_EDGE('',*,*,#14267,.T.);
#14267 = EDGE_CURVE('',#13080,#13189,#14268,.T.);
#14268 = LINE('',#14269,#14270);
#14269 = CARTESIAN_POINT('',(-1.270530792283,-0.25,0.));
#14270 = VECTOR('',#14271,1.);
#14271 = DIRECTION('',(1.144237745222E-17,1.,0.));
#14272 = ORIENTED_EDGE('',*,*,#13197,.T.);
#14273 = ORIENTED_EDGE('',*,*,#14250,.F.);
#14274 = ORIENTED_EDGE('',*,*,#13088,.F.);
#14275 = PLANE('',#14276);
#14276 = AXIS2_PLACEMENT_3D('',#14277,#14278,#14279);
#14277 = CARTESIAN_POINT('',(-1.270530792283,-0.25,0.));
#14278 = DIRECTION('',(0.,0.,1.));
#14279 = DIRECTION('',(-1.,1.144237745222E-17,0.));
#14280 = ADVANCED_FACE('',(#14281),#14292,.T.);
#14281 = FACE_BOUND('',#14282,.T.);
#14282 = EDGE_LOOP('',(#14283,#14284,#14285,#14286));
#14283 = ORIENTED_EDGE('',*,*,#13079,.T.);
#14284 = ORIENTED_EDGE('',*,*,#14267,.T.);
#14285 = ORIENTED_EDGE('',*,*,#13188,.F.);
#14286 = ORIENTED_EDGE('',*,*,#14287,.F.);
#14287 = EDGE_CURVE('',#13072,#13181,#14288,.T.);
#14288 = LINE('',#14289,#14290);
#14289 = CARTESIAN_POINT('',(-1.02432885403,-0.25,0.206587955583));
#14290 = VECTOR('',#14291,1.);
#14291 = DIRECTION('',(1.144237745222E-17,1.,0.));
#14292 = CYLINDRICAL_SURFACE('',#14293,0.25);
#14293 = AXIS2_PLACEMENT_3D('',#14294,#14295,#14296);
#14294 = CARTESIAN_POINT('',(-1.270530792283,-0.25,0.25));
#14295 = DIRECTION('',(-1.144237745222E-17,-1.,0.));
#14296 = DIRECTION('',(0.984807753012,-1.126854202784E-17,
    -0.173648177667));
#14297 = ADVANCED_FACE('',(#14298),#14304,.F.);
#14298 = FACE_BOUND('',#14299,.F.);
#14299 = EDGE_LOOP('',(#14300,#14301,#14302,#14303));
#14300 = ORIENTED_EDGE('',*,*,#13162,.T.);
#14301 = ORIENTED_EDGE('',*,*,#13180,.T.);
#14302 = ORIENTED_EDGE('',*,*,#14287,.F.);
#14303 = ORIENTED_EDGE('',*,*,#13071,.F.);
#14304 = PLANE('',#14305);
#14305 = AXIS2_PLACEMENT_3D('',#14306,#14307,#14308);
#14306 = CARTESIAN_POINT('',(-0.948480775301,-0.25,0.667364817767));
#14307 = DIRECTION('',(-0.986721169868,1.129043606572E-17,0.162423314012
    ));
#14308 = DIRECTION('',(-0.162423314012,1.858508865964E-18,
    -0.986721169868));
#14309 = ADVANCED_FACE('',(#14310),#14321,.F.);
#14310 = FACE_BOUND('',#14311,.F.);
#14311 = EDGE_LOOP('',(#14312,#14318,#14319,#14320));
#14312 = ORIENTED_EDGE('',*,*,#14313,.T.);
#14313 = EDGE_CURVE('',#13331,#13433,#14314,.T.);
#14314 = LINE('',#14315,#14316);
#14315 = CARTESIAN_POINT('',(-1.172050016982,0.7,0.232635182233));
#14316 = VECTOR('',#14317,1.);
#14317 = DIRECTION('',(1.144237745222E-17,1.,0.));
#14318 = ORIENTED_EDGE('',*,*,#13441,.T.);
#14319 = ORIENTED_EDGE('',*,*,#13873,.F.);
#14320 = ORIENTED_EDGE('',*,*,#13339,.F.);
#14321 = PLANE('',#14322);
#14322 = AXIS2_PLACEMENT_3D('',#14323,#14324,#14325);
#14323 = CARTESIAN_POINT('',(-1.172050016982,0.7,0.232635182233));
#14324 = DIRECTION('',(0.986721169868,-1.129043606572E-17,
    -0.162423314012));
#14325 = DIRECTION('',(0.162423314012,-1.858508865964E-18,0.986721169868
    ));
#14326 = ADVANCED_FACE('',(#14327),#14338,.F.);
#14327 = FACE_BOUND('',#14328,.F.);
#14328 = EDGE_LOOP('',(#14329,#14335,#14336,#14337));
#14329 = ORIENTED_EDGE('',*,*,#14330,.T.);
#14330 = EDGE_CURVE('',#13323,#13425,#14331,.T.);
#14331 = LINE('',#14332,#14333);
#14332 = CARTESIAN_POINT('',(-1.270530792283,0.7,0.15));
#14333 = VECTOR('',#14334,1.);
#14334 = DIRECTION('',(1.144237745222E-17,1.,0.));
#14335 = ORIENTED_EDGE('',*,*,#13432,.T.);
#14336 = ORIENTED_EDGE('',*,*,#14313,.F.);
#14337 = ORIENTED_EDGE('',*,*,#13330,.F.);
#14338 = CYLINDRICAL_SURFACE('',#14339,0.1);
#14339 = AXIS2_PLACEMENT_3D('',#14340,#14341,#14342);
#14340 = CARTESIAN_POINT('',(-1.270530792283,0.7,0.25));
#14341 = DIRECTION('',(-1.144237745222E-17,-1.,0.));
#14342 = DIRECTION('',(-2.22044604925E-15,2.540718180781E-32,-1.));
#14343 = ADVANCED_FACE('',(#14344),#14355,.F.);
#14344 = FACE_BOUND('',#14345,.F.);
#14345 = EDGE_LOOP('',(#14346,#14352,#14353,#14354));
#14346 = ORIENTED_EDGE('',*,*,#14347,.T.);
#14347 = EDGE_CURVE('',#13315,#13417,#14348,.T.);
#14348 = LINE('',#14349,#14350);
#14349 = CARTESIAN_POINT('',(-1.4,0.7,0.15));
#14350 = VECTOR('',#14351,1.);
#14351 = DIRECTION('',(1.144237745222E-17,1.,0.));
#14352 = ORIENTED_EDGE('',*,*,#13424,.T.);
#14353 = ORIENTED_EDGE('',*,*,#14330,.F.);
#14354 = ORIENTED_EDGE('',*,*,#13322,.F.);
#14355 = PLANE('',#14356);
#14356 = AXIS2_PLACEMENT_3D('',#14357,#14358,#14359);
#14357 = CARTESIAN_POINT('',(-1.4,0.7,0.15));
#14358 = DIRECTION('',(0.,0.,-1.));
#14359 = DIRECTION('',(1.,-1.144237745222E-17,0.));
#14360 = ADVANCED_FACE('',(#14361),#14372,.F.);
#14361 = FACE_BOUND('',#14362,.F.);
#14362 = EDGE_LOOP('',(#14363,#14369,#14370,#14371));
#14363 = ORIENTED_EDGE('',*,*,#14364,.T.);
#14364 = EDGE_CURVE('',#13307,#13409,#14365,.T.);
#14365 = LINE('',#14366,#14367);
#14366 = CARTESIAN_POINT('',(-1.4,0.7,0.));
#14367 = VECTOR('',#14368,1.);
#14368 = DIRECTION('',(1.144237745222E-17,1.,0.));
#14369 = ORIENTED_EDGE('',*,*,#13416,.T.);
#14370 = ORIENTED_EDGE('',*,*,#14347,.F.);
#14371 = ORIENTED_EDGE('',*,*,#13314,.F.);
#14372 = PLANE('',#14373);
#14373 = AXIS2_PLACEMENT_3D('',#14374,#14375,#14376);
#14374 = CARTESIAN_POINT('',(-1.4,0.7,0.));
#14375 = DIRECTION('',(1.,-1.144237745222E-17,0.));
#14376 = DIRECTION('',(0.,0.,1.));
#14377 = ADVANCED_FACE('',(#14378),#14389,.F.);
#14378 = FACE_BOUND('',#14379,.F.);
#14379 = EDGE_LOOP('',(#14380,#14386,#14387,#14388));
#14380 = ORIENTED_EDGE('',*,*,#14381,.T.);
#14381 = EDGE_CURVE('',#13298,#13400,#14382,.T.);
#14382 = LINE('',#14383,#14384);
#14383 = CARTESIAN_POINT('',(-1.270530792283,0.7,0.));
#14384 = VECTOR('',#14385,1.);
#14385 = DIRECTION('',(1.144237745222E-17,1.,0.));
#14386 = ORIENTED_EDGE('',*,*,#13408,.T.);
#14387 = ORIENTED_EDGE('',*,*,#14364,.F.);
#14388 = ORIENTED_EDGE('',*,*,#13306,.F.);
#14389 = PLANE('',#14390);
#14390 = AXIS2_PLACEMENT_3D('',#14391,#14392,#14393);
#14391 = CARTESIAN_POINT('',(-1.270530792283,0.7,0.));
#14392 = DIRECTION('',(0.,0.,1.));
#14393 = DIRECTION('',(-1.,1.144237745222E-17,0.));
#14394 = ADVANCED_FACE('',(#14395),#14406,.T.);
#14395 = FACE_BOUND('',#14396,.T.);
#14396 = EDGE_LOOP('',(#14397,#14398,#14399,#14400));
#14397 = ORIENTED_EDGE('',*,*,#13297,.T.);
#14398 = ORIENTED_EDGE('',*,*,#14381,.T.);
#14399 = ORIENTED_EDGE('',*,*,#13399,.F.);
#14400 = ORIENTED_EDGE('',*,*,#14401,.F.);
#14401 = EDGE_CURVE('',#13290,#13392,#14402,.T.);
#14402 = LINE('',#14403,#14404);
#14403 = CARTESIAN_POINT('',(-1.02432885403,0.7,0.206587955583));
#14404 = VECTOR('',#14405,1.);
#14405 = DIRECTION('',(1.144237745222E-17,1.,0.));
#14406 = CYLINDRICAL_SURFACE('',#14407,0.25);
#14407 = AXIS2_PLACEMENT_3D('',#14408,#14409,#14410);
#14408 = CARTESIAN_POINT('',(-1.270530792283,0.7,0.25));
#14409 = DIRECTION('',(-1.144237745222E-17,-1.,0.));
#14410 = DIRECTION('',(0.984807753012,-1.126854202784E-17,
    -0.173648177667));
#14411 = ADVANCED_FACE('',(#14412),#14418,.F.);
#14412 = FACE_BOUND('',#14413,.F.);
#14413 = EDGE_LOOP('',(#14414,#14415,#14416,#14417));
#14414 = ORIENTED_EDGE('',*,*,#13373,.T.);
#14415 = ORIENTED_EDGE('',*,*,#13391,.T.);
#14416 = ORIENTED_EDGE('',*,*,#14401,.F.);
#14417 = ORIENTED_EDGE('',*,*,#13289,.F.);
#14418 = PLANE('',#14419);
#14419 = AXIS2_PLACEMENT_3D('',#14420,#14421,#14422);
#14420 = CARTESIAN_POINT('',(-0.948480775301,0.7,0.667364817767));
#14421 = DIRECTION('',(-0.986721169868,1.129043606572E-17,0.162423314012
    ));
#14422 = DIRECTION('',(-0.162423314012,1.858508865964E-18,
    -0.986721169868));
#14423 = ADVANCED_FACE('',(#14424),#14435,.F.);
#14424 = FACE_BOUND('',#14425,.F.);
#14425 = EDGE_LOOP('',(#14426,#14432,#14433,#14434));
#14426 = ORIENTED_EDGE('',*,*,#14427,.T.);
#14427 = EDGE_CURVE('',#13518,#13620,#14428,.T.);
#14428 = LINE('',#14429,#14430);
#14429 = CARTESIAN_POINT('',(1.172050016982,1.2,0.232635182233));
#14430 = VECTOR('',#14431,1.);
#14431 = DIRECTION('',(1.110223024625E-16,-1.,0.));
#14432 = ORIENTED_EDGE('',*,*,#13628,.T.);
#14433 = ORIENTED_EDGE('',*,*,#14025,.F.);
#14434 = ORIENTED_EDGE('',*,*,#13526,.F.);
#14435 = PLANE('',#14436);
#14436 = AXIS2_PLACEMENT_3D('',#14437,#14438,#14439);
#14437 = CARTESIAN_POINT('',(1.172050016982,1.2,0.232635182233));
#14438 = DIRECTION('',(-0.986721169868,-1.095480561672E-16,
    -0.162423314012));
#14439 = DIRECTION('',(-0.162423314012,-1.803261029519E-17,
    0.986721169868));
#14440 = ADVANCED_FACE('',(#14441),#14452,.F.);
#14441 = FACE_BOUND('',#14442,.F.);
#14442 = EDGE_LOOP('',(#14443,#14449,#14450,#14451));
#14443 = ORIENTED_EDGE('',*,*,#14444,.T.);
#14444 = EDGE_CURVE('',#13510,#13612,#14445,.T.);
#14445 = LINE('',#14446,#14447);
#14446 = CARTESIAN_POINT('',(1.270530792283,1.2,0.15));
#14447 = VECTOR('',#14448,1.);
#14448 = DIRECTION('',(1.110223024625E-16,-1.,0.));
#14449 = ORIENTED_EDGE('',*,*,#13619,.T.);
#14450 = ORIENTED_EDGE('',*,*,#14427,.F.);
#14451 = ORIENTED_EDGE('',*,*,#13517,.F.);
#14452 = CYLINDRICAL_SURFACE('',#14453,0.1);
#14453 = AXIS2_PLACEMENT_3D('',#14454,#14455,#14456);
#14454 = CARTESIAN_POINT('',(1.270530792283,1.2,0.25));
#14455 = DIRECTION('',(-1.110223024625E-16,1.,0.));
#14456 = DIRECTION('',(2.22044604925E-15,2.465190328815E-31,-1.));
#14457 = ADVANCED_FACE('',(#14458),#14469,.F.);
#14458 = FACE_BOUND('',#14459,.F.);
#14459 = EDGE_LOOP('',(#14460,#14466,#14467,#14468));
#14460 = ORIENTED_EDGE('',*,*,#14461,.T.);
#14461 = EDGE_CURVE('',#13502,#13604,#14462,.T.);
#14462 = LINE('',#14463,#14464);
#14463 = CARTESIAN_POINT('',(1.4,1.2,0.15));
#14464 = VECTOR('',#14465,1.);
#14465 = DIRECTION('',(1.110223024625E-16,-1.,0.));
#14466 = ORIENTED_EDGE('',*,*,#13611,.T.);
#14467 = ORIENTED_EDGE('',*,*,#14444,.F.);
#14468 = ORIENTED_EDGE('',*,*,#13509,.F.);
#14469 = PLANE('',#14470);
#14470 = AXIS2_PLACEMENT_3D('',#14471,#14472,#14473);
#14471 = CARTESIAN_POINT('',(1.4,1.2,0.15));
#14472 = DIRECTION('',(0.,0.,-1.));
#14473 = DIRECTION('',(-1.,-1.110223024625E-16,-0.));
#14474 = ADVANCED_FACE('',(#14475),#14486,.F.);
#14475 = FACE_BOUND('',#14476,.F.);
#14476 = EDGE_LOOP('',(#14477,#14483,#14484,#14485));
#14477 = ORIENTED_EDGE('',*,*,#14478,.T.);
#14478 = EDGE_CURVE('',#13494,#13596,#14479,.T.);
#14479 = LINE('',#14480,#14481);
#14480 = CARTESIAN_POINT('',(1.4,1.2,0.));
#14481 = VECTOR('',#14482,1.);
#14482 = DIRECTION('',(1.110223024625E-16,-1.,0.));
#14483 = ORIENTED_EDGE('',*,*,#13603,.T.);
#14484 = ORIENTED_EDGE('',*,*,#14461,.F.);
#14485 = ORIENTED_EDGE('',*,*,#13501,.F.);
#14486 = PLANE('',#14487);
#14487 = AXIS2_PLACEMENT_3D('',#14488,#14489,#14490);
#14488 = CARTESIAN_POINT('',(1.4,1.2,0.));
#14489 = DIRECTION('',(-1.,-1.110223024625E-16,0.));
#14490 = DIRECTION('',(0.,0.,1.));
#14491 = ADVANCED_FACE('',(#14492),#14503,.F.);
#14492 = FACE_BOUND('',#14493,.F.);
#14493 = EDGE_LOOP('',(#14494,#14500,#14501,#14502));
#14494 = ORIENTED_EDGE('',*,*,#14495,.T.);
#14495 = EDGE_CURVE('',#13485,#13587,#14496,.T.);
#14496 = LINE('',#14497,#14498);
#14497 = CARTESIAN_POINT('',(1.270530792283,1.2,0.));
#14498 = VECTOR('',#14499,1.);
#14499 = DIRECTION('',(1.110223024625E-16,-1.,0.));
#14500 = ORIENTED_EDGE('',*,*,#13595,.T.);
#14501 = ORIENTED_EDGE('',*,*,#14478,.F.);
#14502 = ORIENTED_EDGE('',*,*,#13493,.F.);
#14503 = PLANE('',#14504);
#14504 = AXIS2_PLACEMENT_3D('',#14505,#14506,#14507);
#14505 = CARTESIAN_POINT('',(1.270530792283,1.2,0.));
#14506 = DIRECTION('',(0.,0.,1.));
#14507 = DIRECTION('',(1.,1.110223024625E-16,-0.));
#14508 = ADVANCED_FACE('',(#14509),#14520,.T.);
#14509 = FACE_BOUND('',#14510,.T.);
#14510 = EDGE_LOOP('',(#14511,#14512,#14513,#14514));
#14511 = ORIENTED_EDGE('',*,*,#13484,.T.);
#14512 = ORIENTED_EDGE('',*,*,#14495,.T.);
#14513 = ORIENTED_EDGE('',*,*,#13586,.F.);
#14514 = ORIENTED_EDGE('',*,*,#14515,.F.);
#14515 = EDGE_CURVE('',#13477,#13579,#14516,.T.);
#14516 = LINE('',#14517,#14518);
#14517 = CARTESIAN_POINT('',(1.02432885403,1.2,0.206587955583));
#14518 = VECTOR('',#14519,1.);
#14519 = DIRECTION('',(1.110223024625E-16,-1.,0.));
#14520 = CYLINDRICAL_SURFACE('',#14521,0.25);
#14521 = AXIS2_PLACEMENT_3D('',#14522,#14523,#14524);
#14522 = CARTESIAN_POINT('',(1.270530792283,1.2,0.25));
#14523 = DIRECTION('',(-1.110223024625E-16,1.,0.));
#14524 = DIRECTION('',(-0.984807753012,-1.093356242223E-16,
    -0.173648177667));
#14525 = ADVANCED_FACE('',(#14526),#14532,.F.);
#14526 = FACE_BOUND('',#14527,.F.);
#14527 = EDGE_LOOP('',(#14528,#14529,#14530,#14531));
#14528 = ORIENTED_EDGE('',*,*,#13560,.T.);
#14529 = ORIENTED_EDGE('',*,*,#13578,.T.);
#14530 = ORIENTED_EDGE('',*,*,#14515,.F.);
#14531 = ORIENTED_EDGE('',*,*,#13476,.F.);
#14532 = PLANE('',#14533);
#14533 = AXIS2_PLACEMENT_3D('',#14534,#14535,#14536);
#14534 = CARTESIAN_POINT('',(0.948480775301,1.2,0.667364817767));
#14535 = DIRECTION('',(0.986721169868,1.095480561672E-16,0.162423314012)
  );
#14536 = DIRECTION('',(0.162423314012,1.803261029519E-17,-0.986721169868
    ));
#14537 = ADVANCED_FACE('',(#14538),#14549,.T.);
#14538 = FACE_BOUND('',#14539,.T.);
#14539 = EDGE_LOOP('',(#14540,#14541,#14542,#14543));
#14540 = ORIENTED_EDGE('',*,*,#13738,.T.);
#14541 = ORIENTED_EDGE('',*,*,#13988,.T.);
#14542 = ORIENTED_EDGE('',*,*,#13847,.F.);
#14543 = ORIENTED_EDGE('',*,*,#14544,.F.);
#14544 = EDGE_CURVE('',#13731,#13840,#14545,.T.);
#14545 = LINE('',#14546,#14547);
#14546 = CARTESIAN_POINT('',(1.096201938253,-0.7,0.693412044417));
#14547 = VECTOR('',#14548,1.);
#14548 = DIRECTION('',(1.110223024625E-16,-1.,0.));
#14549 = CYLINDRICAL_SURFACE('',#14550,0.25);
#14550 = AXIS2_PLACEMENT_3D('',#14551,#14552,#14553);
#14551 = CARTESIAN_POINT('',(0.85,-0.7,0.65));
#14552 = DIRECTION('',(-1.110223024625E-16,1.,0.));
#14553 = DIRECTION('',(0.984807753012,1.093356242223E-16,0.173648177667)
  );
#14554 = ADVANCED_FACE('',(#14555),#14566,.F.);
#14555 = FACE_BOUND('',#14556,.F.);
#14556 = EDGE_LOOP('',(#14557,#14563,#14564,#14565));
#14557 = ORIENTED_EDGE('',*,*,#14558,.T.);
#14558 = EDGE_CURVE('',#13722,#13831,#14559,.T.);
#14559 = LINE('',#14560,#14561);
#14560 = CARTESIAN_POINT('',(1.172050016982,-0.7,0.232635182233));
#14561 = VECTOR('',#14562,1.);
#14562 = DIRECTION('',(1.110223024625E-16,-1.,0.));
#14563 = ORIENTED_EDGE('',*,*,#13839,.T.);
#14564 = ORIENTED_EDGE('',*,*,#14544,.F.);
#14565 = ORIENTED_EDGE('',*,*,#13730,.F.);
#14566 = PLANE('',#14567);
#14567 = AXIS2_PLACEMENT_3D('',#14568,#14569,#14570);
#14568 = CARTESIAN_POINT('',(1.172050016982,-0.7,0.232635182233));
#14569 = DIRECTION('',(-0.986721169868,-1.095480561672E-16,
    -0.162423314012));
#14570 = DIRECTION('',(-0.162423314012,-1.803261029519E-17,
    0.986721169868));
#14571 = ADVANCED_FACE('',(#14572),#14583,.F.);
#14572 = FACE_BOUND('',#14573,.F.);
#14573 = EDGE_LOOP('',(#14574,#14580,#14581,#14582));
#14574 = ORIENTED_EDGE('',*,*,#14575,.T.);
#14575 = EDGE_CURVE('',#13714,#13823,#14576,.T.);
#14576 = LINE('',#14577,#14578);
#14577 = CARTESIAN_POINT('',(1.270530792283,-0.7,0.15));
#14578 = VECTOR('',#14579,1.);
#14579 = DIRECTION('',(1.110223024625E-16,-1.,0.));
#14580 = ORIENTED_EDGE('',*,*,#13830,.T.);
#14581 = ORIENTED_EDGE('',*,*,#14558,.F.);
#14582 = ORIENTED_EDGE('',*,*,#13721,.F.);
#14583 = CYLINDRICAL_SURFACE('',#14584,0.1);
#14584 = AXIS2_PLACEMENT_3D('',#14585,#14586,#14587);
#14585 = CARTESIAN_POINT('',(1.270530792283,-0.7,0.25));
#14586 = DIRECTION('',(-1.110223024625E-16,1.,0.));
#14587 = DIRECTION('',(2.22044604925E-15,2.465190328815E-31,-1.));
#14588 = ADVANCED_FACE('',(#14589),#14600,.F.);
#14589 = FACE_BOUND('',#14590,.F.);
#14590 = EDGE_LOOP('',(#14591,#14597,#14598,#14599));
#14591 = ORIENTED_EDGE('',*,*,#14592,.T.);
#14592 = EDGE_CURVE('',#13706,#13815,#14593,.T.);
#14593 = LINE('',#14594,#14595);
#14594 = CARTESIAN_POINT('',(1.4,-0.7,0.15));
#14595 = VECTOR('',#14596,1.);
#14596 = DIRECTION('',(1.110223024625E-16,-1.,0.));
#14597 = ORIENTED_EDGE('',*,*,#13822,.T.);
#14598 = ORIENTED_EDGE('',*,*,#14575,.F.);
#14599 = ORIENTED_EDGE('',*,*,#13713,.F.);
#14600 = PLANE('',#14601);
#14601 = AXIS2_PLACEMENT_3D('',#14602,#14603,#14604);
#14602 = CARTESIAN_POINT('',(1.4,-0.7,0.15));
#14603 = DIRECTION('',(0.,0.,-1.));
#14604 = DIRECTION('',(-1.,-1.110223024625E-16,-0.));
#14605 = ADVANCED_FACE('',(#14606),#14617,.F.);
#14606 = FACE_BOUND('',#14607,.F.);
#14607 = EDGE_LOOP('',(#14608,#14614,#14615,#14616));
#14608 = ORIENTED_EDGE('',*,*,#14609,.T.);
#14609 = EDGE_CURVE('',#13698,#13807,#14610,.T.);
#14610 = LINE('',#14611,#14612);
#14611 = CARTESIAN_POINT('',(1.4,-0.7,0.));
#14612 = VECTOR('',#14613,1.);
#14613 = DIRECTION('',(1.110223024625E-16,-1.,0.));
#14614 = ORIENTED_EDGE('',*,*,#13814,.T.);
#14615 = ORIENTED_EDGE('',*,*,#14592,.F.);
#14616 = ORIENTED_EDGE('',*,*,#13705,.F.);
#14617 = PLANE('',#14618);
#14618 = AXIS2_PLACEMENT_3D('',#14619,#14620,#14621);
#14619 = CARTESIAN_POINT('',(1.4,-0.7,0.));
#14620 = DIRECTION('',(-1.,-1.110223024625E-16,0.));
#14621 = DIRECTION('',(0.,0.,1.));
#14622 = ADVANCED_FACE('',(#14623),#14634,.F.);
#14623 = FACE_BOUND('',#14624,.F.);
#14624 = EDGE_LOOP('',(#14625,#14631,#14632,#14633));
#14625 = ORIENTED_EDGE('',*,*,#14626,.T.);
#14626 = EDGE_CURVE('',#13689,#13798,#14627,.T.);
#14627 = LINE('',#14628,#14629);
#14628 = CARTESIAN_POINT('',(1.270530792283,-0.7,0.));
#14629 = VECTOR('',#14630,1.);
#14630 = DIRECTION('',(1.110223024625E-16,-1.,0.));
#14631 = ORIENTED_EDGE('',*,*,#13806,.T.);
#14632 = ORIENTED_EDGE('',*,*,#14609,.F.);
#14633 = ORIENTED_EDGE('',*,*,#13697,.F.);
#14634 = PLANE('',#14635);
#14635 = AXIS2_PLACEMENT_3D('',#14636,#14637,#14638);
#14636 = CARTESIAN_POINT('',(1.270530792283,-0.7,0.));
#14637 = DIRECTION('',(0.,0.,1.));
#14638 = DIRECTION('',(1.,1.110223024625E-16,-0.));
#14639 = ADVANCED_FACE('',(#14640),#14651,.T.);
#14640 = FACE_BOUND('',#14641,.T.);
#14641 = EDGE_LOOP('',(#14642,#14643,#14644,#14645));
#14642 = ORIENTED_EDGE('',*,*,#13688,.T.);
#14643 = ORIENTED_EDGE('',*,*,#14626,.T.);
#14644 = ORIENTED_EDGE('',*,*,#13797,.F.);
#14645 = ORIENTED_EDGE('',*,*,#14646,.F.);
#14646 = EDGE_CURVE('',#13681,#13790,#14647,.T.);
#14647 = LINE('',#14648,#14649);
#14648 = CARTESIAN_POINT('',(1.02432885403,-0.7,0.206587955583));
#14649 = VECTOR('',#14650,1.);
#14650 = DIRECTION('',(1.110223024625E-16,-1.,0.));
#14651 = CYLINDRICAL_SURFACE('',#14652,0.25);
#14652 = AXIS2_PLACEMENT_3D('',#14653,#14654,#14655);
#14653 = CARTESIAN_POINT('',(1.270530792283,-0.7,0.25));
#14654 = DIRECTION('',(-1.110223024625E-16,1.,0.));
#14655 = DIRECTION('',(-0.984807753012,-1.093356242223E-16,
    -0.173648177667));
#14656 = ADVANCED_FACE('',(#14657),#14663,.F.);
#14657 = FACE_BOUND('',#14658,.F.);
#14658 = EDGE_LOOP('',(#14659,#14660,#14661,#14662));
#14659 = ORIENTED_EDGE('',*,*,#13771,.T.);
#14660 = ORIENTED_EDGE('',*,*,#13789,.T.);
#14661 = ORIENTED_EDGE('',*,*,#14646,.F.);
#14662 = ORIENTED_EDGE('',*,*,#13680,.F.);
#14663 = PLANE('',#14664);
#14664 = AXIS2_PLACEMENT_3D('',#14665,#14666,#14667);
#14665 = CARTESIAN_POINT('',(0.948480775301,-0.7,0.667364817767));
#14666 = DIRECTION('',(0.986721169868,1.095480561672E-16,0.162423314012)
  );
#14667 = DIRECTION('',(0.162423314012,1.803261029519E-17,-0.986721169868
    ));
#14668 = ADVANCED_FACE('',(#14669),#14672,.F.);
#14669 = FACE_BOUND('',#14670,.T.);
#14670 = EDGE_LOOP('',(#14671));
#14671 = ORIENTED_EDGE('',*,*,#13954,.F.);
#14672 = PLANE('',#14673);
#14673 = AXIS2_PLACEMENT_3D('',#14674,#14675,#14676);
#14674 = CARTESIAN_POINT('',(-0.483648457443,1.133648457443,1.55));
#14675 = DIRECTION('',(0.,0.,-1.));
#14676 = DIRECTION('',(1.110223024625E-16,-1.,0.));
#14677 = ( GEOMETRIC_REPRESENTATION_CONTEXT(3) 
GLOBAL_UNCERTAINTY_ASSIGNED_CONTEXT((#14681)) 
GLOBAL_UNIT_ASSIGNED_CONTEXT((#14678,#14679,#14680)) 
REPRESENTATION_CONTEXT('Context #1',
  '3D Context with UNIT and UNCERTAINTY') );
#14678 = ( LENGTH_UNIT() NAMED_UNIT(*) SI_UNIT(.MILLI.,.METRE.) );
#14679 = ( NAMED_UNIT(*) PLANE_ANGLE_UNIT() SI_UNIT($,.RADIAN.) );
#14680 = ( NAMED_UNIT(*) SI_UNIT($,.STERADIAN.) SOLID_ANGLE_UNIT() );
#14681 = UNCERTAINTY_MEASURE_WITH_UNIT(LENGTH_MEASURE(1.E-07),#14678,
  'distance_accuracy_value','confusion accuracy');
#14682 = CONTEXT_DEPENDENT_SHAPE_REPRESENTATION(#14683,#14685);
#14683 = ( REPRESENTATION_RELATIONSHIP('','',#11607,#10) 
REPRESENTATION_RELATIONSHIP_WITH_TRANSFORMATION(#14684) 
SHAPE_REPRESENTATION_RELATIONSHIP() );
#14684 = ITEM_DEFINED_TRANSFORMATION('','',#11,#79);
#14685 = PRODUCT_DEFINITION_SHAPE('Placement','Placement of an item',
  #14686);
#14686 = NEXT_ASSEMBLY_USAGE_OCCURRENCE('17','U4','',#5,#11602,$);
#14687 = PRODUCT_RELATED_PRODUCT_CATEGORY('part',$,(#11604));
#14688 = CONTEXT_DEPENDENT_SHAPE_REPRESENTATION(#14689,#14691);
#14689 = ( REPRESENTATION_RELATIONSHIP('','',#152,#10) 
REPRESENTATION_RELATIONSHIP_WITH_TRANSFORMATION(#14690) 
SHAPE_REPRESENTATION_RELATIONSHIP() );
#14690 = ITEM_DEFINED_TRANSFORMATION('','',#11,#83);
#14691 = PRODUCT_DEFINITION_SHAPE('Placement','Placement of an item',
  #14692);
#14692 = NEXT_ASSEMBLY_USAGE_OCCURRENCE('18','R3','',#5,#147,$);
#14693 = SHAPE_DEFINITION_REPRESENTATION(#14694,#14700);
#14694 = PRODUCT_DEFINITION_SHAPE('','',#14695);
#14695 = PRODUCT_DEFINITION('design','',#14696,#14699);
#14696 = PRODUCT_DEFINITION_FORMATION('','',#14697);
#14697 = PRODUCT('D_0603_1608Metric','D_0603_1608Metric','',(#14698));
#14698 = PRODUCT_CONTEXT('',#2,'mechanical');
#14699 = PRODUCT_DEFINITION_CONTEXT('part definition',#2,'design');
#14700 = ADVANCED_BREP_SHAPE_REPRESENTATION('',(#11,#14701),#16025);
#14701 = MANIFOLD_SOLID_BREP('',#14702);
#14702 = CLOSED_SHELL('',(#14703,#14760,#14843,#14878,#14968,#14993,
    #15068,#15085,#15171,#15195,#15303,#15320,#15337,#15361,#15373,
    #15390,#15402,#15419,#15436,#15453,#15522,#15547,#15564,#15630,
    #15642,#15659,#15690,#15714,#15738,#15755,#15789,#15824,#15848,
    #15883,#15910,#15945,#15969,#15997,#16009));
#14703 = ADVANCED_FACE('',(#14704),#14755,.T.);
#14704 = FACE_BOUND('',#14705,.T.);
#14705 = EDGE_LOOP('',(#14706,#14716,#14724,#14732,#14740,#14749));
#14706 = ORIENTED_EDGE('',*,*,#14707,.F.);
#14707 = EDGE_CURVE('',#14708,#14710,#14712,.T.);
#14708 = VERTEX_POINT('',#14709);
#14709 = CARTESIAN_POINT('',(0.48,0.35,0.66));
#14710 = VERTEX_POINT('',#14711);
#14711 = CARTESIAN_POINT('',(0.77,0.35,0.66));
#14712 = LINE('',#14713,#14714);
#14713 = CARTESIAN_POINT('',(0.45,0.35,0.66));
#14714 = VECTOR('',#14715,1.);
#14715 = DIRECTION('',(1.,-2.22044604925E-16,0.));
#14716 = ORIENTED_EDGE('',*,*,#14717,.T.);
#14717 = EDGE_CURVE('',#14708,#14718,#14720,.T.);
#14718 = VERTEX_POINT('',#14719);
#14719 = CARTESIAN_POINT('',(0.48,-0.35,0.66));
#14720 = LINE('',#14721,#14722);
#14721 = CARTESIAN_POINT('',(0.48,0.35,0.66));
#14722 = VECTOR('',#14723,1.);
#14723 = DIRECTION('',(-2.22044604925E-16,-1.,0.));
#14724 = ORIENTED_EDGE('',*,*,#14725,.T.);
#14725 = EDGE_CURVE('',#14718,#14726,#14728,.T.);
#14726 = VERTEX_POINT('',#14727);
#14727 = CARTESIAN_POINT('',(0.77,-0.35,0.66));
#14728 = LINE('',#14729,#14730);
#14729 = CARTESIAN_POINT('',(0.45,-0.35,0.66));
#14730 = VECTOR('',#14731,1.);
#14731 = DIRECTION('',(1.,-2.22044604925E-16,0.));
#14732 = ORIENTED_EDGE('',*,*,#14733,.F.);
#14733 = EDGE_CURVE('',#14734,#14726,#14736,.T.);
#14734 = VERTEX_POINT('',#14735);
#14735 = CARTESIAN_POINT('',(0.77,-0.21,0.66));
#14736 = LINE('',#14737,#14738);
#14737 = CARTESIAN_POINT('',(0.77,0.35,0.66));
#14738 = VECTOR('',#14739,1.);
#14739 = DIRECTION('',(-2.22044604925E-16,-1.,0.));
#14740 = ORIENTED_EDGE('',*,*,#14741,.F.);
#14741 = EDGE_CURVE('',#14742,#14734,#14744,.T.);
#14742 = VERTEX_POINT('',#14743);
#14743 = CARTESIAN_POINT('',(0.77,0.21,0.66));
#14744 = CIRCLE('',#14745,0.21);
#14745 = AXIS2_PLACEMENT_3D('',#14746,#14747,#14748);
#14746 = CARTESIAN_POINT('',(0.77,-1.848521336001E-16,0.66));
#14747 = DIRECTION('',(0.,0.,1.));
#14748 = DIRECTION('',(-2.22044604925E-16,-1.,0.));
#14749 = ORIENTED_EDGE('',*,*,#14750,.F.);
#14750 = EDGE_CURVE('',#14710,#14742,#14751,.T.);
#14751 = LINE('',#14752,#14753);
#14752 = CARTESIAN_POINT('',(0.77,0.35,0.66));
#14753 = VECTOR('',#14754,1.);
#14754 = DIRECTION('',(-2.22044604925E-16,-1.,0.));
#14755 = PLANE('',#14756);
#14756 = AXIS2_PLACEMENT_3D('',#14757,#14758,#14759);
#14757 = CARTESIAN_POINT('',(0.45,0.35,0.66));
#14758 = DIRECTION('',(0.,0.,1.));
#14759 = DIRECTION('',(-2.22044604925E-16,-1.,0.));
#14760 = ADVANCED_FACE('',(#14761),#14838,.F.);
#14761 = FACE_BOUND('',#14762,.F.);
#14762 = EDGE_LOOP('',(#14763,#14773,#14782,#14790,#14799,#14807,#14814,
    #14815,#14824,#14832));
#14763 = ORIENTED_EDGE('',*,*,#14764,.F.);
#14764 = EDGE_CURVE('',#14765,#14767,#14769,.T.);
#14765 = VERTEX_POINT('',#14766);
#14766 = CARTESIAN_POINT('',(0.45,0.35,3.E-02));
#14767 = VERTEX_POINT('',#14768);
#14768 = CARTESIAN_POINT('',(0.785,0.35,3.E-02));
#14769 = LINE('',#14770,#14771);
#14770 = CARTESIAN_POINT('',(-0.1675,0.35,3.E-02));
#14771 = VECTOR('',#14772,1.);
#14772 = DIRECTION('',(1.,-2.22044604925E-16,0.));
#14773 = ORIENTED_EDGE('',*,*,#14774,.T.);
#14774 = EDGE_CURVE('',#14765,#14775,#14777,.T.);
#14775 = VERTEX_POINT('',#14776);
#14776 = CARTESIAN_POINT('',(0.48,0.35,-3.469446951954E-18));
#14777 = CIRCLE('',#14778,3.E-02);
#14778 = AXIS2_PLACEMENT_3D('',#14779,#14780,#14781);
#14779 = CARTESIAN_POINT('',(0.48,0.35,3.E-02));
#14780 = DIRECTION('',(-2.22044604925E-16,-1.,0.));
#14781 = DIRECTION('',(0.,0.,1.));
#14782 = ORIENTED_EDGE('',*,*,#14783,.T.);
#14783 = EDGE_CURVE('',#14775,#14784,#14786,.T.);
#14784 = VERTEX_POINT('',#14785);
#14785 = CARTESIAN_POINT('',(0.77,0.35,-3.469446951954E-18));
#14786 = LINE('',#14787,#14788);
#14787 = CARTESIAN_POINT('',(0.45,0.35,0.));
#14788 = VECTOR('',#14789,1.);
#14789 = DIRECTION('',(1.,-2.22044604925E-16,0.));
#14790 = ORIENTED_EDGE('',*,*,#14791,.F.);
#14791 = EDGE_CURVE('',#14792,#14784,#14794,.T.);
#14792 = VERTEX_POINT('',#14793);
#14793 = CARTESIAN_POINT('',(0.8,0.35,3.E-02));
#14794 = CIRCLE('',#14795,3.E-02);
#14795 = AXIS2_PLACEMENT_3D('',#14796,#14797,#14798);
#14796 = CARTESIAN_POINT('',(0.77,0.35,3.E-02));
#14797 = DIRECTION('',(2.22044604925E-16,1.,-0.));
#14798 = DIRECTION('',(0.,0.,1.));
#14799 = ORIENTED_EDGE('',*,*,#14800,.T.);
#14800 = EDGE_CURVE('',#14792,#14801,#14803,.T.);
#14801 = VERTEX_POINT('',#14802);
#14802 = CARTESIAN_POINT('',(0.8,0.35,0.63));
#14803 = LINE('',#14804,#14805);
#14804 = CARTESIAN_POINT('',(0.8,0.35,0.));
#14805 = VECTOR('',#14806,1.);
#14806 = DIRECTION('',(0.,0.,1.));
#14807 = ORIENTED_EDGE('',*,*,#14808,.T.);
#14808 = EDGE_CURVE('',#14801,#14710,#14809,.T.);
#14809 = CIRCLE('',#14810,3.E-02);
#14810 = AXIS2_PLACEMENT_3D('',#14811,#14812,#14813);
#14811 = CARTESIAN_POINT('',(0.77,0.35,0.63));
#14812 = DIRECTION('',(-2.22044604925E-16,-1.,0.));
#14813 = DIRECTION('',(0.,0.,1.));
#14814 = ORIENTED_EDGE('',*,*,#14707,.F.);
#14815 = ORIENTED_EDGE('',*,*,#14816,.F.);
#14816 = EDGE_CURVE('',#14817,#14708,#14819,.T.);
#14817 = VERTEX_POINT('',#14818);
#14818 = CARTESIAN_POINT('',(0.45,0.35,0.63));
#14819 = CIRCLE('',#14820,3.E-02);
#14820 = AXIS2_PLACEMENT_3D('',#14821,#14822,#14823);
#14821 = CARTESIAN_POINT('',(0.48,0.35,0.63));
#14822 = DIRECTION('',(2.22044604925E-16,1.,-0.));
#14823 = DIRECTION('',(0.,0.,1.));
#14824 = ORIENTED_EDGE('',*,*,#14825,.T.);
#14825 = EDGE_CURVE('',#14817,#14826,#14828,.T.);
#14826 = VERTEX_POINT('',#14827);
#14827 = CARTESIAN_POINT('',(0.785,0.35,0.63));
#14828 = LINE('',#14829,#14830);
#14829 = CARTESIAN_POINT('',(-0.1675,0.35,0.63));
#14830 = VECTOR('',#14831,1.);
#14831 = DIRECTION('',(1.,-2.22044604925E-16,0.));
#14832 = ORIENTED_EDGE('',*,*,#14833,.T.);
#14833 = EDGE_CURVE('',#14826,#14767,#14834,.T.);
#14834 = LINE('',#14835,#14836);
#14835 = CARTESIAN_POINT('',(0.785,0.35,1.5E-02));
#14836 = VECTOR('',#14837,1.);
#14837 = DIRECTION('',(0.,0.,-1.));
#14838 = PLANE('',#14839);
#14839 = AXIS2_PLACEMENT_3D('',#14840,#14841,#14842);
#14840 = CARTESIAN_POINT('',(0.45,0.35,0.));
#14841 = DIRECTION('',(-2.22044604925E-16,-1.,0.));
#14842 = DIRECTION('',(0.,0.,1.));
#14843 = ADVANCED_FACE('',(#14844),#14873,.T.);
#14844 = FACE_BOUND('',#14845,.T.);
#14845 = EDGE_LOOP('',(#14846,#14854,#14855,#14856));
#14846 = ORIENTED_EDGE('',*,*,#14847,.F.);
#14847 = EDGE_CURVE('',#14801,#14848,#14850,.T.);
#14848 = VERTEX_POINT('',#14849);
#14849 = CARTESIAN_POINT('',(0.8,0.207846096908,0.63));
#14850 = LINE('',#14851,#14852);
#14851 = CARTESIAN_POINT('',(0.8,0.35,0.63));
#14852 = VECTOR('',#14853,1.);
#14853 = DIRECTION('',(-2.22044604925E-16,-1.,0.));
#14854 = ORIENTED_EDGE('',*,*,#14808,.T.);
#14855 = ORIENTED_EDGE('',*,*,#14750,.T.);
#14856 = ORIENTED_EDGE('',*,*,#14857,.F.);
#14857 = EDGE_CURVE('',#14848,#14742,#14858,.T.);
#14858 = B_SPLINE_CURVE_WITH_KNOTS('',7,(#14859,#14860,#14861,#14862,
    #14863,#14864,#14865,#14866,#14867,#14868,#14869,#14870,#14871,
    #14872),.UNSPECIFIED.,.F.,.F.,(8,6,8),(0.,0.874463336063,1.),
  .UNSPECIFIED.);
#14859 = CARTESIAN_POINT('',(0.8,0.207846096908,0.63));
#14860 = CARTESIAN_POINT('',(0.8,0.207846096908,0.636345841058));
#14861 = CARTESIAN_POINT('',(0.798433952319,0.208072144873,
    0.642469507615));
#14862 = CARTESIAN_POINT('',(0.795499279423,0.208495687659,0.64798381764
    ));
#14863 = CARTESIAN_POINT('',(0.791441116875,0.209005633614,
    0.652610174937));
#14864 = CARTESIAN_POINT('',(0.786545018706,0.209461860626,0.65612783499
    ));
#14865 = CARTESIAN_POINT('',(0.78115642072,0.209776529343,0.658412763373
    ));
#14866 = CARTESIAN_POINT('',(0.774826845706,0.20994602495,0.659620194383
    ));
#14867 = CARTESIAN_POINT('',(0.774028016437,0.209963904989,
    0.659746673099));
#14868 = CARTESIAN_POINT('',(0.773225799574,0.209978298192,
    0.659847954753));
#14869 = CARTESIAN_POINT('',(0.772421042633,0.209989137789,
    0.659923965218));
#14870 = CARTESIAN_POINT('',(0.771614592695,0.209996379192,
    0.659974655151));
#14871 = CARTESIAN_POINT('',(0.77080729641,0.21,0.66));
#14872 = CARTESIAN_POINT('',(0.77,0.21,0.66));
#14873 = CYLINDRICAL_SURFACE('',#14874,3.E-02);
#14874 = AXIS2_PLACEMENT_3D('',#14875,#14876,#14877);
#14875 = CARTESIAN_POINT('',(0.77,0.35,0.63));
#14876 = DIRECTION('',(-2.22044604925E-16,-1.,0.));
#14877 = DIRECTION('',(1.,-2.22044604925E-16,0.));
#14878 = ADVANCED_FACE('',(#14879),#14963,.F.);
#14879 = FACE_BOUND('',#14880,.F.);
#14880 = EDGE_LOOP('',(#14881,#14891,#14908,#14909,#14910,#14918,#14937,
    #14946));
#14881 = ORIENTED_EDGE('',*,*,#14882,.T.);
#14882 = EDGE_CURVE('',#14883,#14885,#14887,.T.);
#14883 = VERTEX_POINT('',#14884);
#14884 = CARTESIAN_POINT('',(0.8,-0.207846096908,3.E-02));
#14885 = VERTEX_POINT('',#14886);
#14886 = CARTESIAN_POINT('',(0.8,-0.207846096908,0.63));
#14887 = LINE('',#14888,#14889);
#14888 = CARTESIAN_POINT('',(0.8,-0.207846096908,0.66));
#14889 = VECTOR('',#14890,1.);
#14890 = DIRECTION('',(0.,0.,1.));
#14891 = ORIENTED_EDGE('',*,*,#14892,.T.);
#14892 = EDGE_CURVE('',#14885,#14734,#14893,.T.);
#14893 = B_SPLINE_CURVE_WITH_KNOTS('',7,(#14894,#14895,#14896,#14897,
    #14898,#14899,#14900,#14901,#14902,#14903,#14904,#14905,#14906,
    #14907),.UNSPECIFIED.,.F.,.F.,(8,6,8),(0.,0.874463336087,1.),
  .UNSPECIFIED.);
#14894 = CARTESIAN_POINT('',(0.8,-0.207846096908,0.63));
#14895 = CARTESIAN_POINT('',(0.8,-0.207846096908,0.636345841059));
#14896 = CARTESIAN_POINT('',(0.798433952319,-0.208072144873,
    0.642469507615));
#14897 = CARTESIAN_POINT('',(0.795499279423,-0.208495687659,
    0.64798381764));
#14898 = CARTESIAN_POINT('',(0.791441116875,-0.209005633614,
    0.652610174938));
#14899 = CARTESIAN_POINT('',(0.786545018706,-0.209461860626,
    0.65612783499));
#14900 = CARTESIAN_POINT('',(0.78115642072,-0.209776529343,
    0.658412763373));
#14901 = CARTESIAN_POINT('',(0.774826845706,-0.20994602495,
    0.659620194383));
#14902 = CARTESIAN_POINT('',(0.774028016437,-0.209963905022,
    0.659746673217));
#14903 = CARTESIAN_POINT('',(0.773225799574,-0.209978298237,
    0.659847954909));
#14904 = CARTESIAN_POINT('',(0.772421042633,-0.209989137801,
    0.65992396526));
#14905 = CARTESIAN_POINT('',(0.771614592695,-0.209996379145,
    0.659974654986));
#14906 = CARTESIAN_POINT('',(0.770807296411,-0.209999999919,
    0.659999999717));
#14907 = CARTESIAN_POINT('',(0.77,-0.21,0.66));
#14908 = ORIENTED_EDGE('',*,*,#14741,.F.);
#14909 = ORIENTED_EDGE('',*,*,#14857,.F.);
#14910 = ORIENTED_EDGE('',*,*,#14911,.F.);
#14911 = EDGE_CURVE('',#14912,#14848,#14914,.T.);
#14912 = VERTEX_POINT('',#14913);
#14913 = CARTESIAN_POINT('',(0.8,0.207846096908,3.E-02));
#14914 = LINE('',#14915,#14916);
#14915 = CARTESIAN_POINT('',(0.8,0.207846096908,0.66));
#14916 = VECTOR('',#14917,1.);
#14917 = DIRECTION('',(0.,0.,1.));
#14918 = ORIENTED_EDGE('',*,*,#14919,.T.);
#14919 = EDGE_CURVE('',#14912,#14920,#14922,.T.);
#14920 = VERTEX_POINT('',#14921);
#14921 = CARTESIAN_POINT('',(0.77,0.21,-3.469446951954E-18));
#14922 = B_SPLINE_CURVE_WITH_KNOTS('',7,(#14923,#14924,#14925,#14926,
    #14927,#14928,#14929,#14930,#14931,#14932,#14933,#14934,#14935,
    #14936),.UNSPECIFIED.,.F.,.F.,(8,6,8),(0.,0.874463336063,1.),
  .UNSPECIFIED.);
#14923 = CARTESIAN_POINT('',(0.8,0.207846096908,3.E-02));
#14924 = CARTESIAN_POINT('',(0.8,0.207846096908,2.365415894152E-02));
#14925 = CARTESIAN_POINT('',(0.798433952319,0.208072144873,
    1.753049238528E-02));
#14926 = CARTESIAN_POINT('',(0.795499279423,0.208495687659,
    1.201618235995E-02));
#14927 = CARTESIAN_POINT('',(0.791441116875,0.209005633614,
    7.389825062529E-03));
#14928 = CARTESIAN_POINT('',(0.786545018706,0.209461860626,
    3.872165010373E-03));
#14929 = CARTESIAN_POINT('',(0.78115642072,0.209776529343,
    1.587236626824E-03));
#14930 = CARTESIAN_POINT('',(0.774826845706,0.20994602495,
    3.798056172653E-04));
#14931 = CARTESIAN_POINT('',(0.774028016437,0.209963904989,
    2.533269011312E-04));
#14932 = CARTESIAN_POINT('',(0.773225799574,0.209978298192,
    1.520452465003E-04));
#14933 = CARTESIAN_POINT('',(0.772421042633,0.209989137789,
    7.603478218543E-05));
#14934 = CARTESIAN_POINT('',(0.771614592695,0.209996379192,
    2.534484904841E-05));
#14935 = CARTESIAN_POINT('',(0.77080729641,0.21,-1.734723475977E-18));
#14936 = CARTESIAN_POINT('',(0.77,0.21,-1.734723475977E-18));
#14937 = ORIENTED_EDGE('',*,*,#14938,.T.);
#14938 = EDGE_CURVE('',#14920,#14939,#14941,.T.);
#14939 = VERTEX_POINT('',#14940);
#14940 = CARTESIAN_POINT('',(0.77,-0.21,-1.734723475977E-18));
#14941 = CIRCLE('',#14942,0.21);
#14942 = AXIS2_PLACEMENT_3D('',#14943,#14944,#14945);
#14943 = CARTESIAN_POINT('',(0.77,-1.848521336001E-16,0.));
#14944 = DIRECTION('',(0.,0.,1.));
#14945 = DIRECTION('',(-2.22044604925E-16,-1.,0.));
#14946 = ORIENTED_EDGE('',*,*,#14947,.F.);
#14947 = EDGE_CURVE('',#14883,#14939,#14948,.T.);
#14948 = B_SPLINE_CURVE_WITH_KNOTS('',7,(#14949,#14950,#14951,#14952,
    #14953,#14954,#14955,#14956,#14957,#14958,#14959,#14960,#14961,
    #14962),.UNSPECIFIED.,.F.,.F.,(8,6,8),(0.,0.874463336086,1.),
  .UNSPECIFIED.);
#14949 = CARTESIAN_POINT('',(0.8,-0.207846096908,3.E-02));
#14950 = CARTESIAN_POINT('',(0.8,-0.207846096908,2.365415894153E-02));
#14951 = CARTESIAN_POINT('',(0.798433952319,-0.208072144873,
    1.753049238527E-02));
#14952 = CARTESIAN_POINT('',(0.795499279423,-0.208495687659,
    1.201618235995E-02));
#14953 = CARTESIAN_POINT('',(0.791441116875,-0.209005633614,
    7.389825062537E-03));
#14954 = CARTESIAN_POINT('',(0.786545018706,-0.209461860626,
    3.872165010374E-03));
#14955 = CARTESIAN_POINT('',(0.78115642072,-0.209776529343,
    1.587236626821E-03));
#14956 = CARTESIAN_POINT('',(0.774826845706,-0.20994602495,
    3.798056172976E-04));
#14957 = CARTESIAN_POINT('',(0.774028016437,-0.209963905022,
    2.533267834389E-04));
#14958 = CARTESIAN_POINT('',(0.773225799574,-0.209978298237,
    1.520450911262E-04));
#14959 = CARTESIAN_POINT('',(0.772421042633,-0.209989137801,
    7.603473981997E-05));
#14960 = CARTESIAN_POINT('',(0.771614592695,-0.209996379145,
    2.534501387762E-05));
#14961 = CARTESIAN_POINT('',(0.770807296411,-0.209999999919,
    2.825537414566E-10));
#14962 = CARTESIAN_POINT('',(0.77,-0.21,-1.734723475977E-18));
#14963 = CYLINDRICAL_SURFACE('',#14964,0.21);
#14964 = AXIS2_PLACEMENT_3D('',#14965,#14966,#14967);
#14965 = CARTESIAN_POINT('',(0.77,-1.848521336001E-16,0.66));
#14966 = DIRECTION('',(0.,0.,1.));
#14967 = DIRECTION('',(-2.22044604925E-16,-1.,0.));
#14968 = ADVANCED_FACE('',(#14969),#14988,.T.);
#14969 = FACE_BOUND('',#14970,.T.);
#14970 = EDGE_LOOP('',(#14971,#14979,#14980,#14981));
#14971 = ORIENTED_EDGE('',*,*,#14972,.F.);
#14972 = EDGE_CURVE('',#14885,#14973,#14975,.T.);
#14973 = VERTEX_POINT('',#14974);
#14974 = CARTESIAN_POINT('',(0.8,-0.35,0.63));
#14975 = LINE('',#14976,#14977);
#14976 = CARTESIAN_POINT('',(0.8,0.35,0.63));
#14977 = VECTOR('',#14978,1.);
#14978 = DIRECTION('',(-2.22044604925E-16,-1.,0.));
#14979 = ORIENTED_EDGE('',*,*,#14892,.T.);
#14980 = ORIENTED_EDGE('',*,*,#14733,.T.);
#14981 = ORIENTED_EDGE('',*,*,#14982,.F.);
#14982 = EDGE_CURVE('',#14973,#14726,#14983,.T.);
#14983 = CIRCLE('',#14984,3.E-02);
#14984 = AXIS2_PLACEMENT_3D('',#14985,#14986,#14987);
#14985 = CARTESIAN_POINT('',(0.77,-0.35,0.63));
#14986 = DIRECTION('',(-2.22044604925E-16,-1.,0.));
#14987 = DIRECTION('',(0.,0.,1.));
#14988 = CYLINDRICAL_SURFACE('',#14989,3.E-02);
#14989 = AXIS2_PLACEMENT_3D('',#14990,#14991,#14992);
#14990 = CARTESIAN_POINT('',(0.77,0.35,0.63));
#14991 = DIRECTION('',(-2.22044604925E-16,-1.,0.));
#14992 = DIRECTION('',(1.,-2.22044604925E-16,0.));
#14993 = ADVANCED_FACE('',(#14994),#15063,.T.);
#14994 = FACE_BOUND('',#14995,.T.);
#14995 = EDGE_LOOP('',(#14996,#15006,#15015,#15023,#15032,#15038,#15039,
    #15040,#15049,#15057));
#14996 = ORIENTED_EDGE('',*,*,#14997,.F.);
#14997 = EDGE_CURVE('',#14998,#15000,#15002,.T.);
#14998 = VERTEX_POINT('',#14999);
#14999 = CARTESIAN_POINT('',(0.45,-0.35,3.E-02));
#15000 = VERTEX_POINT('',#15001);
#15001 = CARTESIAN_POINT('',(0.785,-0.35,3.E-02));
#15002 = LINE('',#15003,#15004);
#15003 = CARTESIAN_POINT('',(-0.1675,-0.35,3.E-02));
#15004 = VECTOR('',#15005,1.);
#15005 = DIRECTION('',(1.,-2.22044604925E-16,0.));
#15006 = ORIENTED_EDGE('',*,*,#15007,.T.);
#15007 = EDGE_CURVE('',#14998,#15008,#15010,.T.);
#15008 = VERTEX_POINT('',#15009);
#15009 = CARTESIAN_POINT('',(0.48,-0.35,-3.469446951954E-18));
#15010 = CIRCLE('',#15011,3.E-02);
#15011 = AXIS2_PLACEMENT_3D('',#15012,#15013,#15014);
#15012 = CARTESIAN_POINT('',(0.48,-0.35,3.E-02));
#15013 = DIRECTION('',(-2.22044604925E-16,-1.,0.));
#15014 = DIRECTION('',(0.,0.,1.));
#15015 = ORIENTED_EDGE('',*,*,#15016,.T.);
#15016 = EDGE_CURVE('',#15008,#15017,#15019,.T.);
#15017 = VERTEX_POINT('',#15018);
#15018 = CARTESIAN_POINT('',(0.77,-0.35,-3.469446951954E-18));
#15019 = LINE('',#15020,#15021);
#15020 = CARTESIAN_POINT('',(0.45,-0.35,0.));
#15021 = VECTOR('',#15022,1.);
#15022 = DIRECTION('',(1.,-2.22044604925E-16,0.));
#15023 = ORIENTED_EDGE('',*,*,#15024,.F.);
#15024 = EDGE_CURVE('',#15025,#15017,#15027,.T.);
#15025 = VERTEX_POINT('',#15026);
#15026 = CARTESIAN_POINT('',(0.8,-0.35,3.E-02));
#15027 = CIRCLE('',#15028,3.E-02);
#15028 = AXIS2_PLACEMENT_3D('',#15029,#15030,#15031);
#15029 = CARTESIAN_POINT('',(0.77,-0.35,3.E-02));
#15030 = DIRECTION('',(2.22044604925E-16,1.,-0.));
#15031 = DIRECTION('',(0.,0.,1.));
#15032 = ORIENTED_EDGE('',*,*,#15033,.T.);
#15033 = EDGE_CURVE('',#15025,#14973,#15034,.T.);
#15034 = LINE('',#15035,#15036);
#15035 = CARTESIAN_POINT('',(0.8,-0.35,0.));
#15036 = VECTOR('',#15037,1.);
#15037 = DIRECTION('',(0.,0.,1.));
#15038 = ORIENTED_EDGE('',*,*,#14982,.T.);
#15039 = ORIENTED_EDGE('',*,*,#14725,.F.);
#15040 = ORIENTED_EDGE('',*,*,#15041,.F.);
#15041 = EDGE_CURVE('',#15042,#14718,#15044,.T.);
#15042 = VERTEX_POINT('',#15043);
#15043 = CARTESIAN_POINT('',(0.45,-0.35,0.63));
#15044 = CIRCLE('',#15045,3.E-02);
#15045 = AXIS2_PLACEMENT_3D('',#15046,#15047,#15048);
#15046 = CARTESIAN_POINT('',(0.48,-0.35,0.63));
#15047 = DIRECTION('',(2.22044604925E-16,1.,-0.));
#15048 = DIRECTION('',(0.,0.,1.));
#15049 = ORIENTED_EDGE('',*,*,#15050,.T.);
#15050 = EDGE_CURVE('',#15042,#15051,#15053,.T.);
#15051 = VERTEX_POINT('',#15052);
#15052 = CARTESIAN_POINT('',(0.785,-0.35,0.63));
#15053 = LINE('',#15054,#15055);
#15054 = CARTESIAN_POINT('',(-0.1675,-0.35,0.63));
#15055 = VECTOR('',#15056,1.);
#15056 = DIRECTION('',(1.,-2.22044604925E-16,0.));
#15057 = ORIENTED_EDGE('',*,*,#15058,.T.);
#15058 = EDGE_CURVE('',#15051,#15000,#15059,.T.);
#15059 = LINE('',#15060,#15061);
#15060 = CARTESIAN_POINT('',(0.785,-0.35,1.5E-02));
#15061 = VECTOR('',#15062,1.);
#15062 = DIRECTION('',(0.,0.,-1.));
#15063 = PLANE('',#15064);
#15064 = AXIS2_PLACEMENT_3D('',#15065,#15066,#15067);
#15065 = CARTESIAN_POINT('',(0.45,-0.35,0.));
#15066 = DIRECTION('',(-2.22044604925E-16,-1.,0.));
#15067 = DIRECTION('',(0.,0.,1.));
#15068 = ADVANCED_FACE('',(#15069),#15080,.T.);
#15069 = FACE_BOUND('',#15070,.T.);
#15070 = EDGE_LOOP('',(#15071,#15077,#15078,#15079));
#15071 = ORIENTED_EDGE('',*,*,#15072,.F.);
#15072 = EDGE_CURVE('',#15042,#14817,#15073,.T.);
#15073 = LINE('',#15074,#15075);
#15074 = CARTESIAN_POINT('',(0.45,-4.25E-02,0.63));
#15075 = VECTOR('',#15076,1.);
#15076 = DIRECTION('',(2.22044604925E-16,1.,0.));
#15077 = ORIENTED_EDGE('',*,*,#15041,.T.);
#15078 = ORIENTED_EDGE('',*,*,#14717,.F.);
#15079 = ORIENTED_EDGE('',*,*,#14816,.F.);
#15080 = CYLINDRICAL_SURFACE('',#15081,3.E-02);
#15081 = AXIS2_PLACEMENT_3D('',#15082,#15083,#15084);
#15082 = CARTESIAN_POINT('',(0.48,0.35,0.63));
#15083 = DIRECTION('',(-2.22044604925E-16,-1.,0.));
#15084 = DIRECTION('',(-1.,2.22044604925E-16,0.));
#15085 = ADVANCED_FACE('',(#15086),#15166,.F.);
#15086 = FACE_BOUND('',#15087,.F.);
#15087 = EDGE_LOOP('',(#15088,#15096,#15104,#15112,#15120,#15128,#15136,
    #15144,#15152,#15158,#15159,#15165));
#15088 = ORIENTED_EDGE('',*,*,#15089,.T.);
#15089 = EDGE_CURVE('',#14767,#15090,#15092,.T.);
#15090 = VERTEX_POINT('',#15091);
#15091 = CARTESIAN_POINT('',(0.785,0.435,3.E-02));
#15092 = LINE('',#15093,#15094);
#15093 = CARTESIAN_POINT('',(0.785,-0.435,3.E-02));
#15094 = VECTOR('',#15095,1.);
#15095 = DIRECTION('',(0.,1.,0.));
#15096 = ORIENTED_EDGE('',*,*,#15097,.F.);
#15097 = EDGE_CURVE('',#15098,#15090,#15100,.T.);
#15098 = VERTEX_POINT('',#15099);
#15099 = CARTESIAN_POINT('',(-0.785,0.435,3.E-02));
#15100 = LINE('',#15101,#15102);
#15101 = CARTESIAN_POINT('',(-0.785,0.435,3.E-02));
#15102 = VECTOR('',#15103,1.);
#15103 = DIRECTION('',(1.,0.,0.));
#15104 = ORIENTED_EDGE('',*,*,#15105,.F.);
#15105 = EDGE_CURVE('',#15106,#15098,#15108,.T.);
#15106 = VERTEX_POINT('',#15107);
#15107 = CARTESIAN_POINT('',(-0.785,0.35,3.E-02));
#15108 = LINE('',#15109,#15110);
#15109 = CARTESIAN_POINT('',(-0.785,-0.435,3.E-02));
#15110 = VECTOR('',#15111,1.);
#15111 = DIRECTION('',(0.,1.,0.));
#15112 = ORIENTED_EDGE('',*,*,#15113,.F.);
#15113 = EDGE_CURVE('',#15114,#15106,#15116,.T.);
#15114 = VERTEX_POINT('',#15115);
#15115 = CARTESIAN_POINT('',(-0.45,0.35,3.E-02));
#15116 = LINE('',#15117,#15118);
#15117 = CARTESIAN_POINT('',(-0.6175,0.35,3.E-02));
#15118 = VECTOR('',#15119,1.);
#15119 = DIRECTION('',(-1.,1.110223024625E-16,0.));
#15120 = ORIENTED_EDGE('',*,*,#15121,.T.);
#15121 = EDGE_CURVE('',#15114,#15122,#15124,.T.);
#15122 = VERTEX_POINT('',#15123);
#15123 = CARTESIAN_POINT('',(-0.45,-0.35,3.E-02));
#15124 = LINE('',#15125,#15126);
#15125 = CARTESIAN_POINT('',(-0.45,-0.3925,3.E-02));
#15126 = VECTOR('',#15127,1.);
#15127 = DIRECTION('',(-1.110223024625E-16,-1.,0.));
#15128 = ORIENTED_EDGE('',*,*,#15129,.T.);
#15129 = EDGE_CURVE('',#15122,#15130,#15132,.T.);
#15130 = VERTEX_POINT('',#15131);
#15131 = CARTESIAN_POINT('',(-0.785,-0.35,3.E-02));
#15132 = LINE('',#15133,#15134);
#15133 = CARTESIAN_POINT('',(-0.6175,-0.35,3.E-02));
#15134 = VECTOR('',#15135,1.);
#15135 = DIRECTION('',(-1.,1.110223024625E-16,0.));
#15136 = ORIENTED_EDGE('',*,*,#15137,.F.);
#15137 = EDGE_CURVE('',#15138,#15130,#15140,.T.);
#15138 = VERTEX_POINT('',#15139);
#15139 = CARTESIAN_POINT('',(-0.785,-0.435,3.E-02));
#15140 = LINE('',#15141,#15142);
#15141 = CARTESIAN_POINT('',(-0.785,-0.435,3.E-02));
#15142 = VECTOR('',#15143,1.);
#15143 = DIRECTION('',(0.,1.,0.));
#15144 = ORIENTED_EDGE('',*,*,#15145,.T.);
#15145 = EDGE_CURVE('',#15138,#15146,#15148,.T.);
#15146 = VERTEX_POINT('',#15147);
#15147 = CARTESIAN_POINT('',(0.785,-0.435,3.E-02));
#15148 = LINE('',#15149,#15150);
#15149 = CARTESIAN_POINT('',(-0.785,-0.435,3.E-02));
#15150 = VECTOR('',#15151,1.);
#15151 = DIRECTION('',(1.,0.,0.));
#15152 = ORIENTED_EDGE('',*,*,#15153,.T.);
#15153 = EDGE_CURVE('',#15146,#15000,#15154,.T.);
#15154 = LINE('',#15155,#15156);
#15155 = CARTESIAN_POINT('',(0.785,-0.435,3.E-02));
#15156 = VECTOR('',#15157,1.);
#15157 = DIRECTION('',(0.,1.,0.));
#15158 = ORIENTED_EDGE('',*,*,#14997,.F.);
#15159 = ORIENTED_EDGE('',*,*,#15160,.T.);
#15160 = EDGE_CURVE('',#14998,#14765,#15161,.T.);
#15161 = LINE('',#15162,#15163);
#15162 = CARTESIAN_POINT('',(0.45,-4.25E-02,3.E-02));
#15163 = VECTOR('',#15164,1.);
#15164 = DIRECTION('',(2.22044604925E-16,1.,0.));
#15165 = ORIENTED_EDGE('',*,*,#14764,.T.);
#15166 = PLANE('',#15167);
#15167 = AXIS2_PLACEMENT_3D('',#15168,#15169,#15170);
#15168 = CARTESIAN_POINT('',(-0.785,-0.435,3.E-02));
#15169 = DIRECTION('',(0.,0.,1.));
#15170 = DIRECTION('',(1.,0.,-0.));
#15171 = ADVANCED_FACE('',(#15172),#15190,.T.);
#15172 = FACE_BOUND('',#15173,.T.);
#15173 = EDGE_LOOP('',(#15174,#15182,#15183,#15184));
#15174 = ORIENTED_EDGE('',*,*,#15175,.F.);
#15175 = EDGE_CURVE('',#14826,#15176,#15178,.T.);
#15176 = VERTEX_POINT('',#15177);
#15177 = CARTESIAN_POINT('',(0.785,0.435,0.63));
#15178 = LINE('',#15179,#15180);
#15179 = CARTESIAN_POINT('',(0.785,-0.435,0.63));
#15180 = VECTOR('',#15181,1.);
#15181 = DIRECTION('',(0.,1.,0.));
#15182 = ORIENTED_EDGE('',*,*,#14833,.T.);
#15183 = ORIENTED_EDGE('',*,*,#15089,.T.);
#15184 = ORIENTED_EDGE('',*,*,#15185,.T.);
#15185 = EDGE_CURVE('',#15090,#15176,#15186,.T.);
#15186 = LINE('',#15187,#15188);
#15187 = CARTESIAN_POINT('',(0.785,0.435,3.E-02));
#15188 = VECTOR('',#15189,1.);
#15189 = DIRECTION('',(0.,0.,1.));
#15190 = PLANE('',#15191);
#15191 = AXIS2_PLACEMENT_3D('',#15192,#15193,#15194);
#15192 = CARTESIAN_POINT('',(0.785,-0.435,3.E-02));
#15193 = DIRECTION('',(1.,0.,0.));
#15194 = DIRECTION('',(0.,0.,1.));
#15195 = ADVANCED_FACE('',(#15196,#15264),#15298,.T.);
#15196 = FACE_BOUND('',#15197,.T.);
#15197 = EDGE_LOOP('',(#15198,#15199,#15207,#15215,#15223,#15231,#15239,
    #15247,#15255,#15261,#15262,#15263));
#15198 = ORIENTED_EDGE('',*,*,#15175,.T.);
#15199 = ORIENTED_EDGE('',*,*,#15200,.F.);
#15200 = EDGE_CURVE('',#15201,#15176,#15203,.T.);
#15201 = VERTEX_POINT('',#15202);
#15202 = CARTESIAN_POINT('',(-0.785,0.435,0.63));
#15203 = LINE('',#15204,#15205);
#15204 = CARTESIAN_POINT('',(-0.785,0.435,0.63));
#15205 = VECTOR('',#15206,1.);
#15206 = DIRECTION('',(1.,0.,0.));
#15207 = ORIENTED_EDGE('',*,*,#15208,.F.);
#15208 = EDGE_CURVE('',#15209,#15201,#15211,.T.);
#15209 = VERTEX_POINT('',#15210);
#15210 = CARTESIAN_POINT('',(-0.785,0.35,0.63));
#15211 = LINE('',#15212,#15213);
#15212 = CARTESIAN_POINT('',(-0.785,-0.435,0.63));
#15213 = VECTOR('',#15214,1.);
#15214 = DIRECTION('',(0.,1.,0.));
#15215 = ORIENTED_EDGE('',*,*,#15216,.F.);
#15216 = EDGE_CURVE('',#15217,#15209,#15219,.T.);
#15217 = VERTEX_POINT('',#15218);
#15218 = CARTESIAN_POINT('',(-0.45,0.35,0.63));
#15219 = LINE('',#15220,#15221);
#15220 = CARTESIAN_POINT('',(-0.6175,0.35,0.63));
#15221 = VECTOR('',#15222,1.);
#15222 = DIRECTION('',(-1.,1.110223024625E-16,0.));
#15223 = ORIENTED_EDGE('',*,*,#15224,.T.);
#15224 = EDGE_CURVE('',#15217,#15225,#15227,.T.);
#15225 = VERTEX_POINT('',#15226);
#15226 = CARTESIAN_POINT('',(-0.45,-0.35,0.63));
#15227 = LINE('',#15228,#15229);
#15228 = CARTESIAN_POINT('',(-0.45,-0.3925,0.63));
#15229 = VECTOR('',#15230,1.);
#15230 = DIRECTION('',(-1.110223024625E-16,-1.,0.));
#15231 = ORIENTED_EDGE('',*,*,#15232,.T.);
#15232 = EDGE_CURVE('',#15225,#15233,#15235,.T.);
#15233 = VERTEX_POINT('',#15234);
#15234 = CARTESIAN_POINT('',(-0.785,-0.35,0.63));
#15235 = LINE('',#15236,#15237);
#15236 = CARTESIAN_POINT('',(-0.6175,-0.35,0.63));
#15237 = VECTOR('',#15238,1.);
#15238 = DIRECTION('',(-1.,1.110223024625E-16,0.));
#15239 = ORIENTED_EDGE('',*,*,#15240,.F.);
#15240 = EDGE_CURVE('',#15241,#15233,#15243,.T.);
#15241 = VERTEX_POINT('',#15242);
#15242 = CARTESIAN_POINT('',(-0.785,-0.435,0.63));
#15243 = LINE('',#15244,#15245);
#15244 = CARTESIAN_POINT('',(-0.785,-0.435,0.63));
#15245 = VECTOR('',#15246,1.);
#15246 = DIRECTION('',(0.,1.,0.));
#15247 = ORIENTED_EDGE('',*,*,#15248,.T.);
#15248 = EDGE_CURVE('',#15241,#15249,#15251,.T.);
#15249 = VERTEX_POINT('',#15250);
#15250 = CARTESIAN_POINT('',(0.785,-0.435,0.63));
#15251 = LINE('',#15252,#15253);
#15252 = CARTESIAN_POINT('',(-0.785,-0.435,0.63));
#15253 = VECTOR('',#15254,1.);
#15254 = DIRECTION('',(1.,0.,0.));
#15255 = ORIENTED_EDGE('',*,*,#15256,.T.);
#15256 = EDGE_CURVE('',#15249,#15051,#15257,.T.);
#15257 = LINE('',#15258,#15259);
#15258 = CARTESIAN_POINT('',(0.785,-0.435,0.63));
#15259 = VECTOR('',#15260,1.);
#15260 = DIRECTION('',(0.,1.,0.));
#15261 = ORIENTED_EDGE('',*,*,#15050,.F.);
#15262 = ORIENTED_EDGE('',*,*,#15072,.T.);
#15263 = ORIENTED_EDGE('',*,*,#14825,.T.);
#15264 = FACE_BOUND('',#15265,.T.);
#15265 = EDGE_LOOP('',(#15266,#15276,#15284,#15292));
#15266 = ORIENTED_EDGE('',*,*,#15267,.F.);
#15267 = EDGE_CURVE('',#15268,#15270,#15272,.T.);
#15268 = VERTEX_POINT('',#15269);
#15269 = CARTESIAN_POINT('',(-0.315,-0.42,0.63));
#15270 = VERTEX_POINT('',#15271);
#15271 = CARTESIAN_POINT('',(-0.315,0.42,0.63));
#15272 = LINE('',#15273,#15274);
#15273 = CARTESIAN_POINT('',(-0.315,-0.4275,0.63));
#15274 = VECTOR('',#15275,1.);
#15275 = DIRECTION('',(0.,1.,0.));
#15276 = ORIENTED_EDGE('',*,*,#15277,.T.);
#15277 = EDGE_CURVE('',#15268,#15278,#15280,.T.);
#15278 = VERTEX_POINT('',#15279);
#15279 = CARTESIAN_POINT('',(-0.435,-0.42,0.63));
#15280 = LINE('',#15281,#15282);
#15281 = CARTESIAN_POINT('',(-0.61,-0.42,0.63));
#15282 = VECTOR('',#15283,1.);
#15283 = DIRECTION('',(-1.,0.,0.));
#15284 = ORIENTED_EDGE('',*,*,#15285,.T.);
#15285 = EDGE_CURVE('',#15278,#15286,#15288,.T.);
#15286 = VERTEX_POINT('',#15287);
#15287 = CARTESIAN_POINT('',(-0.435,0.42,0.63));
#15288 = LINE('',#15289,#15290);
#15289 = CARTESIAN_POINT('',(-0.435,-0.4275,0.63));
#15290 = VECTOR('',#15291,1.);
#15291 = DIRECTION('',(0.,1.,0.));
#15292 = ORIENTED_EDGE('',*,*,#15293,.F.);
#15293 = EDGE_CURVE('',#15270,#15286,#15294,.T.);
#15294 = LINE('',#15295,#15296);
#15295 = CARTESIAN_POINT('',(-0.61,0.42,0.63));
#15296 = VECTOR('',#15297,1.);
#15297 = DIRECTION('',(-1.,0.,0.));
#15298 = PLANE('',#15299);
#15299 = AXIS2_PLACEMENT_3D('',#15300,#15301,#15302);
#15300 = CARTESIAN_POINT('',(-0.785,-0.435,0.63));
#15301 = DIRECTION('',(0.,0.,1.));
#15302 = DIRECTION('',(1.,0.,-0.));
#15303 = ADVANCED_FACE('',(#15304),#15315,.T.);
#15304 = FACE_BOUND('',#15305,.T.);
#15305 = EDGE_LOOP('',(#15306,#15307,#15313,#15314));
#15306 = ORIENTED_EDGE('',*,*,#14911,.F.);
#15307 = ORIENTED_EDGE('',*,*,#15308,.F.);
#15308 = EDGE_CURVE('',#14792,#14912,#15309,.T.);
#15309 = LINE('',#15310,#15311);
#15310 = CARTESIAN_POINT('',(0.8,0.35,3.E-02));
#15311 = VECTOR('',#15312,1.);
#15312 = DIRECTION('',(-2.22044604925E-16,-1.,0.));
#15313 = ORIENTED_EDGE('',*,*,#14800,.T.);
#15314 = ORIENTED_EDGE('',*,*,#14847,.T.);
#15315 = PLANE('',#15316);
#15316 = AXIS2_PLACEMENT_3D('',#15317,#15318,#15319);
#15317 = CARTESIAN_POINT('',(0.8,0.35,0.));
#15318 = DIRECTION('',(1.,-2.22044604925E-16,0.));
#15319 = DIRECTION('',(0.,0.,1.));
#15320 = ADVANCED_FACE('',(#15321),#15332,.T.);
#15321 = FACE_BOUND('',#15322,.T.);
#15322 = EDGE_LOOP('',(#15323,#15324,#15330,#15331));
#15323 = ORIENTED_EDGE('',*,*,#14919,.T.);
#15324 = ORIENTED_EDGE('',*,*,#15325,.F.);
#15325 = EDGE_CURVE('',#14784,#14920,#15326,.T.);
#15326 = LINE('',#15327,#15328);
#15327 = CARTESIAN_POINT('',(0.77,0.35,-3.469446951954E-18));
#15328 = VECTOR('',#15329,1.);
#15329 = DIRECTION('',(-2.22044604925E-16,-1.,0.));
#15330 = ORIENTED_EDGE('',*,*,#14791,.F.);
#15331 = ORIENTED_EDGE('',*,*,#15308,.T.);
#15332 = CYLINDRICAL_SURFACE('',#15333,3.E-02);
#15333 = AXIS2_PLACEMENT_3D('',#15334,#15335,#15336);
#15334 = CARTESIAN_POINT('',(0.77,0.35,3.E-02));
#15335 = DIRECTION('',(-2.22044604925E-16,-1.,0.));
#15336 = DIRECTION('',(1.,-2.22044604925E-16,0.));
#15337 = ADVANCED_FACE('',(#15338),#15356,.F.);
#15338 = FACE_BOUND('',#15339,.F.);
#15339 = EDGE_LOOP('',(#15340,#15341,#15347,#15348,#15354,#15355));
#15340 = ORIENTED_EDGE('',*,*,#14783,.F.);
#15341 = ORIENTED_EDGE('',*,*,#15342,.T.);
#15342 = EDGE_CURVE('',#14775,#15008,#15343,.T.);
#15343 = LINE('',#15344,#15345);
#15344 = CARTESIAN_POINT('',(0.48,0.35,-3.469446951954E-18));
#15345 = VECTOR('',#15346,1.);
#15346 = DIRECTION('',(-2.22044604925E-16,-1.,0.));
#15347 = ORIENTED_EDGE('',*,*,#15016,.T.);
#15348 = ORIENTED_EDGE('',*,*,#15349,.F.);
#15349 = EDGE_CURVE('',#14939,#15017,#15350,.T.);
#15350 = LINE('',#15351,#15352);
#15351 = CARTESIAN_POINT('',(0.77,0.35,-3.469446951954E-18));
#15352 = VECTOR('',#15353,1.);
#15353 = DIRECTION('',(-2.22044604925E-16,-1.,0.));
#15354 = ORIENTED_EDGE('',*,*,#14938,.F.);
#15355 = ORIENTED_EDGE('',*,*,#15325,.F.);
#15356 = PLANE('',#15357);
#15357 = AXIS2_PLACEMENT_3D('',#15358,#15359,#15360);
#15358 = CARTESIAN_POINT('',(0.45,0.35,0.));
#15359 = DIRECTION('',(0.,0.,1.));
#15360 = DIRECTION('',(-2.22044604925E-16,-1.,0.));
#15361 = ADVANCED_FACE('',(#15362),#15368,.T.);
#15362 = FACE_BOUND('',#15363,.T.);
#15363 = EDGE_LOOP('',(#15364,#15365,#15366,#15367));
#15364 = ORIENTED_EDGE('',*,*,#14774,.T.);
#15365 = ORIENTED_EDGE('',*,*,#15342,.T.);
#15366 = ORIENTED_EDGE('',*,*,#15007,.F.);
#15367 = ORIENTED_EDGE('',*,*,#15160,.T.);
#15368 = CYLINDRICAL_SURFACE('',#15369,3.E-02);
#15369 = AXIS2_PLACEMENT_3D('',#15370,#15371,#15372);
#15370 = CARTESIAN_POINT('',(0.48,0.35,3.E-02));
#15371 = DIRECTION('',(-2.22044604925E-16,-1.,0.));
#15372 = DIRECTION('',(-1.,2.22044604925E-16,0.));
#15373 = ADVANCED_FACE('',(#15374),#15385,.T.);
#15374 = FACE_BOUND('',#15375,.T.);
#15375 = EDGE_LOOP('',(#15376,#15377,#15383,#15384));
#15376 = ORIENTED_EDGE('',*,*,#15033,.F.);
#15377 = ORIENTED_EDGE('',*,*,#15378,.F.);
#15378 = EDGE_CURVE('',#14883,#15025,#15379,.T.);
#15379 = LINE('',#15380,#15381);
#15380 = CARTESIAN_POINT('',(0.8,0.35,3.E-02));
#15381 = VECTOR('',#15382,1.);
#15382 = DIRECTION('',(-2.22044604925E-16,-1.,0.));
#15383 = ORIENTED_EDGE('',*,*,#14882,.T.);
#15384 = ORIENTED_EDGE('',*,*,#14972,.T.);
#15385 = PLANE('',#15386);
#15386 = AXIS2_PLACEMENT_3D('',#15387,#15388,#15389);
#15387 = CARTESIAN_POINT('',(0.8,0.35,0.));
#15388 = DIRECTION('',(1.,-2.22044604925E-16,0.));
#15389 = DIRECTION('',(0.,0.,1.));
#15390 = ADVANCED_FACE('',(#15391),#15397,.T.);
#15391 = FACE_BOUND('',#15392,.T.);
#15392 = EDGE_LOOP('',(#15393,#15394,#15395,#15396));
#15393 = ORIENTED_EDGE('',*,*,#15024,.T.);
#15394 = ORIENTED_EDGE('',*,*,#15349,.F.);
#15395 = ORIENTED_EDGE('',*,*,#14947,.F.);
#15396 = ORIENTED_EDGE('',*,*,#15378,.T.);
#15397 = CYLINDRICAL_SURFACE('',#15398,3.E-02);
#15398 = AXIS2_PLACEMENT_3D('',#15399,#15400,#15401);
#15399 = CARTESIAN_POINT('',(0.77,0.35,3.E-02));
#15400 = DIRECTION('',(-2.22044604925E-16,-1.,0.));
#15401 = DIRECTION('',(1.,-2.22044604925E-16,0.));
#15402 = ADVANCED_FACE('',(#15403),#15414,.T.);
#15403 = FACE_BOUND('',#15404,.T.);
#15404 = EDGE_LOOP('',(#15405,#15406,#15412,#15413));
#15405 = ORIENTED_EDGE('',*,*,#15256,.F.);
#15406 = ORIENTED_EDGE('',*,*,#15407,.F.);
#15407 = EDGE_CURVE('',#15146,#15249,#15408,.T.);
#15408 = LINE('',#15409,#15410);
#15409 = CARTESIAN_POINT('',(0.785,-0.435,3.E-02));
#15410 = VECTOR('',#15411,1.);
#15411 = DIRECTION('',(0.,0.,1.));
#15412 = ORIENTED_EDGE('',*,*,#15153,.T.);
#15413 = ORIENTED_EDGE('',*,*,#15058,.F.);
#15414 = PLANE('',#15415);
#15415 = AXIS2_PLACEMENT_3D('',#15416,#15417,#15418);
#15416 = CARTESIAN_POINT('',(0.785,-0.435,3.E-02));
#15417 = DIRECTION('',(1.,0.,0.));
#15418 = DIRECTION('',(0.,0.,1.));
#15419 = ADVANCED_FACE('',(#15420),#15431,.T.);
#15420 = FACE_BOUND('',#15421,.T.);
#15421 = EDGE_LOOP('',(#15422,#15423,#15429,#15430));
#15422 = ORIENTED_EDGE('',*,*,#15097,.F.);
#15423 = ORIENTED_EDGE('',*,*,#15424,.T.);
#15424 = EDGE_CURVE('',#15098,#15201,#15425,.T.);
#15425 = LINE('',#15426,#15427);
#15426 = CARTESIAN_POINT('',(-0.785,0.435,3.E-02));
#15427 = VECTOR('',#15428,1.);
#15428 = DIRECTION('',(0.,0.,1.));
#15429 = ORIENTED_EDGE('',*,*,#15200,.T.);
#15430 = ORIENTED_EDGE('',*,*,#15185,.F.);
#15431 = PLANE('',#15432);
#15432 = AXIS2_PLACEMENT_3D('',#15433,#15434,#15435);
#15433 = CARTESIAN_POINT('',(-0.785,0.435,3.E-02));
#15434 = DIRECTION('',(0.,1.,0.));
#15435 = DIRECTION('',(0.,-0.,1.));
#15436 = ADVANCED_FACE('',(#15437),#15448,.F.);
#15437 = FACE_BOUND('',#15438,.F.);
#15438 = EDGE_LOOP('',(#15439,#15440,#15446,#15447));
#15439 = ORIENTED_EDGE('',*,*,#15208,.F.);
#15440 = ORIENTED_EDGE('',*,*,#15441,.F.);
#15441 = EDGE_CURVE('',#15106,#15209,#15442,.T.);
#15442 = LINE('',#15443,#15444);
#15443 = CARTESIAN_POINT('',(-0.785,0.35,1.5E-02));
#15444 = VECTOR('',#15445,1.);
#15445 = DIRECTION('',(0.,0.,1.));
#15446 = ORIENTED_EDGE('',*,*,#15105,.T.);
#15447 = ORIENTED_EDGE('',*,*,#15424,.T.);
#15448 = PLANE('',#15449);
#15449 = AXIS2_PLACEMENT_3D('',#15450,#15451,#15452);
#15450 = CARTESIAN_POINT('',(-0.785,-0.435,3.E-02));
#15451 = DIRECTION('',(1.,0.,0.));
#15452 = DIRECTION('',(0.,0.,1.));
#15453 = ADVANCED_FACE('',(#15454),#15517,.T.);
#15454 = FACE_BOUND('',#15455,.T.);
#15455 = EDGE_LOOP('',(#15456,#15457,#15466,#15474,#15483,#15491,#15500,
    #15508,#15515,#15516));
#15456 = ORIENTED_EDGE('',*,*,#15113,.F.);
#15457 = ORIENTED_EDGE('',*,*,#15458,.T.);
#15458 = EDGE_CURVE('',#15114,#15459,#15461,.T.);
#15459 = VERTEX_POINT('',#15460);
#15460 = CARTESIAN_POINT('',(-0.48,0.35,-3.469446951954E-18));
#15461 = CIRCLE('',#15462,3.E-02);
#15462 = AXIS2_PLACEMENT_3D('',#15463,#15464,#15465);
#15463 = CARTESIAN_POINT('',(-0.48,0.35,3.E-02));
#15464 = DIRECTION('',(1.110223024625E-16,1.,-0.));
#15465 = DIRECTION('',(0.,0.,1.));
#15466 = ORIENTED_EDGE('',*,*,#15467,.T.);
#15467 = EDGE_CURVE('',#15459,#15468,#15470,.T.);
#15468 = VERTEX_POINT('',#15469);
#15469 = CARTESIAN_POINT('',(-0.77,0.35,-3.469446951954E-18));
#15470 = LINE('',#15471,#15472);
#15471 = CARTESIAN_POINT('',(-0.45,0.35,0.));
#15472 = VECTOR('',#15473,1.);
#15473 = DIRECTION('',(-1.,1.110223024625E-16,0.));
#15474 = ORIENTED_EDGE('',*,*,#15475,.F.);
#15475 = EDGE_CURVE('',#15476,#15468,#15478,.T.);
#15476 = VERTEX_POINT('',#15477);
#15477 = CARTESIAN_POINT('',(-0.8,0.35,3.E-02));
#15478 = CIRCLE('',#15479,3.E-02);
#15479 = AXIS2_PLACEMENT_3D('',#15480,#15481,#15482);
#15480 = CARTESIAN_POINT('',(-0.77,0.35,3.E-02));
#15481 = DIRECTION('',(-1.110223024625E-16,-1.,0.));
#15482 = DIRECTION('',(0.,0.,1.));
#15483 = ORIENTED_EDGE('',*,*,#15484,.T.);
#15484 = EDGE_CURVE('',#15476,#15485,#15487,.T.);
#15485 = VERTEX_POINT('',#15486);
#15486 = CARTESIAN_POINT('',(-0.8,0.35,0.63));
#15487 = LINE('',#15488,#15489);
#15488 = CARTESIAN_POINT('',(-0.8,0.35,0.));
#15489 = VECTOR('',#15490,1.);
#15490 = DIRECTION('',(0.,0.,1.));
#15491 = ORIENTED_EDGE('',*,*,#15492,.T.);
#15492 = EDGE_CURVE('',#15485,#15493,#15495,.T.);
#15493 = VERTEX_POINT('',#15494);
#15494 = CARTESIAN_POINT('',(-0.77,0.35,0.66));
#15495 = CIRCLE('',#15496,3.E-02);
#15496 = AXIS2_PLACEMENT_3D('',#15497,#15498,#15499);
#15497 = CARTESIAN_POINT('',(-0.77,0.35,0.63));
#15498 = DIRECTION('',(1.110223024625E-16,1.,-0.));
#15499 = DIRECTION('',(0.,0.,1.));
#15500 = ORIENTED_EDGE('',*,*,#15501,.F.);
#15501 = EDGE_CURVE('',#15502,#15493,#15504,.T.);
#15502 = VERTEX_POINT('',#15503);
#15503 = CARTESIAN_POINT('',(-0.48,0.35,0.66));
#15504 = LINE('',#15505,#15506);
#15505 = CARTESIAN_POINT('',(-0.45,0.35,0.66));
#15506 = VECTOR('',#15507,1.);
#15507 = DIRECTION('',(-1.,1.110223024625E-16,0.));
#15508 = ORIENTED_EDGE('',*,*,#15509,.F.);
#15509 = EDGE_CURVE('',#15217,#15502,#15510,.T.);
#15510 = CIRCLE('',#15511,3.E-02);
#15511 = AXIS2_PLACEMENT_3D('',#15512,#15513,#15514);
#15512 = CARTESIAN_POINT('',(-0.48,0.35,0.63));
#15513 = DIRECTION('',(-1.110223024625E-16,-1.,0.));
#15514 = DIRECTION('',(0.,0.,1.));
#15515 = ORIENTED_EDGE('',*,*,#15216,.T.);
#15516 = ORIENTED_EDGE('',*,*,#15441,.F.);
#15517 = PLANE('',#15518);
#15518 = AXIS2_PLACEMENT_3D('',#15519,#15520,#15521);
#15519 = CARTESIAN_POINT('',(-0.45,0.35,0.));
#15520 = DIRECTION('',(1.110223024625E-16,1.,0.));
#15521 = DIRECTION('',(0.,-0.,1.));
#15522 = ADVANCED_FACE('',(#15523),#15542,.T.);
#15523 = FACE_BOUND('',#15524,.T.);
#15524 = EDGE_LOOP('',(#15525,#15534,#15540,#15541));
#15525 = ORIENTED_EDGE('',*,*,#15526,.T.);
#15526 = EDGE_CURVE('',#15122,#15527,#15529,.T.);
#15527 = VERTEX_POINT('',#15528);
#15528 = CARTESIAN_POINT('',(-0.48,-0.35,-3.469446951954E-18));
#15529 = CIRCLE('',#15530,3.E-02);
#15530 = AXIS2_PLACEMENT_3D('',#15531,#15532,#15533);
#15531 = CARTESIAN_POINT('',(-0.48,-0.35,3.E-02));
#15532 = DIRECTION('',(1.110223024625E-16,1.,-0.));
#15533 = DIRECTION('',(0.,0.,1.));
#15534 = ORIENTED_EDGE('',*,*,#15535,.T.);
#15535 = EDGE_CURVE('',#15527,#15459,#15536,.T.);
#15536 = LINE('',#15537,#15538);
#15537 = CARTESIAN_POINT('',(-0.48,-0.35,-3.469446951954E-18));
#15538 = VECTOR('',#15539,1.);
#15539 = DIRECTION('',(1.110223024625E-16,1.,0.));
#15540 = ORIENTED_EDGE('',*,*,#15458,.F.);
#15541 = ORIENTED_EDGE('',*,*,#15121,.T.);
#15542 = CYLINDRICAL_SURFACE('',#15543,3.E-02);
#15543 = AXIS2_PLACEMENT_3D('',#15544,#15545,#15546);
#15544 = CARTESIAN_POINT('',(-0.48,-0.35,3.E-02));
#15545 = DIRECTION('',(1.110223024625E-16,1.,0.));
#15546 = DIRECTION('',(1.,-1.110223024625E-16,0.));
#15547 = ADVANCED_FACE('',(#15548),#15559,.F.);
#15548 = FACE_BOUND('',#15549,.F.);
#15549 = EDGE_LOOP('',(#15550,#15551,#15557,#15558));
#15550 = ORIENTED_EDGE('',*,*,#15145,.F.);
#15551 = ORIENTED_EDGE('',*,*,#15552,.T.);
#15552 = EDGE_CURVE('',#15138,#15241,#15553,.T.);
#15553 = LINE('',#15554,#15555);
#15554 = CARTESIAN_POINT('',(-0.785,-0.435,3.E-02));
#15555 = VECTOR('',#15556,1.);
#15556 = DIRECTION('',(0.,0.,1.));
#15557 = ORIENTED_EDGE('',*,*,#15248,.T.);
#15558 = ORIENTED_EDGE('',*,*,#15407,.F.);
#15559 = PLANE('',#15560);
#15560 = AXIS2_PLACEMENT_3D('',#15561,#15562,#15563);
#15561 = CARTESIAN_POINT('',(-0.785,-0.435,3.E-02));
#15562 = DIRECTION('',(0.,1.,0.));
#15563 = DIRECTION('',(0.,-0.,1.));
#15564 = ADVANCED_FACE('',(#15565),#15625,.F.);
#15565 = FACE_BOUND('',#15566,.F.);
#15566 = EDGE_LOOP('',(#15567,#15568,#15569,#15577,#15586,#15594,#15603,
    #15611,#15618,#15619));
#15567 = ORIENTED_EDGE('',*,*,#15129,.F.);
#15568 = ORIENTED_EDGE('',*,*,#15526,.T.);
#15569 = ORIENTED_EDGE('',*,*,#15570,.T.);
#15570 = EDGE_CURVE('',#15527,#15571,#15573,.T.);
#15571 = VERTEX_POINT('',#15572);
#15572 = CARTESIAN_POINT('',(-0.77,-0.35,-3.469446951954E-18));
#15573 = LINE('',#15574,#15575);
#15574 = CARTESIAN_POINT('',(-0.45,-0.35,0.));
#15575 = VECTOR('',#15576,1.);
#15576 = DIRECTION('',(-1.,1.110223024625E-16,0.));
#15577 = ORIENTED_EDGE('',*,*,#15578,.F.);
#15578 = EDGE_CURVE('',#15579,#15571,#15581,.T.);
#15579 = VERTEX_POINT('',#15580);
#15580 = CARTESIAN_POINT('',(-0.8,-0.35,3.E-02));
#15581 = CIRCLE('',#15582,3.E-02);
#15582 = AXIS2_PLACEMENT_3D('',#15583,#15584,#15585);
#15583 = CARTESIAN_POINT('',(-0.77,-0.35,3.E-02));
#15584 = DIRECTION('',(-1.110223024625E-16,-1.,0.));
#15585 = DIRECTION('',(0.,0.,1.));
#15586 = ORIENTED_EDGE('',*,*,#15587,.T.);
#15587 = EDGE_CURVE('',#15579,#15588,#15590,.T.);
#15588 = VERTEX_POINT('',#15589);
#15589 = CARTESIAN_POINT('',(-0.8,-0.35,0.63));
#15590 = LINE('',#15591,#15592);
#15591 = CARTESIAN_POINT('',(-0.8,-0.35,0.));
#15592 = VECTOR('',#15593,1.);
#15593 = DIRECTION('',(0.,0.,1.));
#15594 = ORIENTED_EDGE('',*,*,#15595,.T.);
#15595 = EDGE_CURVE('',#15588,#15596,#15598,.T.);
#15596 = VERTEX_POINT('',#15597);
#15597 = CARTESIAN_POINT('',(-0.77,-0.35,0.66));
#15598 = CIRCLE('',#15599,3.E-02);
#15599 = AXIS2_PLACEMENT_3D('',#15600,#15601,#15602);
#15600 = CARTESIAN_POINT('',(-0.77,-0.35,0.63));
#15601 = DIRECTION('',(1.110223024625E-16,1.,-0.));
#15602 = DIRECTION('',(0.,0.,1.));
#15603 = ORIENTED_EDGE('',*,*,#15604,.F.);
#15604 = EDGE_CURVE('',#15605,#15596,#15607,.T.);
#15605 = VERTEX_POINT('',#15606);
#15606 = CARTESIAN_POINT('',(-0.48,-0.35,0.66));
#15607 = LINE('',#15608,#15609);
#15608 = CARTESIAN_POINT('',(-0.45,-0.35,0.66));
#15609 = VECTOR('',#15610,1.);
#15610 = DIRECTION('',(-1.,1.110223024625E-16,0.));
#15611 = ORIENTED_EDGE('',*,*,#15612,.F.);
#15612 = EDGE_CURVE('',#15225,#15605,#15613,.T.);
#15613 = CIRCLE('',#15614,3.E-02);
#15614 = AXIS2_PLACEMENT_3D('',#15615,#15616,#15617);
#15615 = CARTESIAN_POINT('',(-0.48,-0.35,0.63));
#15616 = DIRECTION('',(-1.110223024625E-16,-1.,0.));
#15617 = DIRECTION('',(0.,0.,1.));
#15618 = ORIENTED_EDGE('',*,*,#15232,.T.);
#15619 = ORIENTED_EDGE('',*,*,#15620,.F.);
#15620 = EDGE_CURVE('',#15130,#15233,#15621,.T.);
#15621 = LINE('',#15622,#15623);
#15622 = CARTESIAN_POINT('',(-0.785,-0.35,1.5E-02));
#15623 = VECTOR('',#15624,1.);
#15624 = DIRECTION('',(0.,0.,1.));
#15625 = PLANE('',#15626);
#15626 = AXIS2_PLACEMENT_3D('',#15627,#15628,#15629);
#15627 = CARTESIAN_POINT('',(-0.45,-0.35,0.));
#15628 = DIRECTION('',(1.110223024625E-16,1.,0.));
#15629 = DIRECTION('',(0.,-0.,1.));
#15630 = ADVANCED_FACE('',(#15631),#15637,.F.);
#15631 = FACE_BOUND('',#15632,.F.);
#15632 = EDGE_LOOP('',(#15633,#15634,#15635,#15636));
#15633 = ORIENTED_EDGE('',*,*,#15240,.F.);
#15634 = ORIENTED_EDGE('',*,*,#15552,.F.);
#15635 = ORIENTED_EDGE('',*,*,#15137,.T.);
#15636 = ORIENTED_EDGE('',*,*,#15620,.T.);
#15637 = PLANE('',#15638);
#15638 = AXIS2_PLACEMENT_3D('',#15639,#15640,#15641);
#15639 = CARTESIAN_POINT('',(-0.785,-0.435,3.E-02));
#15640 = DIRECTION('',(1.,0.,0.));
#15641 = DIRECTION('',(0.,0.,1.));
#15642 = ADVANCED_FACE('',(#15643),#15654,.T.);
#15643 = FACE_BOUND('',#15644,.T.);
#15644 = EDGE_LOOP('',(#15645,#15646,#15647,#15653));
#15645 = ORIENTED_EDGE('',*,*,#15224,.F.);
#15646 = ORIENTED_EDGE('',*,*,#15509,.T.);
#15647 = ORIENTED_EDGE('',*,*,#15648,.F.);
#15648 = EDGE_CURVE('',#15605,#15502,#15649,.T.);
#15649 = LINE('',#15650,#15651);
#15650 = CARTESIAN_POINT('',(-0.48,-0.35,0.66));
#15651 = VECTOR('',#15652,1.);
#15652 = DIRECTION('',(1.110223024625E-16,1.,0.));
#15653 = ORIENTED_EDGE('',*,*,#15612,.F.);
#15654 = CYLINDRICAL_SURFACE('',#15655,3.E-02);
#15655 = AXIS2_PLACEMENT_3D('',#15656,#15657,#15658);
#15656 = CARTESIAN_POINT('',(-0.48,-0.35,0.63));
#15657 = DIRECTION('',(1.110223024625E-16,1.,0.));
#15658 = DIRECTION('',(1.,-1.110223024625E-16,0.));
#15659 = ADVANCED_FACE('',(#15660),#15685,.F.);
#15660 = FACE_BOUND('',#15661,.F.);
#15661 = EDGE_LOOP('',(#15662,#15670,#15678,#15684));
#15662 = ORIENTED_EDGE('',*,*,#15663,.F.);
#15663 = EDGE_CURVE('',#15664,#15268,#15666,.T.);
#15664 = VERTEX_POINT('',#15665);
#15665 = CARTESIAN_POINT('',(-0.315,-0.42,0.62));
#15666 = LINE('',#15667,#15668);
#15667 = CARTESIAN_POINT('',(-0.315,-0.42,0.62));
#15668 = VECTOR('',#15669,1.);
#15669 = DIRECTION('',(0.,0.,1.));
#15670 = ORIENTED_EDGE('',*,*,#15671,.T.);
#15671 = EDGE_CURVE('',#15664,#15672,#15674,.T.);
#15672 = VERTEX_POINT('',#15673);
#15673 = CARTESIAN_POINT('',(-0.315,0.42,0.62));
#15674 = LINE('',#15675,#15676);
#15675 = CARTESIAN_POINT('',(-0.315,-0.42,0.62));
#15676 = VECTOR('',#15677,1.);
#15677 = DIRECTION('',(0.,1.,0.));
#15678 = ORIENTED_EDGE('',*,*,#15679,.T.);
#15679 = EDGE_CURVE('',#15672,#15270,#15680,.T.);
#15680 = LINE('',#15681,#15682);
#15681 = CARTESIAN_POINT('',(-0.315,0.42,0.62));
#15682 = VECTOR('',#15683,1.);
#15683 = DIRECTION('',(0.,0.,1.));
#15684 = ORIENTED_EDGE('',*,*,#15267,.F.);
#15685 = PLANE('',#15686);
#15686 = AXIS2_PLACEMENT_3D('',#15687,#15688,#15689);
#15687 = CARTESIAN_POINT('',(-0.315,-0.42,0.62));
#15688 = DIRECTION('',(1.,0.,0.));
#15689 = DIRECTION('',(0.,0.,1.));
#15690 = ADVANCED_FACE('',(#15691),#15709,.T.);
#15691 = FACE_BOUND('',#15692,.T.);
#15692 = EDGE_LOOP('',(#15693,#15694,#15702,#15708));
#15693 = ORIENTED_EDGE('',*,*,#15663,.F.);
#15694 = ORIENTED_EDGE('',*,*,#15695,.F.);
#15695 = EDGE_CURVE('',#15696,#15664,#15698,.T.);
#15696 = VERTEX_POINT('',#15697);
#15697 = CARTESIAN_POINT('',(-0.435,-0.42,0.62));
#15698 = LINE('',#15699,#15700);
#15699 = CARTESIAN_POINT('',(-0.435,-0.42,0.62));
#15700 = VECTOR('',#15701,1.);
#15701 = DIRECTION('',(1.,0.,0.));
#15702 = ORIENTED_EDGE('',*,*,#15703,.T.);
#15703 = EDGE_CURVE('',#15696,#15278,#15704,.T.);
#15704 = LINE('',#15705,#15706);
#15705 = CARTESIAN_POINT('',(-0.435,-0.42,0.62));
#15706 = VECTOR('',#15707,1.);
#15707 = DIRECTION('',(0.,0.,1.));
#15708 = ORIENTED_EDGE('',*,*,#15277,.F.);
#15709 = PLANE('',#15710);
#15710 = AXIS2_PLACEMENT_3D('',#15711,#15712,#15713);
#15711 = CARTESIAN_POINT('',(-0.435,-0.42,0.62));
#15712 = DIRECTION('',(0.,1.,0.));
#15713 = DIRECTION('',(0.,-0.,1.));
#15714 = ADVANCED_FACE('',(#15715),#15733,.F.);
#15715 = FACE_BOUND('',#15716,.F.);
#15716 = EDGE_LOOP('',(#15717,#15718,#15726,#15732));
#15717 = ORIENTED_EDGE('',*,*,#15679,.F.);
#15718 = ORIENTED_EDGE('',*,*,#15719,.F.);
#15719 = EDGE_CURVE('',#15720,#15672,#15722,.T.);
#15720 = VERTEX_POINT('',#15721);
#15721 = CARTESIAN_POINT('',(-0.435,0.42,0.62));
#15722 = LINE('',#15723,#15724);
#15723 = CARTESIAN_POINT('',(-0.435,0.42,0.62));
#15724 = VECTOR('',#15725,1.);
#15725 = DIRECTION('',(1.,0.,0.));
#15726 = ORIENTED_EDGE('',*,*,#15727,.T.);
#15727 = EDGE_CURVE('',#15720,#15286,#15728,.T.);
#15728 = LINE('',#15729,#15730);
#15729 = CARTESIAN_POINT('',(-0.435,0.42,0.62));
#15730 = VECTOR('',#15731,1.);
#15731 = DIRECTION('',(0.,0.,1.));
#15732 = ORIENTED_EDGE('',*,*,#15293,.F.);
#15733 = PLANE('',#15734);
#15734 = AXIS2_PLACEMENT_3D('',#15735,#15736,#15737);
#15735 = CARTESIAN_POINT('',(-0.435,0.42,0.62));
#15736 = DIRECTION('',(0.,1.,0.));
#15737 = DIRECTION('',(0.,-0.,1.));
#15738 = ADVANCED_FACE('',(#15739),#15750,.T.);
#15739 = FACE_BOUND('',#15740,.T.);
#15740 = EDGE_LOOP('',(#15741,#15742,#15748,#15749));
#15741 = ORIENTED_EDGE('',*,*,#15703,.F.);
#15742 = ORIENTED_EDGE('',*,*,#15743,.T.);
#15743 = EDGE_CURVE('',#15696,#15720,#15744,.T.);
#15744 = LINE('',#15745,#15746);
#15745 = CARTESIAN_POINT('',(-0.435,-0.42,0.62));
#15746 = VECTOR('',#15747,1.);
#15747 = DIRECTION('',(0.,1.,0.));
#15748 = ORIENTED_EDGE('',*,*,#15727,.T.);
#15749 = ORIENTED_EDGE('',*,*,#15285,.F.);
#15750 = PLANE('',#15751);
#15751 = AXIS2_PLACEMENT_3D('',#15752,#15753,#15754);
#15752 = CARTESIAN_POINT('',(-0.435,-0.42,0.62));
#15753 = DIRECTION('',(1.,0.,0.));
#15754 = DIRECTION('',(0.,0.,1.));
#15755 = ADVANCED_FACE('',(#15756),#15784,.T.);
#15756 = FACE_BOUND('',#15757,.T.);
#15757 = EDGE_LOOP('',(#15758,#15759,#15760,#15761,#15769,#15778));
#15758 = ORIENTED_EDGE('',*,*,#15604,.F.);
#15759 = ORIENTED_EDGE('',*,*,#15648,.T.);
#15760 = ORIENTED_EDGE('',*,*,#15501,.T.);
#15761 = ORIENTED_EDGE('',*,*,#15762,.F.);
#15762 = EDGE_CURVE('',#15763,#15493,#15765,.T.);
#15763 = VERTEX_POINT('',#15764);
#15764 = CARTESIAN_POINT('',(-0.77,0.21,0.66));
#15765 = LINE('',#15766,#15767);
#15766 = CARTESIAN_POINT('',(-0.77,-0.35,0.66));
#15767 = VECTOR('',#15768,1.);
#15768 = DIRECTION('',(1.110223024625E-16,1.,0.));
#15769 = ORIENTED_EDGE('',*,*,#15770,.F.);
#15770 = EDGE_CURVE('',#15771,#15763,#15773,.T.);
#15771 = VERTEX_POINT('',#15772);
#15772 = CARTESIAN_POINT('',(-0.77,-0.21,0.66));
#15773 = CIRCLE('',#15774,0.21);
#15774 = AXIS2_PLACEMENT_3D('',#15775,#15776,#15777);
#15775 = CARTESIAN_POINT('',(-0.77,9.936496070395E-17,0.66));
#15776 = DIRECTION('',(0.,-0.,1.));
#15777 = DIRECTION('',(1.110223024625E-16,1.,0.));
#15778 = ORIENTED_EDGE('',*,*,#15779,.F.);
#15779 = EDGE_CURVE('',#15596,#15771,#15780,.T.);
#15780 = LINE('',#15781,#15782);
#15781 = CARTESIAN_POINT('',(-0.77,-0.35,0.66));
#15782 = VECTOR('',#15783,1.);
#15783 = DIRECTION('',(1.110223024625E-16,1.,0.));
#15784 = PLANE('',#15785);
#15785 = AXIS2_PLACEMENT_3D('',#15786,#15787,#15788);
#15786 = CARTESIAN_POINT('',(-0.45,-0.35,0.66));
#15787 = DIRECTION('',(0.,0.,1.));
#15788 = DIRECTION('',(1.110223024625E-16,1.,-0.));
#15789 = ADVANCED_FACE('',(#15790),#15819,.T.);
#15790 = FACE_BOUND('',#15791,.T.);
#15791 = EDGE_LOOP('',(#15792,#15800,#15817,#15818));
#15792 = ORIENTED_EDGE('',*,*,#15793,.F.);
#15793 = EDGE_CURVE('',#15794,#15485,#15796,.T.);
#15794 = VERTEX_POINT('',#15795);
#15795 = CARTESIAN_POINT('',(-0.8,0.207846096908,0.63));
#15796 = LINE('',#15797,#15798);
#15797 = CARTESIAN_POINT('',(-0.8,-0.35,0.63));
#15798 = VECTOR('',#15799,1.);
#15799 = DIRECTION('',(1.110223024625E-16,1.,0.));
#15800 = ORIENTED_EDGE('',*,*,#15801,.T.);
#15801 = EDGE_CURVE('',#15794,#15763,#15802,.T.);
#15802 = B_SPLINE_CURVE_WITH_KNOTS('',7,(#15803,#15804,#15805,#15806,
    #15807,#15808,#15809,#15810,#15811,#15812,#15813,#15814,#15815,
    #15816),.UNSPECIFIED.,.F.,.F.,(8,6,8),(0.,0.874463336087,1.),
  .UNSPECIFIED.);
#15803 = CARTESIAN_POINT('',(-0.8,0.207846096908,0.63));
#15804 = CARTESIAN_POINT('',(-0.8,0.207846096908,0.636345841059));
#15805 = CARTESIAN_POINT('',(-0.798433952319,0.208072144873,
    0.642469507615));
#15806 = CARTESIAN_POINT('',(-0.795499279423,0.208495687659,
    0.64798381764));
#15807 = CARTESIAN_POINT('',(-0.791441116875,0.209005633614,
    0.652610174938));
#15808 = CARTESIAN_POINT('',(-0.786545018706,0.209461860626,
    0.65612783499));
#15809 = CARTESIAN_POINT('',(-0.78115642072,0.209776529343,
    0.658412763373));
#15810 = CARTESIAN_POINT('',(-0.774826845706,0.20994602495,
    0.659620194383));
#15811 = CARTESIAN_POINT('',(-0.774028016437,0.209963905022,
    0.659746673217));
#15812 = CARTESIAN_POINT('',(-0.773225799574,0.209978298237,
    0.659847954909));
#15813 = CARTESIAN_POINT('',(-0.772421042633,0.209989137801,
    0.65992396526));
#15814 = CARTESIAN_POINT('',(-0.771614592695,0.209996379145,
    0.659974654986));
#15815 = CARTESIAN_POINT('',(-0.770807296411,0.209999999919,
    0.659999999717));
#15816 = CARTESIAN_POINT('',(-0.77,0.21,0.66));
#15817 = ORIENTED_EDGE('',*,*,#15762,.T.);
#15818 = ORIENTED_EDGE('',*,*,#15492,.F.);
#15819 = CYLINDRICAL_SURFACE('',#15820,3.E-02);
#15820 = AXIS2_PLACEMENT_3D('',#15821,#15822,#15823);
#15821 = CARTESIAN_POINT('',(-0.77,-0.35,0.63));
#15822 = DIRECTION('',(1.110223024625E-16,1.,0.));
#15823 = DIRECTION('',(-1.,1.110223024625E-16,0.));
#15824 = ADVANCED_FACE('',(#15825),#15843,.T.);
#15825 = FACE_BOUND('',#15826,.T.);
#15826 = EDGE_LOOP('',(#15827,#15828,#15836,#15842));
#15827 = ORIENTED_EDGE('',*,*,#15484,.F.);
#15828 = ORIENTED_EDGE('',*,*,#15829,.F.);
#15829 = EDGE_CURVE('',#15830,#15476,#15832,.T.);
#15830 = VERTEX_POINT('',#15831);
#15831 = CARTESIAN_POINT('',(-0.8,0.207846096908,3.E-02));
#15832 = LINE('',#15833,#15834);
#15833 = CARTESIAN_POINT('',(-0.8,-0.35,3.E-02));
#15834 = VECTOR('',#15835,1.);
#15835 = DIRECTION('',(1.110223024625E-16,1.,0.));
#15836 = ORIENTED_EDGE('',*,*,#15837,.T.);
#15837 = EDGE_CURVE('',#15830,#15794,#15838,.T.);
#15838 = LINE('',#15839,#15840);
#15839 = CARTESIAN_POINT('',(-0.8,0.207846096908,0.66));
#15840 = VECTOR('',#15841,1.);
#15841 = DIRECTION('',(0.,0.,1.));
#15842 = ORIENTED_EDGE('',*,*,#15793,.T.);
#15843 = PLANE('',#15844);
#15844 = AXIS2_PLACEMENT_3D('',#15845,#15846,#15847);
#15845 = CARTESIAN_POINT('',(-0.8,-0.35,0.));
#15846 = DIRECTION('',(-1.,1.110223024625E-16,0.));
#15847 = DIRECTION('',(0.,0.,1.));
#15848 = ADVANCED_FACE('',(#15849),#15878,.T.);
#15849 = FACE_BOUND('',#15850,.T.);
#15850 = EDGE_LOOP('',(#15851,#15852,#15860,#15877));
#15851 = ORIENTED_EDGE('',*,*,#15475,.T.);
#15852 = ORIENTED_EDGE('',*,*,#15853,.F.);
#15853 = EDGE_CURVE('',#15854,#15468,#15856,.T.);
#15854 = VERTEX_POINT('',#15855);
#15855 = CARTESIAN_POINT('',(-0.77,0.21,-1.734723475977E-18));
#15856 = LINE('',#15857,#15858);
#15857 = CARTESIAN_POINT('',(-0.77,-0.35,-3.469446951954E-18));
#15858 = VECTOR('',#15859,1.);
#15859 = DIRECTION('',(1.110223024625E-16,1.,0.));
#15860 = ORIENTED_EDGE('',*,*,#15861,.F.);
#15861 = EDGE_CURVE('',#15830,#15854,#15862,.T.);
#15862 = B_SPLINE_CURVE_WITH_KNOTS('',7,(#15863,#15864,#15865,#15866,
    #15867,#15868,#15869,#15870,#15871,#15872,#15873,#15874,#15875,
    #15876),.UNSPECIFIED.,.F.,.F.,(8,6,8),(0.,0.874463336086,1.),
  .UNSPECIFIED.);
#15863 = CARTESIAN_POINT('',(-0.8,0.207846096908,3.E-02));
#15864 = CARTESIAN_POINT('',(-0.8,0.207846096908,2.365415894153E-02));
#15865 = CARTESIAN_POINT('',(-0.798433952319,0.208072144873,
    1.753049238527E-02));
#15866 = CARTESIAN_POINT('',(-0.795499279423,0.208495687659,
    1.201618235995E-02));
#15867 = CARTESIAN_POINT('',(-0.791441116875,0.209005633614,
    7.389825062537E-03));
#15868 = CARTESIAN_POINT('',(-0.786545018706,0.209461860626,
    3.872165010374E-03));
#15869 = CARTESIAN_POINT('',(-0.78115642072,0.209776529343,
    1.587236626821E-03));
#15870 = CARTESIAN_POINT('',(-0.774826845706,0.20994602495,
    3.798056172976E-04));
#15871 = CARTESIAN_POINT('',(-0.774028016437,0.209963905022,
    2.533267834389E-04));
#15872 = CARTESIAN_POINT('',(-0.773225799574,0.209978298237,
    1.520450911262E-04));
#15873 = CARTESIAN_POINT('',(-0.772421042633,0.209989137801,
    7.603473981997E-05));
#15874 = CARTESIAN_POINT('',(-0.771614592695,0.209996379145,
    2.534501387762E-05));
#15875 = CARTESIAN_POINT('',(-0.770807296411,0.209999999919,
    2.825537414566E-10));
#15876 = CARTESIAN_POINT('',(-0.77,0.21,-1.734723475977E-18));
#15877 = ORIENTED_EDGE('',*,*,#15829,.T.);
#15878 = CYLINDRICAL_SURFACE('',#15879,3.E-02);
#15879 = AXIS2_PLACEMENT_3D('',#15880,#15881,#15882);
#15880 = CARTESIAN_POINT('',(-0.77,-0.35,3.E-02));
#15881 = DIRECTION('',(1.110223024625E-16,1.,0.));
#15882 = DIRECTION('',(-1.,1.110223024625E-16,0.));
#15883 = ADVANCED_FACE('',(#15884),#15905,.F.);
#15884 = FACE_BOUND('',#15885,.F.);
#15885 = EDGE_LOOP('',(#15886,#15887,#15888,#15889,#15890,#15899));
#15886 = ORIENTED_EDGE('',*,*,#15570,.F.);
#15887 = ORIENTED_EDGE('',*,*,#15535,.T.);
#15888 = ORIENTED_EDGE('',*,*,#15467,.T.);
#15889 = ORIENTED_EDGE('',*,*,#15853,.F.);
#15890 = ORIENTED_EDGE('',*,*,#15891,.F.);
#15891 = EDGE_CURVE('',#15892,#15854,#15894,.T.);
#15892 = VERTEX_POINT('',#15893);
#15893 = CARTESIAN_POINT('',(-0.77,-0.21,-3.469446951954E-18));
#15894 = CIRCLE('',#15895,0.21);
#15895 = AXIS2_PLACEMENT_3D('',#15896,#15897,#15898);
#15896 = CARTESIAN_POINT('',(-0.77,9.936496070395E-17,0.));
#15897 = DIRECTION('',(0.,-0.,1.));
#15898 = DIRECTION('',(1.110223024625E-16,1.,0.));
#15899 = ORIENTED_EDGE('',*,*,#15900,.F.);
#15900 = EDGE_CURVE('',#15571,#15892,#15901,.T.);
#15901 = LINE('',#15902,#15903);
#15902 = CARTESIAN_POINT('',(-0.77,-0.35,-3.469446951954E-18));
#15903 = VECTOR('',#15904,1.);
#15904 = DIRECTION('',(1.110223024625E-16,1.,0.));
#15905 = PLANE('',#15906);
#15906 = AXIS2_PLACEMENT_3D('',#15907,#15908,#15909);
#15907 = CARTESIAN_POINT('',(-0.45,-0.35,0.));
#15908 = DIRECTION('',(0.,0.,1.));
#15909 = DIRECTION('',(1.110223024625E-16,1.,-0.));
#15910 = ADVANCED_FACE('',(#15911),#15940,.T.);
#15911 = FACE_BOUND('',#15912,.T.);
#15912 = EDGE_LOOP('',(#15913,#15921,#15922,#15923));
#15913 = ORIENTED_EDGE('',*,*,#15914,.F.);
#15914 = EDGE_CURVE('',#15588,#15915,#15917,.T.);
#15915 = VERTEX_POINT('',#15916);
#15916 = CARTESIAN_POINT('',(-0.8,-0.207846096908,0.63));
#15917 = LINE('',#15918,#15919);
#15918 = CARTESIAN_POINT('',(-0.8,-0.35,0.63));
#15919 = VECTOR('',#15920,1.);
#15920 = DIRECTION('',(1.110223024625E-16,1.,0.));
#15921 = ORIENTED_EDGE('',*,*,#15595,.T.);
#15922 = ORIENTED_EDGE('',*,*,#15779,.T.);
#15923 = ORIENTED_EDGE('',*,*,#15924,.F.);
#15924 = EDGE_CURVE('',#15915,#15771,#15925,.T.);
#15925 = B_SPLINE_CURVE_WITH_KNOTS('',7,(#15926,#15927,#15928,#15929,
    #15930,#15931,#15932,#15933,#15934,#15935,#15936,#15937,#15938,
    #15939),.UNSPECIFIED.,.F.,.F.,(8,6,8),(0.,0.874463336063,1.),
  .UNSPECIFIED.);
#15926 = CARTESIAN_POINT('',(-0.8,-0.207846096908,0.63));
#15927 = CARTESIAN_POINT('',(-0.8,-0.207846096908,0.636345841058));
#15928 = CARTESIAN_POINT('',(-0.798433952319,-0.208072144873,
    0.642469507615));
#15929 = CARTESIAN_POINT('',(-0.795499279423,-0.208495687659,
    0.64798381764));
#15930 = CARTESIAN_POINT('',(-0.791441116875,-0.209005633614,
    0.652610174937));
#15931 = CARTESIAN_POINT('',(-0.786545018706,-0.209461860626,
    0.65612783499));
#15932 = CARTESIAN_POINT('',(-0.78115642072,-0.209776529343,
    0.658412763373));
#15933 = CARTESIAN_POINT('',(-0.774826845706,-0.20994602495,
    0.659620194383));
#15934 = CARTESIAN_POINT('',(-0.774028016437,-0.209963904989,
    0.659746673099));
#15935 = CARTESIAN_POINT('',(-0.773225799574,-0.209978298192,
    0.659847954753));
#15936 = CARTESIAN_POINT('',(-0.772421042633,-0.209989137789,
    0.659923965218));
#15937 = CARTESIAN_POINT('',(-0.771614592695,-0.209996379192,
    0.659974655151));
#15938 = CARTESIAN_POINT('',(-0.77080729641,-0.21,0.66));
#15939 = CARTESIAN_POINT('',(-0.77,-0.21,0.66));
#15940 = CYLINDRICAL_SURFACE('',#15941,3.E-02);
#15941 = AXIS2_PLACEMENT_3D('',#15942,#15943,#15944);
#15942 = CARTESIAN_POINT('',(-0.77,-0.35,0.63));
#15943 = DIRECTION('',(1.110223024625E-16,1.,0.));
#15944 = DIRECTION('',(-1.,1.110223024625E-16,0.));
#15945 = ADVANCED_FACE('',(#15946),#15964,.T.);
#15946 = FACE_BOUND('',#15947,.T.);
#15947 = EDGE_LOOP('',(#15948,#15956,#15962,#15963));
#15948 = ORIENTED_EDGE('',*,*,#15949,.F.);
#15949 = EDGE_CURVE('',#15950,#15915,#15952,.T.);
#15950 = VERTEX_POINT('',#15951);
#15951 = CARTESIAN_POINT('',(-0.8,-0.207846096908,3.E-02));
#15952 = LINE('',#15953,#15954);
#15953 = CARTESIAN_POINT('',(-0.8,-0.207846096908,0.66));
#15954 = VECTOR('',#15955,1.);
#15955 = DIRECTION('',(0.,0.,1.));
#15956 = ORIENTED_EDGE('',*,*,#15957,.F.);
#15957 = EDGE_CURVE('',#15579,#15950,#15958,.T.);
#15958 = LINE('',#15959,#15960);
#15959 = CARTESIAN_POINT('',(-0.8,-0.35,3.E-02));
#15960 = VECTOR('',#15961,1.);
#15961 = DIRECTION('',(1.110223024625E-16,1.,0.));
#15962 = ORIENTED_EDGE('',*,*,#15587,.T.);
#15963 = ORIENTED_EDGE('',*,*,#15914,.T.);
#15964 = PLANE('',#15965);
#15965 = AXIS2_PLACEMENT_3D('',#15966,#15967,#15968);
#15966 = CARTESIAN_POINT('',(-0.8,-0.35,0.));
#15967 = DIRECTION('',(-1.,1.110223024625E-16,0.));
#15968 = DIRECTION('',(0.,0.,1.));
#15969 = ADVANCED_FACE('',(#15970),#15992,.T.);
#15970 = FACE_BOUND('',#15971,.T.);
#15971 = EDGE_LOOP('',(#15972,#15989,#15990,#15991));
#15972 = ORIENTED_EDGE('',*,*,#15973,.T.);
#15973 = EDGE_CURVE('',#15950,#15892,#15974,.T.);
#15974 = B_SPLINE_CURVE_WITH_KNOTS('',7,(#15975,#15976,#15977,#15978,
    #15979,#15980,#15981,#15982,#15983,#15984,#15985,#15986,#15987,
    #15988),.UNSPECIFIED.,.F.,.F.,(8,6,8),(0.,0.874463336063,1.),
  .UNSPECIFIED.);
#15975 = CARTESIAN_POINT('',(-0.8,-0.207846096908,3.E-02));
#15976 = CARTESIAN_POINT('',(-0.8,-0.207846096908,2.365415894152E-02));
#15977 = CARTESIAN_POINT('',(-0.798433952319,-0.208072144873,
    1.753049238528E-02));
#15978 = CARTESIAN_POINT('',(-0.795499279423,-0.208495687659,
    1.201618235995E-02));
#15979 = CARTESIAN_POINT('',(-0.791441116875,-0.209005633614,
    7.389825062529E-03));
#15980 = CARTESIAN_POINT('',(-0.786545018706,-0.209461860626,
    3.872165010373E-03));
#15981 = CARTESIAN_POINT('',(-0.78115642072,-0.209776529343,
    1.587236626824E-03));
#15982 = CARTESIAN_POINT('',(-0.774826845706,-0.20994602495,
    3.798056172653E-04));
#15983 = CARTESIAN_POINT('',(-0.774028016437,-0.209963904989,
    2.533269011312E-04));
#15984 = CARTESIAN_POINT('',(-0.773225799574,-0.209978298192,
    1.520452465003E-04));
#15985 = CARTESIAN_POINT('',(-0.772421042633,-0.209989137789,
    7.603478218543E-05));
#15986 = CARTESIAN_POINT('',(-0.771614592695,-0.209996379192,
    2.534484904841E-05));
#15987 = CARTESIAN_POINT('',(-0.77080729641,-0.21,-1.734723475977E-18));
#15988 = CARTESIAN_POINT('',(-0.77,-0.21,-1.734723475977E-18));
#15989 = ORIENTED_EDGE('',*,*,#15900,.F.);
#15990 = ORIENTED_EDGE('',*,*,#15578,.F.);
#15991 = ORIENTED_EDGE('',*,*,#15957,.T.);
#15992 = CYLINDRICAL_SURFACE('',#15993,3.E-02);
#15993 = AXIS2_PLACEMENT_3D('',#15994,#15995,#15996);
#15994 = CARTESIAN_POINT('',(-0.77,-0.35,3.E-02));
#15995 = DIRECTION('',(1.110223024625E-16,1.,0.));
#15996 = DIRECTION('',(-1.,1.110223024625E-16,0.));
#15997 = ADVANCED_FACE('',(#15998),#16004,.T.);
#15998 = FACE_BOUND('',#15999,.T.);
#15999 = EDGE_LOOP('',(#16000,#16001,#16002,#16003));
#16000 = ORIENTED_EDGE('',*,*,#15743,.F.);
#16001 = ORIENTED_EDGE('',*,*,#15695,.T.);
#16002 = ORIENTED_EDGE('',*,*,#15671,.T.);
#16003 = ORIENTED_EDGE('',*,*,#15719,.F.);
#16004 = PLANE('',#16005);
#16005 = AXIS2_PLACEMENT_3D('',#16006,#16007,#16008);
#16006 = CARTESIAN_POINT('',(-0.435,-0.42,0.62));
#16007 = DIRECTION('',(0.,0.,1.));
#16008 = DIRECTION('',(1.,0.,-0.));
#16009 = ADVANCED_FACE('',(#16010),#16020,.F.);
#16010 = FACE_BOUND('',#16011,.F.);
#16011 = EDGE_LOOP('',(#16012,#16013,#16014,#16015,#16016,#16017,#16018,
    #16019));
#16012 = ORIENTED_EDGE('',*,*,#15837,.T.);
#16013 = ORIENTED_EDGE('',*,*,#15801,.T.);
#16014 = ORIENTED_EDGE('',*,*,#15770,.F.);
#16015 = ORIENTED_EDGE('',*,*,#15924,.F.);
#16016 = ORIENTED_EDGE('',*,*,#15949,.F.);
#16017 = ORIENTED_EDGE('',*,*,#15973,.T.);
#16018 = ORIENTED_EDGE('',*,*,#15891,.T.);
#16019 = ORIENTED_EDGE('',*,*,#15861,.F.);
#16020 = CYLINDRICAL_SURFACE('',#16021,0.21);
#16021 = AXIS2_PLACEMENT_3D('',#16022,#16023,#16024);
#16022 = CARTESIAN_POINT('',(-0.77,9.936496070395E-17,0.66));
#16023 = DIRECTION('',(0.,0.,1.));
#16024 = DIRECTION('',(1.110223024625E-16,1.,-0.));
#16025 = ( GEOMETRIC_REPRESENTATION_CONTEXT(3) 
GLOBAL_UNCERTAINTY_ASSIGNED_CONTEXT((#16029)) 
GLOBAL_UNIT_ASSIGNED_CONTEXT((#16026,#16027,#16028)) 
REPRESENTATION_CONTEXT('Context #1',
  '3D Context with UNIT and UNCERTAINTY') );
#16026 = ( LENGTH_UNIT() NAMED_UNIT(*) SI_UNIT(.MILLI.,.METRE.) );
#16027 = ( NAMED_UNIT(*) PLANE_ANGLE_UNIT() SI_UNIT($,.RADIAN.) );
#16028 = ( NAMED_UNIT(*) SI_UNIT($,.STERADIAN.) SOLID_ANGLE_UNIT() );
#16029 = UNCERTAINTY_MEASURE_WITH_UNIT(LENGTH_MEASURE(1.E-07),#16026,
  'distance_accuracy_value','confusion accuracy');
#16030 = CONTEXT_DEPENDENT_SHAPE_REPRESENTATION(#16031,#16033);
#16031 = ( REPRESENTATION_RELATIONSHIP('','',#14700,#10) 
REPRESENTATION_RELATIONSHIP_WITH_TRANSFORMATION(#16032) 
SHAPE_REPRESENTATION_RELATIONSHIP() );
#16032 = ITEM_DEFINED_TRANSFORMATION('','',#11,#87);
#16033 = PRODUCT_DEFINITION_SHAPE('Placement','Placement of an item',
  #16034);
#16034 = NEXT_ASSEMBLY_USAGE_OCCURRENCE('19','D4','',#5,#14695,$);
#16035 = PRODUCT_RELATED_PRODUCT_CATEGORY('part',$,(#14697));
#16036 = CONTEXT_DEPENDENT_SHAPE_REPRESENTATION(#16037,#16039);
#16037 = ( REPRESENTATION_RELATIONSHIP('','',#961,#10) 
REPRESENTATION_RELATIONSHIP_WITH_TRANSFORMATION(#16038) 
SHAPE_REPRESENTATION_RELATIONSHIP() );
#16038 = ITEM_DEFINED_TRANSFORMATION('','',#11,#91);
#16039 = PRODUCT_DEFINITION_SHAPE('Placement','Placement of an item',
  #16040);
#16040 = NEXT_ASSEMBLY_USAGE_OCCURRENCE('20','C11','',#5,#956,$);
#16041 = CONTEXT_DEPENDENT_SHAPE_REPRESENTATION(#16042,#16044);
#16042 = ( REPRESENTATION_RELATIONSHIP('','',#961,#10) 
REPRESENTATION_RELATIONSHIP_WITH_TRANSFORMATION(#16043) 
SHAPE_REPRESENTATION_RELATIONSHIP() );
#16043 = ITEM_DEFINED_TRANSFORMATION('','',#11,#95);
#16044 = PRODUCT_DEFINITION_SHAPE('Placement','Placement of an item',
  #16045);
#16045 = NEXT_ASSEMBLY_USAGE_OCCURRENCE('21','C7','',#5,#956,$);
#16046 = CONTEXT_DEPENDENT_SHAPE_REPRESENTATION(#16047,#16049);
#16047 = ( REPRESENTATION_RELATIONSHIP('','',#152,#10) 
REPRESENTATION_RELATIONSHIP_WITH_TRANSFORMATION(#16048) 
SHAPE_REPRESENTATION_RELATIONSHIP() );
#16048 = ITEM_DEFINED_TRANSFORMATION('','',#11,#99);
#16049 = PRODUCT_DEFINITION_SHAPE('Placement','Placement of an item',
  #16050);
#16050 = NEXT_ASSEMBLY_USAGE_OCCURRENCE('22','R1','',#5,#147,$);
#16051 = CONTEXT_DEPENDENT_SHAPE_REPRESENTATION(#16052,#16054);
#16052 = ( REPRESENTATION_RELATIONSHIP('','',#14700,#10) 
REPRESENTATION_RELATIONSHIP_WITH_TRANSFORMATION(#16053) 
SHAPE_REPRESENTATION_RELATIONSHIP() );
#16053 = ITEM_DEFINED_TRANSFORMATION('','',#11,#103);
#16054 = PRODUCT_DEFINITION_SHAPE('Placement','Placement of an item',
  #16055);
#16055 = NEXT_ASSEMBLY_USAGE_OCCURRENCE('23','D2','',#5,#14695,$);
#16056 = CONTEXT_DEPENDENT_SHAPE_REPRESENTATION(#16057,#16059);
#16057 = ( REPRESENTATION_RELATIONSHIP('','',#961,#10) 
REPRESENTATION_RELATIONSHIP_WITH_TRANSFORMATION(#16058) 
SHAPE_REPRESENTATION_RELATIONSHIP() );
#16058 = ITEM_DEFINED_TRANSFORMATION('','',#11,#107);
#16059 = PRODUCT_DEFINITION_SHAPE('Placement','Placement of an item',
  #16060);
#16060 = NEXT_ASSEMBLY_USAGE_OCCURRENCE('24','C8','',#5,#956,$);
#16061 = CONTEXT_DEPENDENT_SHAPE_REPRESENTATION(#16062,#16064);
#16062 = ( REPRESENTATION_RELATIONSHIP('','',#14700,#10) 
REPRESENTATION_RELATIONSHIP_WITH_TRANSFORMATION(#16063) 
SHAPE_REPRESENTATION_RELATIONSHIP() );
#16063 = ITEM_DEFINED_TRANSFORMATION('','',#11,#111);
#16064 = PRODUCT_DEFINITION_SHAPE('Placement','Placement of an item',
  #16065);
#16065 = NEXT_ASSEMBLY_USAGE_OCCURRENCE('25','D3','',#5,#14695,$);
#16066 = CONTEXT_DEPENDENT_SHAPE_REPRESENTATION(#16067,#16069);
#16067 = ( REPRESENTATION_RELATIONSHIP('','',#152,#10) 
REPRESENTATION_RELATIONSHIP_WITH_TRANSFORMATION(#16068) 
SHAPE_REPRESENTATION_RELATIONSHIP() );
#16068 = ITEM_DEFINED_TRANSFORMATION('','',#11,#115);
#16069 = PRODUCT_DEFINITION_SHAPE('Placement','Placement of an item',
  #16070);
#16070 = NEXT_ASSEMBLY_USAGE_OCCURRENCE('26','R4','',#5,#147,$);
#16071 = CONTEXT_DEPENDENT_SHAPE_REPRESENTATION(#16072,#16074);
#16072 = ( REPRESENTATION_RELATIONSHIP('','',#961,#10) 
REPRESENTATION_RELATIONSHIP_WITH_TRANSFORMATION(#16073) 
SHAPE_REPRESENTATION_RELATIONSHIP() );
#16073 = ITEM_DEFINED_TRANSFORMATION('','',#11,#119);
#16074 = PRODUCT_DEFINITION_SHAPE('Placement','Placement of an item',
  #16075);
#16075 = NEXT_ASSEMBLY_USAGE_OCCURRENCE('27','C1','',#5,#956,$);
#16076 = CONTEXT_DEPENDENT_SHAPE_REPRESENTATION(#16077,#16079);
#16077 = ( REPRESENTATION_RELATIONSHIP('','',#961,#10) 
REPRESENTATION_RELATIONSHIP_WITH_TRANSFORMATION(#16078) 
SHAPE_REPRESENTATION_RELATIONSHIP() );
#16078 = ITEM_DEFINED_TRANSFORMATION('','',#11,#123);
#16079 = PRODUCT_DEFINITION_SHAPE('Placement','Placement of an item',
  #16080);
#16080 = NEXT_ASSEMBLY_USAGE_OCCURRENCE('28','C10','',#5,#956,$);
#16081 = CONTEXT_DEPENDENT_SHAPE_REPRESENTATION(#16082,#16084);
#16082 = ( REPRESENTATION_RELATIONSHIP('','',#961,#10) 
REPRESENTATION_RELATIONSHIP_WITH_TRANSFORMATION(#16083) 
SHAPE_REPRESENTATION_RELATIONSHIP() );
#16083 = ITEM_DEFINED_TRANSFORMATION('','',#11,#127);
#16084 = PRODUCT_DEFINITION_SHAPE('Placement','Placement of an item',
  #16085);
#16085 = NEXT_ASSEMBLY_USAGE_OCCURRENCE('29','C9','',#5,#956,$);
#16086 = CONTEXT_DEPENDENT_SHAPE_REPRESENTATION(#16087,#16089);
#16087 = ( REPRESENTATION_RELATIONSHIP('','',#961,#10) 
REPRESENTATION_RELATIONSHIP_WITH_TRANSFORMATION(#16088) 
SHAPE_REPRESENTATION_RELATIONSHIP() );
#16088 = ITEM_DEFINED_TRANSFORMATION('','',#11,#131);
#16089 = PRODUCT_DEFINITION_SHAPE('Placement','Placement of an item',
  #16090);
#16090 = NEXT_ASSEMBLY_USAGE_OCCURRENCE('30','C4','',#5,#956,$);
#16091 = SHAPE_DEFINITION_REPRESENTATION(#16092,#16098);
#16092 = PRODUCT_DEFINITION_SHAPE('','',#16093);
#16093 = PRODUCT_DEFINITION('design','',#16094,#16097);
#16094 = PRODUCT_DEFINITION_FORMATION('','',#16095);
#16095 = PRODUCT('Optical_Tracking_Odometry_Sensor_PCB',
  'Optical_Tracking_Odometry_Sensor_PCB','',(#16096));
#16096 = PRODUCT_CONTEXT('',#2,'mechanical');
#16097 = PRODUCT_DEFINITION_CONTEXT('part definition',#2,'design');
#16098 = ADVANCED_BREP_SHAPE_REPRESENTATION('',(#11,#16099),#17059);
#16099 = MANIFOLD_SOLID_BREP('',#16100);
#16100 = CLOSED_SHELL('',(#16101,#16143,#16174,#16205,#16439,#16673,
    #16690,#16707,#16724,#16741,#16753,#16775,#16792,#16804,#16821,
    #16838,#16855,#16872,#16889,#16906,#16928,#16945,#16957,#16979,
    #16996,#17008,#17030,#17047));
#16101 = ADVANCED_FACE('',(#16102),#16138,.T.);
#16102 = FACE_BOUND('',#16103,.T.);
#16103 = EDGE_LOOP('',(#16104,#16114,#16123,#16131));
#16104 = ORIENTED_EDGE('',*,*,#16105,.T.);
#16105 = EDGE_CURVE('',#16106,#16108,#16110,.T.);
#16106 = VERTEX_POINT('',#16107);
#16107 = CARTESIAN_POINT('',(10.5,12.5,0.));
#16108 = VERTEX_POINT('',#16109);
#16109 = CARTESIAN_POINT('',(10.5,12.5,1.51));
#16110 = LINE('',#16111,#16112);
#16111 = CARTESIAN_POINT('',(10.5,12.5,0.));
#16112 = VECTOR('',#16113,1.);
#16113 = DIRECTION('',(0.,0.,1.));
#16114 = ORIENTED_EDGE('',*,*,#16115,.T.);
#16115 = EDGE_CURVE('',#16108,#16116,#16118,.T.);
#16116 = VERTEX_POINT('',#16117);
#16117 = CARTESIAN_POINT('',(12.5,10.5,1.51));
#16118 = CIRCLE('',#16119,1.99999850585);
#16119 = AXIS2_PLACEMENT_3D('',#16120,#16121,#16122);
#16120 = CARTESIAN_POINT('',(10.50000149415,10.50000149415,1.51));
#16121 = DIRECTION('',(0.,0.,-1.));
#16122 = DIRECTION('',(-7.47075740283E-07,1.,0.));
#16123 = ORIENTED_EDGE('',*,*,#16124,.F.);
#16124 = EDGE_CURVE('',#16125,#16116,#16127,.T.);
#16125 = VERTEX_POINT('',#16126);
#16126 = CARTESIAN_POINT('',(12.5,10.5,0.));
#16127 = LINE('',#16128,#16129);
#16128 = CARTESIAN_POINT('',(12.5,10.5,0.));
#16129 = VECTOR('',#16130,1.);
#16130 = DIRECTION('',(0.,0.,1.));
#16131 = ORIENTED_EDGE('',*,*,#16132,.F.);
#16132 = EDGE_CURVE('',#16106,#16125,#16133,.T.);
#16133 = CIRCLE('',#16134,1.99999850585);
#16134 = AXIS2_PLACEMENT_3D('',#16135,#16136,#16137);
#16135 = CARTESIAN_POINT('',(10.50000149415,10.50000149415,0.));
#16136 = DIRECTION('',(0.,0.,-1.));
#16137 = DIRECTION('',(-7.47075740283E-07,1.,0.));
#16138 = CYLINDRICAL_SURFACE('',#16139,1.99999850585);
#16139 = AXIS2_PLACEMENT_3D('',#16140,#16141,#16142);
#16140 = CARTESIAN_POINT('',(10.50000149415,10.50000149415,0.));
#16141 = DIRECTION('',(0.,0.,-1.));
#16142 = DIRECTION('',(-7.47075740283E-07,1.,0.));
#16143 = ADVANCED_FACE('',(#16144),#16169,.T.);
#16144 = FACE_BOUND('',#16145,.T.);
#16145 = EDGE_LOOP('',(#16146,#16156,#16162,#16163));
#16146 = ORIENTED_EDGE('',*,*,#16147,.T.);
#16147 = EDGE_CURVE('',#16148,#16150,#16152,.T.);
#16148 = VERTEX_POINT('',#16149);
#16149 = CARTESIAN_POINT('',(-10.5,12.5,0.));
#16150 = VERTEX_POINT('',#16151);
#16151 = CARTESIAN_POINT('',(-10.5,12.5,1.51));
#16152 = LINE('',#16153,#16154);
#16153 = CARTESIAN_POINT('',(-10.5,12.5,0.));
#16154 = VECTOR('',#16155,1.);
#16155 = DIRECTION('',(0.,0.,1.));
#16156 = ORIENTED_EDGE('',*,*,#16157,.T.);
#16157 = EDGE_CURVE('',#16150,#16108,#16158,.T.);
#16158 = LINE('',#16159,#16160);
#16159 = CARTESIAN_POINT('',(-10.5,12.5,1.51));
#16160 = VECTOR('',#16161,1.);
#16161 = DIRECTION('',(1.,0.,0.));
#16162 = ORIENTED_EDGE('',*,*,#16105,.F.);
#16163 = ORIENTED_EDGE('',*,*,#16164,.F.);
#16164 = EDGE_CURVE('',#16148,#16106,#16165,.T.);
#16165 = LINE('',#16166,#16167);
#16166 = CARTESIAN_POINT('',(-10.5,12.5,0.));
#16167 = VECTOR('',#16168,1.);
#16168 = DIRECTION('',(1.,0.,0.));
#16169 = PLANE('',#16170);
#16170 = AXIS2_PLACEMENT_3D('',#16171,#16172,#16173);
#16171 = CARTESIAN_POINT('',(-10.5,12.5,0.));
#16172 = DIRECTION('',(0.,1.,0.));
#16173 = DIRECTION('',(1.,0.,0.));
#16174 = ADVANCED_FACE('',(#16175),#16200,.T.);
#16175 = FACE_BOUND('',#16176,.T.);
#16176 = EDGE_LOOP('',(#16177,#16178,#16186,#16194));
#16177 = ORIENTED_EDGE('',*,*,#16124,.T.);
#16178 = ORIENTED_EDGE('',*,*,#16179,.T.);
#16179 = EDGE_CURVE('',#16116,#16180,#16182,.T.);
#16180 = VERTEX_POINT('',#16181);
#16181 = CARTESIAN_POINT('',(12.5,-10.5,1.51));
#16182 = LINE('',#16183,#16184);
#16183 = CARTESIAN_POINT('',(12.5,10.5,1.51));
#16184 = VECTOR('',#16185,1.);
#16185 = DIRECTION('',(0.,-1.,0.));
#16186 = ORIENTED_EDGE('',*,*,#16187,.F.);
#16187 = EDGE_CURVE('',#16188,#16180,#16190,.T.);
#16188 = VERTEX_POINT('',#16189);
#16189 = CARTESIAN_POINT('',(12.5,-10.5,0.));
#16190 = LINE('',#16191,#16192);
#16191 = CARTESIAN_POINT('',(12.5,-10.5,0.));
#16192 = VECTOR('',#16193,1.);
#16193 = DIRECTION('',(0.,0.,1.));
#16194 = ORIENTED_EDGE('',*,*,#16195,.F.);
#16195 = EDGE_CURVE('',#16125,#16188,#16196,.T.);
#16196 = LINE('',#16197,#16198);
#16197 = CARTESIAN_POINT('',(12.5,10.5,0.));
#16198 = VECTOR('',#16199,1.);
#16199 = DIRECTION('',(0.,-1.,0.));
#16200 = PLANE('',#16201);
#16201 = AXIS2_PLACEMENT_3D('',#16202,#16203,#16204);
#16202 = CARTESIAN_POINT('',(12.5,10.5,0.));
#16203 = DIRECTION('',(1.,0.,-0.));
#16204 = DIRECTION('',(0.,-1.,0.));
#16205 = ADVANCED_FACE('',(#16206,#16252,#16281,#16292,#16303,#16314,
    #16325,#16336,#16347,#16376,#16405),#16434,.F.);
#16206 = FACE_BOUND('',#16207,.F.);
#16207 = EDGE_LOOP('',(#16208,#16209,#16210,#16219,#16227,#16236,#16244,
    #16251));
#16208 = ORIENTED_EDGE('',*,*,#16132,.F.);
#16209 = ORIENTED_EDGE('',*,*,#16164,.F.);
#16210 = ORIENTED_EDGE('',*,*,#16211,.F.);
#16211 = EDGE_CURVE('',#16212,#16148,#16214,.T.);
#16212 = VERTEX_POINT('',#16213);
#16213 = CARTESIAN_POINT('',(-12.5,10.5,0.));
#16214 = CIRCLE('',#16215,1.99999850585);
#16215 = AXIS2_PLACEMENT_3D('',#16216,#16217,#16218);
#16216 = CARTESIAN_POINT('',(-10.50000149415,10.50000149415,0.));
#16217 = DIRECTION('',(0.,0.,-1.));
#16218 = DIRECTION('',(-1.,-7.47075740283E-07,-0.));
#16219 = ORIENTED_EDGE('',*,*,#16220,.F.);
#16220 = EDGE_CURVE('',#16221,#16212,#16223,.T.);
#16221 = VERTEX_POINT('',#16222);
#16222 = CARTESIAN_POINT('',(-12.5,-10.5,0.));
#16223 = LINE('',#16224,#16225);
#16224 = CARTESIAN_POINT('',(-12.5,-10.5,0.));
#16225 = VECTOR('',#16226,1.);
#16226 = DIRECTION('',(0.,1.,0.));
#16227 = ORIENTED_EDGE('',*,*,#16228,.F.);
#16228 = EDGE_CURVE('',#16229,#16221,#16231,.T.);
#16229 = VERTEX_POINT('',#16230);
#16230 = CARTESIAN_POINT('',(-10.5,-12.5,0.));
#16231 = CIRCLE('',#16232,1.99999850585);
#16232 = AXIS2_PLACEMENT_3D('',#16233,#16234,#16235);
#16233 = CARTESIAN_POINT('',(-10.50000149415,-10.50000149415,0.));
#16234 = DIRECTION('',(0.,0.,-1.));
#16235 = DIRECTION('',(7.47075740283E-07,-1.,0.));
#16236 = ORIENTED_EDGE('',*,*,#16237,.F.);
#16237 = EDGE_CURVE('',#16238,#16229,#16240,.T.);
#16238 = VERTEX_POINT('',#16239);
#16239 = CARTESIAN_POINT('',(10.5,-12.5,0.));
#16240 = LINE('',#16241,#16242);
#16241 = CARTESIAN_POINT('',(10.5,-12.5,0.));
#16242 = VECTOR('',#16243,1.);
#16243 = DIRECTION('',(-1.,0.,0.));
#16244 = ORIENTED_EDGE('',*,*,#16245,.F.);
#16245 = EDGE_CURVE('',#16188,#16238,#16246,.T.);
#16246 = CIRCLE('',#16247,1.99999850585);
#16247 = AXIS2_PLACEMENT_3D('',#16248,#16249,#16250);
#16248 = CARTESIAN_POINT('',(10.50000149415,-10.50000149415,0.));
#16249 = DIRECTION('',(0.,0.,-1.));
#16250 = DIRECTION('',(1.,7.47075740283E-07,0.));
#16251 = ORIENTED_EDGE('',*,*,#16195,.F.);
#16252 = FACE_BOUND('',#16253,.F.);
#16253 = EDGE_LOOP('',(#16254,#16265,#16274));
#16254 = ORIENTED_EDGE('',*,*,#16255,.T.);
#16255 = EDGE_CURVE('',#16256,#16258,#16260,.T.);
#16256 = VERTEX_POINT('',#16257);
#16257 = CARTESIAN_POINT('',(-8.897957013829,-11.22935033925,0.));
#16258 = VERTEX_POINT('',#16259);
#16259 = CARTESIAN_POINT('',(-10.1589,-11.8146,0.));
#16260 = CIRCLE('',#16261,1.651);
#16261 = AXIS2_PLACEMENT_3D('',#16262,#16263,#16264);
#16262 = CARTESIAN_POINT('',(-10.1589,-10.1636,0.));
#16263 = DIRECTION('',(-0.,0.,-1.));
#16264 = DIRECTION('',(-0.,-1.,0.));
#16265 = ORIENTED_EDGE('',*,*,#16266,.T.);
#16266 = EDGE_CURVE('',#16258,#16267,#16269,.T.);
#16267 = VERTEX_POINT('',#16268);
#16268 = CARTESIAN_POINT('',(-11.26094298617,-8.934249660743,0.));
#16269 = CIRCLE('',#16270,1.651);
#16270 = AXIS2_PLACEMENT_3D('',#16271,#16272,#16273);
#16271 = CARTESIAN_POINT('',(-10.1589,-10.1636,0.));
#16272 = DIRECTION('',(-0.,0.,-1.));
#16273 = DIRECTION('',(-0.,-1.,0.));
#16274 = ORIENTED_EDGE('',*,*,#16275,.T.);
#16275 = EDGE_CURVE('',#16267,#16256,#16276,.T.);
#16276 = CIRCLE('',#16277,1.651);
#16277 = AXIS2_PLACEMENT_3D('',#16278,#16279,#16280);
#16278 = CARTESIAN_POINT('',(-10.,-10.,0.));
#16279 = DIRECTION('',(-0.,0.,-1.));
#16280 = DIRECTION('',(-0.,-1.,0.));
#16281 = FACE_BOUND('',#16282,.F.);
#16282 = EDGE_LOOP('',(#16283));
#16283 = ORIENTED_EDGE('',*,*,#16284,.T.);
#16284 = EDGE_CURVE('',#16285,#16285,#16287,.T.);
#16285 = VERTEX_POINT('',#16286);
#16286 = CARTESIAN_POINT('',(-6.3489,-11.508,0.));
#16287 = CIRCLE('',#16288,0.508);
#16288 = AXIS2_PLACEMENT_3D('',#16289,#16290,#16291);
#16289 = CARTESIAN_POINT('',(-6.3489,-11.,0.));
#16290 = DIRECTION('',(-0.,0.,-1.));
#16291 = DIRECTION('',(-0.,-1.,0.));
#16292 = FACE_BOUND('',#16293,.F.);
#16293 = EDGE_LOOP('',(#16294));
#16294 = ORIENTED_EDGE('',*,*,#16295,.T.);
#16295 = EDGE_CURVE('',#16296,#16296,#16298,.T.);
#16296 = VERTEX_POINT('',#16297);
#16297 = CARTESIAN_POINT('',(-3.8089,-11.508,0.));
#16298 = CIRCLE('',#16299,0.508);
#16299 = AXIS2_PLACEMENT_3D('',#16300,#16301,#16302);
#16300 = CARTESIAN_POINT('',(-3.8089,-11.,0.));
#16301 = DIRECTION('',(-0.,0.,-1.));
#16302 = DIRECTION('',(8.741913579726E-16,-1.,-0.));
#16303 = FACE_BOUND('',#16304,.F.);
#16304 = EDGE_LOOP('',(#16305));
#16305 = ORIENTED_EDGE('',*,*,#16306,.T.);
#16306 = EDGE_CURVE('',#16307,#16307,#16309,.T.);
#16307 = VERTEX_POINT('',#16308);
#16308 = CARTESIAN_POINT('',(-1.2689,-11.508,0.));
#16309 = CIRCLE('',#16310,0.508);
#16310 = AXIS2_PLACEMENT_3D('',#16311,#16312,#16313);
#16311 = CARTESIAN_POINT('',(-1.2689,-11.,0.));
#16312 = DIRECTION('',(-0.,0.,-1.));
#16313 = DIRECTION('',(-0.,-1.,0.));
#16314 = FACE_BOUND('',#16315,.F.);
#16315 = EDGE_LOOP('',(#16316));
#16316 = ORIENTED_EDGE('',*,*,#16317,.T.);
#16317 = EDGE_CURVE('',#16318,#16318,#16320,.T.);
#16318 = VERTEX_POINT('',#16319);
#16319 = CARTESIAN_POINT('',(1.2711,-11.508,0.));
#16320 = CIRCLE('',#16321,0.508);
#16321 = AXIS2_PLACEMENT_3D('',#16322,#16323,#16324);
#16322 = CARTESIAN_POINT('',(1.2711,-11.,0.));
#16323 = DIRECTION('',(-0.,0.,-1.));
#16324 = DIRECTION('',(4.370956789863E-16,-1.,-0.));
#16325 = FACE_BOUND('',#16326,.F.);
#16326 = EDGE_LOOP('',(#16327));
#16327 = ORIENTED_EDGE('',*,*,#16328,.T.);
#16328 = EDGE_CURVE('',#16329,#16329,#16331,.T.);
#16329 = VERTEX_POINT('',#16330);
#16330 = CARTESIAN_POINT('',(3.8111,-11.508,0.));
#16331 = CIRCLE('',#16332,0.508);
#16332 = AXIS2_PLACEMENT_3D('',#16333,#16334,#16335);
#16333 = CARTESIAN_POINT('',(3.8111,-11.,0.));
#16334 = DIRECTION('',(-0.,0.,-1.));
#16335 = DIRECTION('',(8.741913579726E-16,-1.,-0.));
#16336 = FACE_BOUND('',#16337,.F.);
#16337 = EDGE_LOOP('',(#16338));
#16338 = ORIENTED_EDGE('',*,*,#16339,.T.);
#16339 = EDGE_CURVE('',#16340,#16340,#16342,.T.);
#16340 = VERTEX_POINT('',#16341);
#16341 = CARTESIAN_POINT('',(6.3511,-11.508,0.));
#16342 = CIRCLE('',#16343,0.508);
#16343 = AXIS2_PLACEMENT_3D('',#16344,#16345,#16346);
#16344 = CARTESIAN_POINT('',(6.3511,-11.,0.));
#16345 = DIRECTION('',(-0.,0.,-1.));
#16346 = DIRECTION('',(-0.,-1.,0.));
#16347 = FACE_BOUND('',#16348,.F.);
#16348 = EDGE_LOOP('',(#16349,#16360,#16369));
#16349 = ORIENTED_EDGE('',*,*,#16350,.T.);
#16350 = EDGE_CURVE('',#16351,#16353,#16355,.T.);
#16351 = VERTEX_POINT('',#16352);
#16352 = CARTESIAN_POINT('',(11.254089555627,-8.926193506042,0.));
#16353 = VERTEX_POINT('',#16354);
#16354 = CARTESIAN_POINT('',(10.1611,-11.8146,0.));
#16355 = CIRCLE('',#16356,1.651);
#16356 = AXIS2_PLACEMENT_3D('',#16357,#16358,#16359);
#16357 = CARTESIAN_POINT('',(10.1611,-10.1636,0.));
#16358 = DIRECTION('',(-0.,0.,-1.));
#16359 = DIRECTION('',(-0.,-1.,0.));
#16360 = ORIENTED_EDGE('',*,*,#16361,.T.);
#16361 = EDGE_CURVE('',#16353,#16362,#16364,.T.);
#16362 = VERTEX_POINT('',#16363);
#16363 = CARTESIAN_POINT('',(8.907010444373,-11.23740649395,0.));
#16364 = CIRCLE('',#16365,1.651);
#16365 = AXIS2_PLACEMENT_3D('',#16366,#16367,#16368);
#16366 = CARTESIAN_POINT('',(10.1611,-10.1636,0.));
#16367 = DIRECTION('',(-0.,0.,-1.));
#16368 = DIRECTION('',(-0.,-1.,0.));
#16369 = ORIENTED_EDGE('',*,*,#16370,.T.);
#16370 = EDGE_CURVE('',#16362,#16351,#16371,.T.);
#16371 = CIRCLE('',#16372,1.651);
#16372 = AXIS2_PLACEMENT_3D('',#16373,#16374,#16375);
#16373 = CARTESIAN_POINT('',(10.,-10.,0.));
#16374 = DIRECTION('',(-0.,0.,-1.));
#16375 = DIRECTION('',(-0.,-1.,0.));
#16376 = FACE_BOUND('',#16377,.F.);
#16377 = EDGE_LOOP('',(#16378,#16389,#16398));
#16378 = ORIENTED_EDGE('',*,*,#16379,.T.);
#16379 = EDGE_CURVE('',#16380,#16382,#16384,.T.);
#16380 = VERTEX_POINT('',#16381);
#16381 = CARTESIAN_POINT('',(-8.923952764615,11.252167459736,0.));
#16382 = VERTEX_POINT('',#16383);
#16383 = CARTESIAN_POINT('',(-10.,8.349,0.));
#16384 = CIRCLE('',#16385,1.651);
#16385 = AXIS2_PLACEMENT_3D('',#16386,#16387,#16388);
#16386 = CARTESIAN_POINT('',(-10.,10.,0.));
#16387 = DIRECTION('',(-0.,0.,-1.));
#16388 = DIRECTION('',(-0.,-1.,0.));
#16389 = ORIENTED_EDGE('',*,*,#16390,.T.);
#16390 = EDGE_CURVE('',#16382,#16391,#16393,.T.);
#16391 = VERTEX_POINT('',#16392);
#16392 = CARTESIAN_POINT('',(-11.23494723538,8.904232540264,0.));
#16393 = CIRCLE('',#16394,1.651);
#16394 = AXIS2_PLACEMENT_3D('',#16395,#16396,#16397);
#16395 = CARTESIAN_POINT('',(-10.,10.,0.));
#16396 = DIRECTION('',(-0.,0.,-1.));
#16397 = DIRECTION('',(-0.,-1.,0.));
#16398 = ORIENTED_EDGE('',*,*,#16399,.T.);
#16399 = EDGE_CURVE('',#16391,#16380,#16400,.T.);
#16400 = CIRCLE('',#16401,1.651);
#16401 = AXIS2_PLACEMENT_3D('',#16402,#16403,#16404);
#16402 = CARTESIAN_POINT('',(-10.1589,10.1564,0.));
#16403 = DIRECTION('',(-0.,0.,-1.));
#16404 = DIRECTION('',(-0.,-1.,0.));
#16405 = FACE_BOUND('',#16406,.F.);
#16406 = EDGE_LOOP('',(#16407,#16418,#16427));
#16407 = ORIENTED_EDGE('',*,*,#16408,.T.);
#16408 = EDGE_CURVE('',#16409,#16411,#16413,.T.);
#16409 = VERTEX_POINT('',#16410);
#16410 = CARTESIAN_POINT('',(11.227913787203,8.896356610496,0.));
#16411 = VERTEX_POINT('',#16412);
#16412 = CARTESIAN_POINT('',(10.,8.349,0.));
#16413 = CIRCLE('',#16414,1.651);
#16414 = AXIS2_PLACEMENT_3D('',#16415,#16416,#16417);
#16415 = CARTESIAN_POINT('',(10.,10.,0.));
#16416 = DIRECTION('',(-0.,0.,-1.));
#16417 = DIRECTION('',(-0.,-1.,0.));
#16418 = ORIENTED_EDGE('',*,*,#16419,.T.);
#16419 = EDGE_CURVE('',#16411,#16420,#16422,.T.);
#16420 = VERTEX_POINT('',#16421);
#16421 = CARTESIAN_POINT('',(8.933186212797,11.260043389504,0.));
#16422 = CIRCLE('',#16423,1.651);
#16423 = AXIS2_PLACEMENT_3D('',#16424,#16425,#16426);
#16424 = CARTESIAN_POINT('',(10.,10.,0.));
#16425 = DIRECTION('',(-0.,0.,-1.));
#16426 = DIRECTION('',(-0.,-1.,0.));
#16427 = ORIENTED_EDGE('',*,*,#16428,.T.);
#16428 = EDGE_CURVE('',#16420,#16409,#16429,.T.);
#16429 = CIRCLE('',#16430,1.651);
#16430 = AXIS2_PLACEMENT_3D('',#16431,#16432,#16433);
#16431 = CARTESIAN_POINT('',(10.1611,10.1564,0.));
#16432 = DIRECTION('',(-0.,0.,-1.));
#16433 = DIRECTION('',(-0.,-1.,0.));
#16434 = PLANE('',#16435);
#16435 = AXIS2_PLACEMENT_3D('',#16436,#16437,#16438);
#16436 = CARTESIAN_POINT('',(0.,0.,0.));
#16437 = DIRECTION('',(0.,0.,1.));
#16438 = DIRECTION('',(1.,0.,-0.));
#16439 = ADVANCED_FACE('',(#16440,#16486,#16515,#16526,#16537,#16548,
    #16559,#16570,#16581,#16610,#16639),#16668,.T.);
#16440 = FACE_BOUND('',#16441,.T.);
#16441 = EDGE_LOOP('',(#16442,#16443,#16444,#16453,#16461,#16470,#16478,
    #16485));
#16442 = ORIENTED_EDGE('',*,*,#16115,.F.);
#16443 = ORIENTED_EDGE('',*,*,#16157,.F.);
#16444 = ORIENTED_EDGE('',*,*,#16445,.F.);
#16445 = EDGE_CURVE('',#16446,#16150,#16448,.T.);
#16446 = VERTEX_POINT('',#16447);
#16447 = CARTESIAN_POINT('',(-12.5,10.5,1.51));
#16448 = CIRCLE('',#16449,1.99999850585);
#16449 = AXIS2_PLACEMENT_3D('',#16450,#16451,#16452);
#16450 = CARTESIAN_POINT('',(-10.50000149415,10.50000149415,1.51));
#16451 = DIRECTION('',(0.,0.,-1.));
#16452 = DIRECTION('',(-1.,-7.47075740283E-07,-0.));
#16453 = ORIENTED_EDGE('',*,*,#16454,.F.);
#16454 = EDGE_CURVE('',#16455,#16446,#16457,.T.);
#16455 = VERTEX_POINT('',#16456);
#16456 = CARTESIAN_POINT('',(-12.5,-10.5,1.51));
#16457 = LINE('',#16458,#16459);
#16458 = CARTESIAN_POINT('',(-12.5,-10.5,1.51));
#16459 = VECTOR('',#16460,1.);
#16460 = DIRECTION('',(0.,1.,0.));
#16461 = ORIENTED_EDGE('',*,*,#16462,.F.);
#16462 = EDGE_CURVE('',#16463,#16455,#16465,.T.);
#16463 = VERTEX_POINT('',#16464);
#16464 = CARTESIAN_POINT('',(-10.5,-12.5,1.51));
#16465 = CIRCLE('',#16466,1.99999850585);
#16466 = AXIS2_PLACEMENT_3D('',#16467,#16468,#16469);
#16467 = CARTESIAN_POINT('',(-10.50000149415,-10.50000149415,1.51));
#16468 = DIRECTION('',(0.,0.,-1.));
#16469 = DIRECTION('',(7.47075740283E-07,-1.,0.));
#16470 = ORIENTED_EDGE('',*,*,#16471,.F.);
#16471 = EDGE_CURVE('',#16472,#16463,#16474,.T.);
#16472 = VERTEX_POINT('',#16473);
#16473 = CARTESIAN_POINT('',(10.5,-12.5,1.51));
#16474 = LINE('',#16475,#16476);
#16475 = CARTESIAN_POINT('',(10.5,-12.5,1.51));
#16476 = VECTOR('',#16477,1.);
#16477 = DIRECTION('',(-1.,0.,0.));
#16478 = ORIENTED_EDGE('',*,*,#16479,.F.);
#16479 = EDGE_CURVE('',#16180,#16472,#16480,.T.);
#16480 = CIRCLE('',#16481,1.99999850585);
#16481 = AXIS2_PLACEMENT_3D('',#16482,#16483,#16484);
#16482 = CARTESIAN_POINT('',(10.50000149415,-10.50000149415,1.51));
#16483 = DIRECTION('',(0.,0.,-1.));
#16484 = DIRECTION('',(1.,7.47075740283E-07,0.));
#16485 = ORIENTED_EDGE('',*,*,#16179,.F.);
#16486 = FACE_BOUND('',#16487,.T.);
#16487 = EDGE_LOOP('',(#16488,#16499,#16508));
#16488 = ORIENTED_EDGE('',*,*,#16489,.T.);
#16489 = EDGE_CURVE('',#16490,#16492,#16494,.T.);
#16490 = VERTEX_POINT('',#16491);
#16491 = CARTESIAN_POINT('',(-8.897957013829,-11.22935033925,1.51));
#16492 = VERTEX_POINT('',#16493);
#16493 = CARTESIAN_POINT('',(-10.1589,-11.8146,1.51));
#16494 = CIRCLE('',#16495,1.651);
#16495 = AXIS2_PLACEMENT_3D('',#16496,#16497,#16498);
#16496 = CARTESIAN_POINT('',(-10.1589,-10.1636,1.51));
#16497 = DIRECTION('',(-0.,0.,-1.));
#16498 = DIRECTION('',(-0.,-1.,0.));
#16499 = ORIENTED_EDGE('',*,*,#16500,.T.);
#16500 = EDGE_CURVE('',#16492,#16501,#16503,.T.);
#16501 = VERTEX_POINT('',#16502);
#16502 = CARTESIAN_POINT('',(-11.26094298617,-8.934249660743,1.51));
#16503 = CIRCLE('',#16504,1.651);
#16504 = AXIS2_PLACEMENT_3D('',#16505,#16506,#16507);
#16505 = CARTESIAN_POINT('',(-10.1589,-10.1636,1.51));
#16506 = DIRECTION('',(-0.,0.,-1.));
#16507 = DIRECTION('',(-0.,-1.,0.));
#16508 = ORIENTED_EDGE('',*,*,#16509,.T.);
#16509 = EDGE_CURVE('',#16501,#16490,#16510,.T.);
#16510 = CIRCLE('',#16511,1.651);
#16511 = AXIS2_PLACEMENT_3D('',#16512,#16513,#16514);
#16512 = CARTESIAN_POINT('',(-10.,-10.,1.51));
#16513 = DIRECTION('',(-0.,0.,-1.));
#16514 = DIRECTION('',(-0.,-1.,0.));
#16515 = FACE_BOUND('',#16516,.T.);
#16516 = EDGE_LOOP('',(#16517));
#16517 = ORIENTED_EDGE('',*,*,#16518,.T.);
#16518 = EDGE_CURVE('',#16519,#16519,#16521,.T.);
#16519 = VERTEX_POINT('',#16520);
#16520 = CARTESIAN_POINT('',(-6.3489,-11.508,1.51));
#16521 = CIRCLE('',#16522,0.508);
#16522 = AXIS2_PLACEMENT_3D('',#16523,#16524,#16525);
#16523 = CARTESIAN_POINT('',(-6.3489,-11.,1.51));
#16524 = DIRECTION('',(-0.,0.,-1.));
#16525 = DIRECTION('',(-0.,-1.,0.));
#16526 = FACE_BOUND('',#16527,.T.);
#16527 = EDGE_LOOP('',(#16528));
#16528 = ORIENTED_EDGE('',*,*,#16529,.T.);
#16529 = EDGE_CURVE('',#16530,#16530,#16532,.T.);
#16530 = VERTEX_POINT('',#16531);
#16531 = CARTESIAN_POINT('',(-3.8089,-11.508,1.51));
#16532 = CIRCLE('',#16533,0.508);
#16533 = AXIS2_PLACEMENT_3D('',#16534,#16535,#16536);
#16534 = CARTESIAN_POINT('',(-3.8089,-11.,1.51));
#16535 = DIRECTION('',(-0.,0.,-1.));
#16536 = DIRECTION('',(8.741913579726E-16,-1.,-0.));
#16537 = FACE_BOUND('',#16538,.T.);
#16538 = EDGE_LOOP('',(#16539));
#16539 = ORIENTED_EDGE('',*,*,#16540,.T.);
#16540 = EDGE_CURVE('',#16541,#16541,#16543,.T.);
#16541 = VERTEX_POINT('',#16542);
#16542 = CARTESIAN_POINT('',(-1.2689,-11.508,1.51));
#16543 = CIRCLE('',#16544,0.508);
#16544 = AXIS2_PLACEMENT_3D('',#16545,#16546,#16547);
#16545 = CARTESIAN_POINT('',(-1.2689,-11.,1.51));
#16546 = DIRECTION('',(-0.,0.,-1.));
#16547 = DIRECTION('',(-0.,-1.,0.));
#16548 = FACE_BOUND('',#16549,.T.);
#16549 = EDGE_LOOP('',(#16550));
#16550 = ORIENTED_EDGE('',*,*,#16551,.T.);
#16551 = EDGE_CURVE('',#16552,#16552,#16554,.T.);
#16552 = VERTEX_POINT('',#16553);
#16553 = CARTESIAN_POINT('',(1.2711,-11.508,1.51));
#16554 = CIRCLE('',#16555,0.508);
#16555 = AXIS2_PLACEMENT_3D('',#16556,#16557,#16558);
#16556 = CARTESIAN_POINT('',(1.2711,-11.,1.51));
#16557 = DIRECTION('',(-0.,0.,-1.));
#16558 = DIRECTION('',(4.370956789863E-16,-1.,-0.));
#16559 = FACE_BOUND('',#16560,.T.);
#16560 = EDGE_LOOP('',(#16561));
#16561 = ORIENTED_EDGE('',*,*,#16562,.T.);
#16562 = EDGE_CURVE('',#16563,#16563,#16565,.T.);
#16563 = VERTEX_POINT('',#16564);
#16564 = CARTESIAN_POINT('',(3.8111,-11.508,1.51));
#16565 = CIRCLE('',#16566,0.508);
#16566 = AXIS2_PLACEMENT_3D('',#16567,#16568,#16569);
#16567 = CARTESIAN_POINT('',(3.8111,-11.,1.51));
#16568 = DIRECTION('',(-0.,0.,-1.));
#16569 = DIRECTION('',(8.741913579726E-16,-1.,-0.));
#16570 = FACE_BOUND('',#16571,.T.);
#16571 = EDGE_LOOP('',(#16572));
#16572 = ORIENTED_EDGE('',*,*,#16573,.T.);
#16573 = EDGE_CURVE('',#16574,#16574,#16576,.T.);
#16574 = VERTEX_POINT('',#16575);
#16575 = CARTESIAN_POINT('',(6.3511,-11.508,1.51));
#16576 = CIRCLE('',#16577,0.508);
#16577 = AXIS2_PLACEMENT_3D('',#16578,#16579,#16580);
#16578 = CARTESIAN_POINT('',(6.3511,-11.,1.51));
#16579 = DIRECTION('',(-0.,0.,-1.));
#16580 = DIRECTION('',(-0.,-1.,0.));
#16581 = FACE_BOUND('',#16582,.T.);
#16582 = EDGE_LOOP('',(#16583,#16594,#16603));
#16583 = ORIENTED_EDGE('',*,*,#16584,.T.);
#16584 = EDGE_CURVE('',#16585,#16587,#16589,.T.);
#16585 = VERTEX_POINT('',#16586);
#16586 = CARTESIAN_POINT('',(11.254089555627,-8.926193506042,1.51));
#16587 = VERTEX_POINT('',#16588);
#16588 = CARTESIAN_POINT('',(10.1611,-11.8146,1.51));
#16589 = CIRCLE('',#16590,1.651);
#16590 = AXIS2_PLACEMENT_3D('',#16591,#16592,#16593);
#16591 = CARTESIAN_POINT('',(10.1611,-10.1636,1.51));
#16592 = DIRECTION('',(-0.,0.,-1.));
#16593 = DIRECTION('',(-0.,-1.,0.));
#16594 = ORIENTED_EDGE('',*,*,#16595,.T.);
#16595 = EDGE_CURVE('',#16587,#16596,#16598,.T.);
#16596 = VERTEX_POINT('',#16597);
#16597 = CARTESIAN_POINT('',(8.907010444373,-11.23740649395,1.51));
#16598 = CIRCLE('',#16599,1.651);
#16599 = AXIS2_PLACEMENT_3D('',#16600,#16601,#16602);
#16600 = CARTESIAN_POINT('',(10.1611,-10.1636,1.51));
#16601 = DIRECTION('',(-0.,0.,-1.));
#16602 = DIRECTION('',(-0.,-1.,0.));
#16603 = ORIENTED_EDGE('',*,*,#16604,.T.);
#16604 = EDGE_CURVE('',#16596,#16585,#16605,.T.);
#16605 = CIRCLE('',#16606,1.651);
#16606 = AXIS2_PLACEMENT_3D('',#16607,#16608,#16609);
#16607 = CARTESIAN_POINT('',(10.,-10.,1.51));
#16608 = DIRECTION('',(-0.,0.,-1.));
#16609 = DIRECTION('',(-0.,-1.,0.));
#16610 = FACE_BOUND('',#16611,.T.);
#16611 = EDGE_LOOP('',(#16612,#16623,#16632));
#16612 = ORIENTED_EDGE('',*,*,#16613,.T.);
#16613 = EDGE_CURVE('',#16614,#16616,#16618,.T.);
#16614 = VERTEX_POINT('',#16615);
#16615 = CARTESIAN_POINT('',(-8.923952764615,11.252167459736,1.51));
#16616 = VERTEX_POINT('',#16617);
#16617 = CARTESIAN_POINT('',(-10.,8.349,1.51));
#16618 = CIRCLE('',#16619,1.651);
#16619 = AXIS2_PLACEMENT_3D('',#16620,#16621,#16622);
#16620 = CARTESIAN_POINT('',(-10.,10.,1.51));
#16621 = DIRECTION('',(-0.,0.,-1.));
#16622 = DIRECTION('',(-0.,-1.,0.));
#16623 = ORIENTED_EDGE('',*,*,#16624,.T.);
#16624 = EDGE_CURVE('',#16616,#16625,#16627,.T.);
#16625 = VERTEX_POINT('',#16626);
#16626 = CARTESIAN_POINT('',(-11.23494723538,8.904232540264,1.51));
#16627 = CIRCLE('',#16628,1.651);
#16628 = AXIS2_PLACEMENT_3D('',#16629,#16630,#16631);
#16629 = CARTESIAN_POINT('',(-10.,10.,1.51));
#16630 = DIRECTION('',(-0.,0.,-1.));
#16631 = DIRECTION('',(-0.,-1.,0.));
#16632 = ORIENTED_EDGE('',*,*,#16633,.T.);
#16633 = EDGE_CURVE('',#16625,#16614,#16634,.T.);
#16634 = CIRCLE('',#16635,1.651);
#16635 = AXIS2_PLACEMENT_3D('',#16636,#16637,#16638);
#16636 = CARTESIAN_POINT('',(-10.1589,10.1564,1.51));
#16637 = DIRECTION('',(-0.,0.,-1.));
#16638 = DIRECTION('',(-0.,-1.,0.));
#16639 = FACE_BOUND('',#16640,.T.);
#16640 = EDGE_LOOP('',(#16641,#16652,#16661));
#16641 = ORIENTED_EDGE('',*,*,#16642,.T.);
#16642 = EDGE_CURVE('',#16643,#16645,#16647,.T.);
#16643 = VERTEX_POINT('',#16644);
#16644 = CARTESIAN_POINT('',(11.227913787203,8.896356610496,1.51));
#16645 = VERTEX_POINT('',#16646);
#16646 = CARTESIAN_POINT('',(10.,8.349,1.51));
#16647 = CIRCLE('',#16648,1.651);
#16648 = AXIS2_PLACEMENT_3D('',#16649,#16650,#16651);
#16649 = CARTESIAN_POINT('',(10.,10.,1.51));
#16650 = DIRECTION('',(-0.,0.,-1.));
#16651 = DIRECTION('',(-0.,-1.,0.));
#16652 = ORIENTED_EDGE('',*,*,#16653,.T.);
#16653 = EDGE_CURVE('',#16645,#16654,#16656,.T.);
#16654 = VERTEX_POINT('',#16655);
#16655 = CARTESIAN_POINT('',(8.933186212797,11.260043389504,1.51));
#16656 = CIRCLE('',#16657,1.651);
#16657 = AXIS2_PLACEMENT_3D('',#16658,#16659,#16660);
#16658 = CARTESIAN_POINT('',(10.,10.,1.51));
#16659 = DIRECTION('',(-0.,0.,-1.));
#16660 = DIRECTION('',(-0.,-1.,0.));
#16661 = ORIENTED_EDGE('',*,*,#16662,.T.);
#16662 = EDGE_CURVE('',#16654,#16643,#16663,.T.);
#16663 = CIRCLE('',#16664,1.651);
#16664 = AXIS2_PLACEMENT_3D('',#16665,#16666,#16667);
#16665 = CARTESIAN_POINT('',(10.1611,10.1564,1.51));
#16666 = DIRECTION('',(-0.,0.,-1.));
#16667 = DIRECTION('',(-0.,-1.,0.));
#16668 = PLANE('',#16669);
#16669 = AXIS2_PLACEMENT_3D('',#16670,#16671,#16672);
#16670 = CARTESIAN_POINT('',(0.,0.,1.51));
#16671 = DIRECTION('',(0.,0.,1.));
#16672 = DIRECTION('',(1.,0.,-0.));
#16673 = ADVANCED_FACE('',(#16674),#16685,.T.);
#16674 = FACE_BOUND('',#16675,.T.);
#16675 = EDGE_LOOP('',(#16676,#16682,#16683,#16684));
#16676 = ORIENTED_EDGE('',*,*,#16677,.T.);
#16677 = EDGE_CURVE('',#16212,#16446,#16678,.T.);
#16678 = LINE('',#16679,#16680);
#16679 = CARTESIAN_POINT('',(-12.5,10.5,0.));
#16680 = VECTOR('',#16681,1.);
#16681 = DIRECTION('',(0.,0.,1.));
#16682 = ORIENTED_EDGE('',*,*,#16445,.T.);
#16683 = ORIENTED_EDGE('',*,*,#16147,.F.);
#16684 = ORIENTED_EDGE('',*,*,#16211,.F.);
#16685 = CYLINDRICAL_SURFACE('',#16686,1.99999850585);
#16686 = AXIS2_PLACEMENT_3D('',#16687,#16688,#16689);
#16687 = CARTESIAN_POINT('',(-10.50000149415,10.50000149415,0.));
#16688 = DIRECTION('',(0.,0.,-1.));
#16689 = DIRECTION('',(-1.,-7.47075740283E-07,-0.));
#16690 = ADVANCED_FACE('',(#16691),#16702,.T.);
#16691 = FACE_BOUND('',#16692,.T.);
#16692 = EDGE_LOOP('',(#16693,#16694,#16695,#16701));
#16693 = ORIENTED_EDGE('',*,*,#16187,.T.);
#16694 = ORIENTED_EDGE('',*,*,#16479,.T.);
#16695 = ORIENTED_EDGE('',*,*,#16696,.F.);
#16696 = EDGE_CURVE('',#16238,#16472,#16697,.T.);
#16697 = LINE('',#16698,#16699);
#16698 = CARTESIAN_POINT('',(10.5,-12.5,0.));
#16699 = VECTOR('',#16700,1.);
#16700 = DIRECTION('',(0.,0.,1.));
#16701 = ORIENTED_EDGE('',*,*,#16245,.F.);
#16702 = CYLINDRICAL_SURFACE('',#16703,1.99999850585);
#16703 = AXIS2_PLACEMENT_3D('',#16704,#16705,#16706);
#16704 = CARTESIAN_POINT('',(10.50000149415,-10.50000149415,0.));
#16705 = DIRECTION('',(0.,0.,-1.));
#16706 = DIRECTION('',(1.,7.47075740283E-07,0.));
#16707 = ADVANCED_FACE('',(#16708),#16719,.T.);
#16708 = FACE_BOUND('',#16709,.T.);
#16709 = EDGE_LOOP('',(#16710,#16716,#16717,#16718));
#16710 = ORIENTED_EDGE('',*,*,#16711,.T.);
#16711 = EDGE_CURVE('',#16221,#16455,#16712,.T.);
#16712 = LINE('',#16713,#16714);
#16713 = CARTESIAN_POINT('',(-12.5,-10.5,0.));
#16714 = VECTOR('',#16715,1.);
#16715 = DIRECTION('',(0.,0.,1.));
#16716 = ORIENTED_EDGE('',*,*,#16454,.T.);
#16717 = ORIENTED_EDGE('',*,*,#16677,.F.);
#16718 = ORIENTED_EDGE('',*,*,#16220,.F.);
#16719 = PLANE('',#16720);
#16720 = AXIS2_PLACEMENT_3D('',#16721,#16722,#16723);
#16721 = CARTESIAN_POINT('',(-12.5,-10.5,0.));
#16722 = DIRECTION('',(-1.,0.,0.));
#16723 = DIRECTION('',(0.,1.,0.));
#16724 = ADVANCED_FACE('',(#16725),#16736,.T.);
#16725 = FACE_BOUND('',#16726,.T.);
#16726 = EDGE_LOOP('',(#16727,#16728,#16729,#16735));
#16727 = ORIENTED_EDGE('',*,*,#16696,.T.);
#16728 = ORIENTED_EDGE('',*,*,#16471,.T.);
#16729 = ORIENTED_EDGE('',*,*,#16730,.F.);
#16730 = EDGE_CURVE('',#16229,#16463,#16731,.T.);
#16731 = LINE('',#16732,#16733);
#16732 = CARTESIAN_POINT('',(-10.5,-12.5,0.));
#16733 = VECTOR('',#16734,1.);
#16734 = DIRECTION('',(0.,0.,1.));
#16735 = ORIENTED_EDGE('',*,*,#16237,.F.);
#16736 = PLANE('',#16737);
#16737 = AXIS2_PLACEMENT_3D('',#16738,#16739,#16740);
#16738 = CARTESIAN_POINT('',(10.5,-12.5,0.));
#16739 = DIRECTION('',(0.,-1.,0.));
#16740 = DIRECTION('',(-1.,0.,0.));
#16741 = ADVANCED_FACE('',(#16742),#16748,.T.);
#16742 = FACE_BOUND('',#16743,.T.);
#16743 = EDGE_LOOP('',(#16744,#16745,#16746,#16747));
#16744 = ORIENTED_EDGE('',*,*,#16730,.T.);
#16745 = ORIENTED_EDGE('',*,*,#16462,.T.);
#16746 = ORIENTED_EDGE('',*,*,#16711,.F.);
#16747 = ORIENTED_EDGE('',*,*,#16228,.F.);
#16748 = CYLINDRICAL_SURFACE('',#16749,1.99999850585);
#16749 = AXIS2_PLACEMENT_3D('',#16750,#16751,#16752);
#16750 = CARTESIAN_POINT('',(-10.50000149415,-10.50000149415,0.));
#16751 = DIRECTION('',(0.,0.,-1.));
#16752 = DIRECTION('',(7.47075740283E-07,-1.,0.));
#16753 = ADVANCED_FACE('',(#16754),#16770,.F.);
#16754 = FACE_BOUND('',#16755,.T.);
#16755 = EDGE_LOOP('',(#16756,#16757,#16763,#16764));
#16756 = ORIENTED_EDGE('',*,*,#16255,.T.);
#16757 = ORIENTED_EDGE('',*,*,#16758,.T.);
#16758 = EDGE_CURVE('',#16258,#16492,#16759,.T.);
#16759 = LINE('',#16760,#16761);
#16760 = CARTESIAN_POINT('',(-10.1589,-11.8146,-4.6E-02));
#16761 = VECTOR('',#16762,1.);
#16762 = DIRECTION('',(0.,0.,1.));
#16763 = ORIENTED_EDGE('',*,*,#16489,.F.);
#16764 = ORIENTED_EDGE('',*,*,#16765,.T.);
#16765 = EDGE_CURVE('',#16490,#16256,#16766,.T.);
#16766 = LINE('',#16767,#16768);
#16767 = CARTESIAN_POINT('',(-8.897957013829,-11.22935033925,-4.6E-02));
#16768 = VECTOR('',#16769,1.);
#16769 = DIRECTION('',(-0.,-0.,-1.));
#16770 = CYLINDRICAL_SURFACE('',#16771,1.651);
#16771 = AXIS2_PLACEMENT_3D('',#16772,#16773,#16774);
#16772 = CARTESIAN_POINT('',(-10.1589,-10.1636,-4.6E-02));
#16773 = DIRECTION('',(-0.,-0.,-1.));
#16774 = DIRECTION('',(-0.,-1.,0.));
#16775 = ADVANCED_FACE('',(#16776),#16787,.F.);
#16776 = FACE_BOUND('',#16777,.T.);
#16777 = EDGE_LOOP('',(#16778,#16784,#16785,#16786));
#16778 = ORIENTED_EDGE('',*,*,#16779,.T.);
#16779 = EDGE_CURVE('',#16501,#16267,#16780,.T.);
#16780 = LINE('',#16781,#16782);
#16781 = CARTESIAN_POINT('',(-11.26094298617,-8.934249660743,-4.6E-02));
#16782 = VECTOR('',#16783,1.);
#16783 = DIRECTION('',(-0.,-0.,-1.));
#16784 = ORIENTED_EDGE('',*,*,#16275,.T.);
#16785 = ORIENTED_EDGE('',*,*,#16765,.F.);
#16786 = ORIENTED_EDGE('',*,*,#16509,.F.);
#16787 = CYLINDRICAL_SURFACE('',#16788,1.651);
#16788 = AXIS2_PLACEMENT_3D('',#16789,#16790,#16791);
#16789 = CARTESIAN_POINT('',(-10.,-10.,-4.6E-02));
#16790 = DIRECTION('',(-0.,-0.,-1.));
#16791 = DIRECTION('',(-0.,-1.,0.));
#16792 = ADVANCED_FACE('',(#16793),#16799,.F.);
#16793 = FACE_BOUND('',#16794,.T.);
#16794 = EDGE_LOOP('',(#16795,#16796,#16797,#16798));
#16795 = ORIENTED_EDGE('',*,*,#16758,.F.);
#16796 = ORIENTED_EDGE('',*,*,#16266,.T.);
#16797 = ORIENTED_EDGE('',*,*,#16779,.F.);
#16798 = ORIENTED_EDGE('',*,*,#16500,.F.);
#16799 = CYLINDRICAL_SURFACE('',#16800,1.651);
#16800 = AXIS2_PLACEMENT_3D('',#16801,#16802,#16803);
#16801 = CARTESIAN_POINT('',(-10.1589,-10.1636,-4.6E-02));
#16802 = DIRECTION('',(-0.,-0.,-1.));
#16803 = DIRECTION('',(-0.,-1.,0.));
#16804 = ADVANCED_FACE('',(#16805),#16816,.F.);
#16805 = FACE_BOUND('',#16806,.T.);
#16806 = EDGE_LOOP('',(#16807,#16808,#16814,#16815));
#16807 = ORIENTED_EDGE('',*,*,#16284,.T.);
#16808 = ORIENTED_EDGE('',*,*,#16809,.T.);
#16809 = EDGE_CURVE('',#16285,#16519,#16810,.T.);
#16810 = LINE('',#16811,#16812);
#16811 = CARTESIAN_POINT('',(-6.3489,-11.508,-4.6E-02));
#16812 = VECTOR('',#16813,1.);
#16813 = DIRECTION('',(0.,0.,1.));
#16814 = ORIENTED_EDGE('',*,*,#16518,.F.);
#16815 = ORIENTED_EDGE('',*,*,#16809,.F.);
#16816 = CYLINDRICAL_SURFACE('',#16817,0.508);
#16817 = AXIS2_PLACEMENT_3D('',#16818,#16819,#16820);
#16818 = CARTESIAN_POINT('',(-6.3489,-11.,-4.6E-02));
#16819 = DIRECTION('',(-0.,-0.,-1.));
#16820 = DIRECTION('',(-0.,-1.,0.));
#16821 = ADVANCED_FACE('',(#16822),#16833,.F.);
#16822 = FACE_BOUND('',#16823,.T.);
#16823 = EDGE_LOOP('',(#16824,#16825,#16831,#16832));
#16824 = ORIENTED_EDGE('',*,*,#16295,.T.);
#16825 = ORIENTED_EDGE('',*,*,#16826,.T.);
#16826 = EDGE_CURVE('',#16296,#16530,#16827,.T.);
#16827 = LINE('',#16828,#16829);
#16828 = CARTESIAN_POINT('',(-3.8089,-11.508,-4.6E-02));
#16829 = VECTOR('',#16830,1.);
#16830 = DIRECTION('',(0.,0.,1.));
#16831 = ORIENTED_EDGE('',*,*,#16529,.F.);
#16832 = ORIENTED_EDGE('',*,*,#16826,.F.);
#16833 = CYLINDRICAL_SURFACE('',#16834,0.508);
#16834 = AXIS2_PLACEMENT_3D('',#16835,#16836,#16837);
#16835 = CARTESIAN_POINT('',(-3.8089,-11.,-4.6E-02));
#16836 = DIRECTION('',(-0.,0.,-1.));
#16837 = DIRECTION('',(8.741913579726E-16,-1.,-0.));
#16838 = ADVANCED_FACE('',(#16839),#16850,.F.);
#16839 = FACE_BOUND('',#16840,.T.);
#16840 = EDGE_LOOP('',(#16841,#16842,#16848,#16849));
#16841 = ORIENTED_EDGE('',*,*,#16306,.T.);
#16842 = ORIENTED_EDGE('',*,*,#16843,.T.);
#16843 = EDGE_CURVE('',#16307,#16541,#16844,.T.);
#16844 = LINE('',#16845,#16846);
#16845 = CARTESIAN_POINT('',(-1.2689,-11.508,-4.6E-02));
#16846 = VECTOR('',#16847,1.);
#16847 = DIRECTION('',(0.,0.,1.));
#16848 = ORIENTED_EDGE('',*,*,#16540,.F.);
#16849 = ORIENTED_EDGE('',*,*,#16843,.F.);
#16850 = CYLINDRICAL_SURFACE('',#16851,0.508);
#16851 = AXIS2_PLACEMENT_3D('',#16852,#16853,#16854);
#16852 = CARTESIAN_POINT('',(-1.2689,-11.,-4.6E-02));
#16853 = DIRECTION('',(-0.,-0.,-1.));
#16854 = DIRECTION('',(-0.,-1.,0.));
#16855 = ADVANCED_FACE('',(#16856),#16867,.F.);
#16856 = FACE_BOUND('',#16857,.T.);
#16857 = EDGE_LOOP('',(#16858,#16859,#16865,#16866));
#16858 = ORIENTED_EDGE('',*,*,#16317,.T.);
#16859 = ORIENTED_EDGE('',*,*,#16860,.T.);
#16860 = EDGE_CURVE('',#16318,#16552,#16861,.T.);
#16861 = LINE('',#16862,#16863);
#16862 = CARTESIAN_POINT('',(1.2711,-11.508,-4.6E-02));
#16863 = VECTOR('',#16864,1.);
#16864 = DIRECTION('',(0.,0.,1.));
#16865 = ORIENTED_EDGE('',*,*,#16551,.F.);
#16866 = ORIENTED_EDGE('',*,*,#16860,.F.);
#16867 = CYLINDRICAL_SURFACE('',#16868,0.508);
#16868 = AXIS2_PLACEMENT_3D('',#16869,#16870,#16871);
#16869 = CARTESIAN_POINT('',(1.2711,-11.,-4.6E-02));
#16870 = DIRECTION('',(-0.,0.,-1.));
#16871 = DIRECTION('',(4.370956789863E-16,-1.,-0.));
#16872 = ADVANCED_FACE('',(#16873),#16884,.F.);
#16873 = FACE_BOUND('',#16874,.T.);
#16874 = EDGE_LOOP('',(#16875,#16876,#16882,#16883));
#16875 = ORIENTED_EDGE('',*,*,#16328,.T.);
#16876 = ORIENTED_EDGE('',*,*,#16877,.T.);
#16877 = EDGE_CURVE('',#16329,#16563,#16878,.T.);
#16878 = LINE('',#16879,#16880);
#16879 = CARTESIAN_POINT('',(3.8111,-11.508,-4.6E-02));
#16880 = VECTOR('',#16881,1.);
#16881 = DIRECTION('',(0.,0.,1.));
#16882 = ORIENTED_EDGE('',*,*,#16562,.F.);
#16883 = ORIENTED_EDGE('',*,*,#16877,.F.);
#16884 = CYLINDRICAL_SURFACE('',#16885,0.508);
#16885 = AXIS2_PLACEMENT_3D('',#16886,#16887,#16888);
#16886 = CARTESIAN_POINT('',(3.8111,-11.,-4.6E-02));
#16887 = DIRECTION('',(-0.,0.,-1.));
#16888 = DIRECTION('',(8.741913579726E-16,-1.,-0.));
#16889 = ADVANCED_FACE('',(#16890),#16901,.F.);
#16890 = FACE_BOUND('',#16891,.T.);
#16891 = EDGE_LOOP('',(#16892,#16893,#16899,#16900));
#16892 = ORIENTED_EDGE('',*,*,#16339,.T.);
#16893 = ORIENTED_EDGE('',*,*,#16894,.T.);
#16894 = EDGE_CURVE('',#16340,#16574,#16895,.T.);
#16895 = LINE('',#16896,#16897);
#16896 = CARTESIAN_POINT('',(6.3511,-11.508,-4.6E-02));
#16897 = VECTOR('',#16898,1.);
#16898 = DIRECTION('',(0.,0.,1.));
#16899 = ORIENTED_EDGE('',*,*,#16573,.F.);
#16900 = ORIENTED_EDGE('',*,*,#16894,.F.);
#16901 = CYLINDRICAL_SURFACE('',#16902,0.508);
#16902 = AXIS2_PLACEMENT_3D('',#16903,#16904,#16905);
#16903 = CARTESIAN_POINT('',(6.3511,-11.,-4.6E-02));
#16904 = DIRECTION('',(-0.,-0.,-1.));
#16905 = DIRECTION('',(-0.,-1.,0.));
#16906 = ADVANCED_FACE('',(#16907),#16923,.F.);
#16907 = FACE_BOUND('',#16908,.T.);
#16908 = EDGE_LOOP('',(#16909,#16910,#16916,#16917));
#16909 = ORIENTED_EDGE('',*,*,#16350,.T.);
#16910 = ORIENTED_EDGE('',*,*,#16911,.T.);
#16911 = EDGE_CURVE('',#16353,#16587,#16912,.T.);
#16912 = LINE('',#16913,#16914);
#16913 = CARTESIAN_POINT('',(10.1611,-11.8146,-4.6E-02));
#16914 = VECTOR('',#16915,1.);
#16915 = DIRECTION('',(0.,0.,1.));
#16916 = ORIENTED_EDGE('',*,*,#16584,.F.);
#16917 = ORIENTED_EDGE('',*,*,#16918,.T.);
#16918 = EDGE_CURVE('',#16585,#16351,#16919,.T.);
#16919 = LINE('',#16920,#16921);
#16920 = CARTESIAN_POINT('',(11.254089555627,-8.926193506042,-4.6E-02));
#16921 = VECTOR('',#16922,1.);
#16922 = DIRECTION('',(-0.,-0.,-1.));
#16923 = CYLINDRICAL_SURFACE('',#16924,1.651);
#16924 = AXIS2_PLACEMENT_3D('',#16925,#16926,#16927);
#16925 = CARTESIAN_POINT('',(10.1611,-10.1636,-4.6E-02));
#16926 = DIRECTION('',(-0.,-0.,-1.));
#16927 = DIRECTION('',(-0.,-1.,0.));
#16928 = ADVANCED_FACE('',(#16929),#16940,.F.);
#16929 = FACE_BOUND('',#16930,.T.);
#16930 = EDGE_LOOP('',(#16931,#16937,#16938,#16939));
#16931 = ORIENTED_EDGE('',*,*,#16932,.T.);
#16932 = EDGE_CURVE('',#16596,#16362,#16933,.T.);
#16933 = LINE('',#16934,#16935);
#16934 = CARTESIAN_POINT('',(8.907010444373,-11.23740649395,-4.6E-02));
#16935 = VECTOR('',#16936,1.);
#16936 = DIRECTION('',(-0.,-0.,-1.));
#16937 = ORIENTED_EDGE('',*,*,#16370,.T.);
#16938 = ORIENTED_EDGE('',*,*,#16918,.F.);
#16939 = ORIENTED_EDGE('',*,*,#16604,.F.);
#16940 = CYLINDRICAL_SURFACE('',#16941,1.651);
#16941 = AXIS2_PLACEMENT_3D('',#16942,#16943,#16944);
#16942 = CARTESIAN_POINT('',(10.,-10.,-4.6E-02));
#16943 = DIRECTION('',(-0.,-0.,-1.));
#16944 = DIRECTION('',(-0.,-1.,0.));
#16945 = ADVANCED_FACE('',(#16946),#16952,.F.);
#16946 = FACE_BOUND('',#16947,.T.);
#16947 = EDGE_LOOP('',(#16948,#16949,#16950,#16951));
#16948 = ORIENTED_EDGE('',*,*,#16911,.F.);
#16949 = ORIENTED_EDGE('',*,*,#16361,.T.);
#16950 = ORIENTED_EDGE('',*,*,#16932,.F.);
#16951 = ORIENTED_EDGE('',*,*,#16595,.F.);
#16952 = CYLINDRICAL_SURFACE('',#16953,1.651);
#16953 = AXIS2_PLACEMENT_3D('',#16954,#16955,#16956);
#16954 = CARTESIAN_POINT('',(10.1611,-10.1636,-4.6E-02));
#16955 = DIRECTION('',(-0.,-0.,-1.));
#16956 = DIRECTION('',(-0.,-1.,0.));
#16957 = ADVANCED_FACE('',(#16958),#16974,.F.);
#16958 = FACE_BOUND('',#16959,.T.);
#16959 = EDGE_LOOP('',(#16960,#16961,#16967,#16968));
#16960 = ORIENTED_EDGE('',*,*,#16379,.T.);
#16961 = ORIENTED_EDGE('',*,*,#16962,.T.);
#16962 = EDGE_CURVE('',#16382,#16616,#16963,.T.);
#16963 = LINE('',#16964,#16965);
#16964 = CARTESIAN_POINT('',(-10.,8.349,-4.6E-02));
#16965 = VECTOR('',#16966,1.);
#16966 = DIRECTION('',(0.,0.,1.));
#16967 = ORIENTED_EDGE('',*,*,#16613,.F.);
#16968 = ORIENTED_EDGE('',*,*,#16969,.T.);
#16969 = EDGE_CURVE('',#16614,#16380,#16970,.T.);
#16970 = LINE('',#16971,#16972);
#16971 = CARTESIAN_POINT('',(-8.923952764615,11.252167459736,-4.6E-02));
#16972 = VECTOR('',#16973,1.);
#16973 = DIRECTION('',(-0.,-0.,-1.));
#16974 = CYLINDRICAL_SURFACE('',#16975,1.651);
#16975 = AXIS2_PLACEMENT_3D('',#16976,#16977,#16978);
#16976 = CARTESIAN_POINT('',(-10.,10.,-4.6E-02));
#16977 = DIRECTION('',(-0.,-0.,-1.));
#16978 = DIRECTION('',(-0.,-1.,0.));
#16979 = ADVANCED_FACE('',(#16980),#16991,.F.);
#16980 = FACE_BOUND('',#16981,.T.);
#16981 = EDGE_LOOP('',(#16982,#16988,#16989,#16990));
#16982 = ORIENTED_EDGE('',*,*,#16983,.T.);
#16983 = EDGE_CURVE('',#16625,#16391,#16984,.T.);
#16984 = LINE('',#16985,#16986);
#16985 = CARTESIAN_POINT('',(-11.23494723538,8.904232540264,-4.6E-02));
#16986 = VECTOR('',#16987,1.);
#16987 = DIRECTION('',(-0.,-0.,-1.));
#16988 = ORIENTED_EDGE('',*,*,#16399,.T.);
#16989 = ORIENTED_EDGE('',*,*,#16969,.F.);
#16990 = ORIENTED_EDGE('',*,*,#16633,.F.);
#16991 = CYLINDRICAL_SURFACE('',#16992,1.651);
#16992 = AXIS2_PLACEMENT_3D('',#16993,#16994,#16995);
#16993 = CARTESIAN_POINT('',(-10.1589,10.1564,-4.6E-02));
#16994 = DIRECTION('',(-0.,-0.,-1.));
#16995 = DIRECTION('',(-0.,-1.,0.));
#16996 = ADVANCED_FACE('',(#16997),#17003,.F.);
#16997 = FACE_BOUND('',#16998,.T.);
#16998 = EDGE_LOOP('',(#16999,#17000,#17001,#17002));
#16999 = ORIENTED_EDGE('',*,*,#16962,.F.);
#17000 = ORIENTED_EDGE('',*,*,#16390,.T.);
#17001 = ORIENTED_EDGE('',*,*,#16983,.F.);
#17002 = ORIENTED_EDGE('',*,*,#16624,.F.);
#17003 = CYLINDRICAL_SURFACE('',#17004,1.651);
#17004 = AXIS2_PLACEMENT_3D('',#17005,#17006,#17007);
#17005 = CARTESIAN_POINT('',(-10.,10.,-4.6E-02));
#17006 = DIRECTION('',(-0.,-0.,-1.));
#17007 = DIRECTION('',(-0.,-1.,0.));
#17008 = ADVANCED_FACE('',(#17009),#17025,.F.);
#17009 = FACE_BOUND('',#17010,.T.);
#17010 = EDGE_LOOP('',(#17011,#17012,#17018,#17019));
#17011 = ORIENTED_EDGE('',*,*,#16408,.T.);
#17012 = ORIENTED_EDGE('',*,*,#17013,.T.);
#17013 = EDGE_CURVE('',#16411,#16645,#17014,.T.);
#17014 = LINE('',#17015,#17016);
#17015 = CARTESIAN_POINT('',(10.,8.349,-4.6E-02));
#17016 = VECTOR('',#17017,1.);
#17017 = DIRECTION('',(0.,0.,1.));
#17018 = ORIENTED_EDGE('',*,*,#16642,.F.);
#17019 = ORIENTED_EDGE('',*,*,#17020,.T.);
#17020 = EDGE_CURVE('',#16643,#16409,#17021,.T.);
#17021 = LINE('',#17022,#17023);
#17022 = CARTESIAN_POINT('',(11.227913787203,8.896356610496,-4.6E-02));
#17023 = VECTOR('',#17024,1.);
#17024 = DIRECTION('',(-0.,-0.,-1.));
#17025 = CYLINDRICAL_SURFACE('',#17026,1.651);
#17026 = AXIS2_PLACEMENT_3D('',#17027,#17028,#17029);
#17027 = CARTESIAN_POINT('',(10.,10.,-4.6E-02));
#17028 = DIRECTION('',(-0.,-0.,-1.));
#17029 = DIRECTION('',(-0.,-1.,0.));
#17030 = ADVANCED_FACE('',(#17031),#17042,.F.);
#17031 = FACE_BOUND('',#17032,.T.);
#17032 = EDGE_LOOP('',(#17033,#17039,#17040,#17041));
#17033 = ORIENTED_EDGE('',*,*,#17034,.T.);
#17034 = EDGE_CURVE('',#16654,#16420,#17035,.T.);
#17035 = LINE('',#17036,#17037);
#17036 = CARTESIAN_POINT('',(8.933186212797,11.260043389504,-4.6E-02));
#17037 = VECTOR('',#17038,1.);
#17038 = DIRECTION('',(-0.,-0.,-1.));
#17039 = ORIENTED_EDGE('',*,*,#16428,.T.);
#17040 = ORIENTED_EDGE('',*,*,#17020,.F.);
#17041 = ORIENTED_EDGE('',*,*,#16662,.F.);
#17042 = CYLINDRICAL_SURFACE('',#17043,1.651);
#17043 = AXIS2_PLACEMENT_3D('',#17044,#17045,#17046);
#17044 = CARTESIAN_POINT('',(10.1611,10.1564,-4.6E-02));
#17045 = DIRECTION('',(-0.,-0.,-1.));
#17046 = DIRECTION('',(-0.,-1.,0.));
#17047 = ADVANCED_FACE('',(#17048),#17054,.F.);
#17048 = FACE_BOUND('',#17049,.T.);
#17049 = EDGE_LOOP('',(#17050,#17051,#17052,#17053));
#17050 = ORIENTED_EDGE('',*,*,#17013,.F.);
#17051 = ORIENTED_EDGE('',*,*,#16419,.T.);
#17052 = ORIENTED_EDGE('',*,*,#17034,.F.);
#17053 = ORIENTED_EDGE('',*,*,#16653,.F.);
#17054 = CYLINDRICAL_SURFACE('',#17055,1.651);
#17055 = AXIS2_PLACEMENT_3D('',#17056,#17057,#17058);
#17056 = CARTESIAN_POINT('',(10.,10.,-4.6E-02));
#17057 = DIRECTION('',(-0.,-0.,-1.));
#17058 = DIRECTION('',(-0.,-1.,0.));
#17059 = ( GEOMETRIC_REPRESENTATION_CONTEXT(3) 
GLOBAL_UNCERTAINTY_ASSIGNED_CONTEXT((#17063)) 
GLOBAL_UNIT_ASSIGNED_CONTEXT((#17060,#17061,#17062)) 
REPRESENTATION_CONTEXT('Context #1',
  '3D Context with UNIT and UNCERTAINTY') );
#17060 = ( LENGTH_UNIT() NAMED_UNIT(*) SI_UNIT(.MILLI.,.METRE.) );
#17061 = ( NAMED_UNIT(*) PLANE_ANGLE_UNIT() SI_UNIT($,.RADIAN.) );
#17062 = ( NAMED_UNIT(*) SI_UNIT($,.STERADIAN.) SOLID_ANGLE_UNIT() );
#17063 = UNCERTAINTY_MEASURE_WITH_UNIT(LENGTH_MEASURE(1.E-07),#17060,
  'distance_accuracy_value','confusion accuracy');
#17064 = CONTEXT_DEPENDENT_SHAPE_REPRESENTATION(#17065,#17067);
#17065 = ( REPRESENTATION_RELATIONSHIP('','',#16098,#10) 
REPRESENTATION_RELATIONSHIP_WITH_TRANSFORMATION(#17066) 
SHAPE_REPRESENTATION_RELATIONSHIP() );
#17066 = ITEM_DEFINED_TRANSFORMATION('','',#11,#135);
#17067 = PRODUCT_DEFINITION_SHAPE('Placement','Placement of an item',
  #17068);
#17068 = NEXT_ASSEMBLY_USAGE_OCCURRENCE('31','=>[0:1:1:10]','',#5,#16093
  ,$);
#17069 = PRODUCT_RELATED_PRODUCT_CATEGORY('part',$,(#16095));
#17070 = MECHANICAL_DESIGN_GEOMETRIC_PRESENTATION_REPRESENTATION('',(
    #17071),#17059);
#17071 = STYLED_ITEM('color',(#17072),#16099);
#17072 = PRESENTATION_STYLE_ASSIGNMENT((#17073));
#17073 = SURFACE_STYLE_USAGE(.BOTH.,#17074);
#17074 = SURFACE_SIDE_STYLE('',(#17075));
#17075 = SURFACE_STYLE_FILL_AREA(#17076);
#17076 = FILL_AREA_STYLE('',(#17077));
#17077 = FILL_AREA_STYLE_COLOUR('',#17078);
#17078 = COLOUR_RGB('',0.313304153717,0.484529207832,0.410020903123);
ENDSEC;
END-ISO-10303-21;
